run,mode,t_s,x_m,y_m,yaw_deg,heading_error_deg,cross_track_m,cross_track_vel_mps,cross_track_accel_mps2,along_track_m,left_thrust_N,right_thrust_N
1,no_pid,0.000,0.0137,0.0014,0.069,-0.069,0.0014,0.0000,0.0000,0.0137,2.500,2.500
1,no_pid,0.050,0.0152,0.0014,0.077,-0.077,0.0014,0.0001,0.0002,0.0152,2.500,2.500
1,no_pid,0.101,0.0174,0.0015,0.085,-0.085,0.0015,0.0002,0.0004,0.0174,2.500,2.500
1,no_pid,0.151,0.0193,0.0018,0.089,-0.089,0.0018,0.0008,0.0015,0.0193,2.500,2.500
1,no_pid,0.201,0.0291,0.0031,0.091,-0.091,0.0031,0.0031,0.0055,0.0291,2.500,2.500
1,no_pid,0.251,0.0541,0.0046,0.097,-0.097,0.0046,0.0055,0.0093,0.0541,2.500,2.500
1,no_pid,0.302,0.0658,0.0051,0.100,-0.100,0.0051,0.0059,0.0092,0.0658,2.500,2.500
1,no_pid,0.432,0.2171,0.0078,0.159,-0.159,0.0078,0.0090,0.0121,0.2171,2.500,2.500
1,no_pid,0.483,0.2650,0.0079,0.194,-0.194,0.0079,0.0083,0.0098,0.2650,2.500,2.500
1,no_pid,0.533,0.3516,0.0081,0.256,-0.256,0.0081,0.0079,0.0082,0.3516,2.500,2.500
1,no_pid,0.583,0.4429,0.0080,0.337,-0.337,0.0080,0.0071,0.0059,0.4429,2.500,2.500
1,no_pid,0.633,0.5338,0.0073,0.422,-0.422,0.0073,0.0051,0.0019,0.5338,2.500,2.500
1,no_pid,0.684,0.6395,0.0060,0.485,-0.485,0.0060,0.0022,-0.0036,0.6395,2.500,2.500
1,no_pid,0.734,0.7135,0.0046,0.496,-0.496,0.0046,-0.0005,-0.0081,0.7135,2.500,2.500
1,no_pid,0.784,0.8240,0.0028,0.469,-0.469,0.0028,-0.0038,-0.0134,0.8240,2.500,2.500
1,no_pid,0.835,0.9325,0.0016,0.405,-0.405,0.0016,-0.0056,-0.0155,0.9325,2.500,2.500
1,no_pid,0.885,1.0594,0.0013,0.291,-0.291,0.0013,-0.0055,-0.0139,1.0594,2.500,2.500
1,no_pid,0.935,1.1933,0.0030,0.143,-0.143,0.0030,-0.0019,-0.0061,1.1933,2.500,2.500
1,no_pid,0.986,1.3186,0.0066,0.002,-0.002,0.0066,0.0048,0.0066,1.3186,2.500,2.500
1,no_pid,1.036,1.4207,0.0103,-0.095,0.095,0.0103,0.0111,0.0174,1.4207,2.500,2.500
1,no_pid,1.087,1.5804,0.0166,-0.195,0.195,0.0166,0.0214,0.0346,1.5804,2.500,2.500
1,no_pid,1.137,1.7354,0.0228,-0.212,0.212,0.0228,0.0308,0.0484,1.7354,2.500,2.500
1,no_pid,1.187,1.8793,0.0294,-0.157,0.157,0.0294,0.0398,0.0605,1.8793,2.500,2.500
1,no_pid,1.238,2.0403,0.0370,-0.029,0.029,0.0370,0.0500,0.0735,2.0403,2.500,2.500
1,no_pid,1.288,2.2059,0.0445,0.141,-0.141,0.0445,0.0591,0.0832,2.2059,2.500,2.500
1,no_pid,1.338,2.3584,0.0510,0.310,-0.310,0.0510,0.0655,0.0874,2.3584,2.500,2.500
1,no_pid,1.388,2.4804,0.0559,0.451,-0.451,0.0559,0.0686,0.0849,2.4804,2.500,2.500
1,no_pid,1.439,2.6496,0.0624,0.672,-0.672,0.0624,0.0741,0.0871,2.6496,2.500,2.500
1,no_pid,1.489,2.8353,0.0693,0.974,-0.974,0.0693,0.0798,0.0896,2.8353,2.500,2.500
1,no_pid,1.540,3.0015,0.0749,1.263,-1.263,0.0749,0.0826,0.0865,3.0015,2.500,2.500
1,no_pid,1.590,3.1959,0.0792,1.587,-1.587,0.0792,0.0830,0.0792,3.1959,2.500,2.500
1,no_pid,1.640,3.3288,0.0787,1.831,-1.831,0.0787,0.0744,0.0564,3.3288,2.500,2.500
1,no_pid,1.690,3.4947,0.0698,2.195,-2.195,0.0698,0.0515,0.0096,3.4947,2.500,2.500
1,no_pid,1.741,3.6229,0.0549,2.566,-2.566,0.0549,0.0197,-0.0491,3.6229,2.500,2.500
1,no_pid,1.791,3.7274,0.0376,2.991,-2.991,0.0376,-0.0135,-0.1049,3.7274,2.500,2.500
1,no_pid,1.841,3.7997,0.0232,3.406,-3.406,0.0232,-0.0385,-0.1408,3.7997,2.500,2.500
1,no_pid,1.891,3.8527,0.0114,3.816,-3.816,0.0114,-0.0564,-0.1604,3.8527,2.500,2.500
1,no_pid,1.942,3.8940,0.0022,4.215,-4.215,0.0022,-0.0680,-0.1668,3.8940,2.500,2.500
1,no_pid,1.992,3.9232,-0.0034,4.530,-4.530,-0.0034,-0.0719,-0.1586,3.9232,2.500,2.500
1,no_pid,2.043,3.9616,-0.0082,4.952,-4.952,-0.0082,-0.0740,-0.1480,3.9616,2.500,2.500
1,no_pid,2.093,4.0026,-0.0102,5.400,-5.400,-0.0102,-0.0709,-0.1288,4.0026,2.500,2.500
1,no_pid,2.143,4.0578,-0.0094,6.005,-6.005,-0.0094,-0.0631,-0.1027,4.0578,2.500,2.500
1,no_pid,2.193,4.0918,-0.0074,6.379,-6.379,-0.0074,-0.0536,-0.0762,4.0918,2.500,2.500
1,no_pid,2.244,4.1446,-0.0027,6.948,-6.948,-0.0027,-0.0401,-0.0447,4.1446,2.500,2.500
1,no_pid,2.294,4.1928,0.0024,7.439,-7.439,0.0024,-0.0272,-0.0171,4.1928,2.500,2.500
1,no_pid,2.345,4.2451,0.0081,7.927,-7.927,0.0081,-0.0144,0.0076,4.2451,2.500,2.500
1,no_pid,2.395,4.3015,0.0140,8.387,-8.387,0.0140,-0.0022,0.0291,4.3015,2.500,2.500
1,no_pid,2.445,4.3517,0.0195,8.723,-8.723,0.0195,0.0078,0.0447,4.3517,2.500,2.500
1,no_pid,2.496,4.4170,0.0271,9.038,-9.038,0.0271,0.0210,0.0646,4.4170,2.500,2.500
1,no_pid,2.546,4.4600,0.0326,9.172,-9.172,0.0326,0.0291,0.0734,4.4600,2.500,2.500
1,no_pid,2.596,4.5119,0.0396,9.269,-9.269,0.0396,0.0392,0.0850,4.5119,2.500,2.500
1,no_pid,2.647,4.5613,0.0466,9.297,-9.297,0.0466,0.0482,0.0936,4.5613,2.500,2.500
1,no_pid,2.697,4.6098,0.0537,9.259,-9.259,0.0537,0.0567,0.1005,4.6098,2.500,2.500
1,no_pid,2.747,4.6500,0.0600,9.183,-9.183,0.0600,0.0631,0.1029,4.6500,2.500,2.500
1,no_pid,2.798,4.6818,0.0656,9.107,-9.107,0.0656,0.0675,0.1015,4.6818,2.500,2.500
1,no_pid,2.848,4.7196,0.0732,9.021,-9.021,0.0732,0.0750,0.1060,4.7196,2.500,2.500
1,no_pid,2.898,4.7437,0.0788,8.983,-8.983,0.0788,0.0784,0.1025,4.7437,2.500,2.500
1,no_pid,2.948,4.7770,0.0883,8.973,-8.973,0.0883,0.0885,0.1114,4.7770,2.500,2.500
1,no_pid,2.999,4.8078,0.0996,9.034,-9.034,0.0996,0.1009,0.1238,4.8078,2.500,2.500
1,no_pid,3.049,4.8348,0.1121,9.168,-9.168,0.1121,0.1144,0.1370,4.8348,2.500,2.500
1,no_pid,3.099,4.8572,0.1248,9.357,-9.357,0.1248,0.1270,0.1474,4.8572,2.500,2.500
1,no_pid,3.149,4.8811,0.1414,9.661,-9.661,0.1414,0.1456,0.1678,4.8811,2.500,2.500
1,no_pid,3.200,4.8965,0.1539,9.922,-9.922,0.1539,0.1550,0.1695,4.8965,2.500,2.500
1,no_pid,3.250,4.9173,0.1733,10.372,-10.372,0.1733,0.1762,0.1925,4.9173,2.500,2.500
1,no_pid,3.300,4.9299,0.1871,10.716,-10.716,0.1871,0.1852,0.1912,4.9299,2.500,2.500
1,no_pid,3.350,4.9466,0.2087,11.287,-11.287,0.2087,0.2074,0.2143,4.9466,2.500,2.500
1,no_pid,3.401,4.9556,0.2224,11.668,-11.668,0.2224,0.2134,0.2055,4.9556,2.500,2.500
1,no_pid,3.451,4.9666,0.2432,12.272,-12.272,0.2432,0.2318,0.2202,4.9666,2.500,2.500
1,no_pid,3.501,4.9739,0.2629,12.871,-12.871,0.2629,0.2464,0.2266,4.9739,2.500,2.500
1,no_pid,3.552,4.9766,0.2735,13.206,-13.206,0.2735,0.2431,0.1999,4.9766,2.500,2.500
1,no_pid,3.602,4.9787,0.2896,13.726,-13.726,0.2896,0.2501,0.1944,4.9787,2.500,2.500
1,no_pid,3.652,4.9786,0.3065,14.280,-14.280,0.3065,0.2581,0.1911,4.9786,2.500,2.500
1,no_pid,3.702,4.9765,0.3241,14.851,-14.851,0.3241,0.2664,0.1888,4.9765,2.500,2.500
1,no_pid,3.753,4.9735,0.3389,15.311,-15.311,0.3389,0.2690,0.1763,4.9735,2.500,2.500
1,no_pid,3.803,4.9706,0.3535,15.740,-15.740,0.3535,0.2710,0.1638,4.9706,2.500,2.500
1,no_pid,3.853,4.9687,0.3643,16.040,-16.040,0.3643,0.2658,0.1394,4.9687,2.500,2.500
1,no_pid,3.903,4.9678,0.3794,16.437,-16.437,0.3794,0.2689,0.1323,4.9678,2.500,2.500
1,no_pid,3.954,4.9718,0.3952,16.821,-16.821,0.3952,0.2731,0.1278,4.9718,2.500,2.500
1,no_pid,4.004,4.9847,0.4118,17.168,-17.168,0.4118,0.2784,0.1257,4.9847,2.500,2.500
1,no_pid,4.054,5.0089,0.4297,17.477,-17.477,0.4297,0.2854,0.1270,5.0089,2.500,2.500
1,no_pid,4.105,5.0403,0.4463,17.721,-17.721,0.4463,0.2895,0.1228,5.0403,2.500,2.500
1,no_pid,4.155,5.0654,0.4573,17.870,-17.870,0.4573,0.2830,0.0998,5.0654,2.500,2.500
1,no_pid,4.205,5.1148,0.4760,18.097,-18.097,0.4760,0.2912,0.1055,5.1148,2.500,2.500
1,no_pid,4.255,5.1792,0.4980,18.292,-18.292,0.4980,0.3046,0.1203,5.1792,2.500,2.500
1,no_pid,4.306,5.2413,0.5182,18.405,-18.405,0.5182,0.3134,0.1253,5.2413,2.500,2.500
1,no_pid,4.356,5.2854,0.5321,18.455,-18.455,0.5321,0.3100,0.1077,5.2854,2.500,2.500
1,no_pid,4.406,5.3754,0.5592,18.510,-18.510,0.5592,0.3309,0.1359,5.3754,2.500,2.500
1,no_pid,4.456,5.4813,0.5876,18.515,-18.515,0.5876,0.3524,0.1624,5.4813,2.500,2.500
1,no_pid,4.507,5.5573,0.6067,18.462,-18.462,0.6067,0.3549,0.1522,5.5573,2.500,2.500
1,no_pid,4.557,5.6773,0.6354,18.263,-18.263,0.6354,0.3746,0.1741,5.6773,2.500,2.500
1,no_pid,4.607,5.8063,0.6661,17.915,-17.915,0.6661,0.3963,0.1977,5.8063,2.500,2.500
1,no_pid,4.657,5.8946,0.6882,17.614,-17.614,0.6882,0.4003,0.1868,5.8946,2.500,2.500
1,no_pid,4.708,6.0280,0.7241,17.064,-17.064,0.7241,0.4288,0.2216,6.0280,2.500,2.500
1,no_pid,4.758,6.1152,0.7500,16.636,-16.636,0.7500,0.4368,0.2158,6.1152,2.500,2.500
1,no_pid,4.808,6.2389,0.7907,15.913,-15.913,0.7907,0.4709,0.2581,6.2389,2.500,2.500
1,no_pid,4.859,6.3144,0.8182,15.384,-15.384,0.8182,0.4778,0.2471,6.3144,2.500,2.500
1,no_pid,4.909,6.4163,0.8582,14.534,-14.534,0.8582,0.5067,0.2769,6.4163,2.500,2.500
1,no_pid,4.959,6.4853,0.8869,13.855,-13.855,0.8869,0.5125,0.2621,6.4853,2.500,2.500
1,no_pid,5.010,6.5573,0.9187,13.044,-13.044,0.9187,0.5234,0.2579,6.5573,2.500,2.500
1,no_pid,5.060,6.6054,0.9410,12.457,-12.457,0.9410,0.5160,0.2210,6.6054,2.500,2.500
1,no_pid,5.110,6.6724,0.9733,11.637,-11.637,0.9733,0.5274,0.2214,6.6724,2.500,2.500
1,no_pid,5.161,6.7364,1.0039,10.949,-10.949,1.0039,0.5349,0.2147,6.7364,2.500,2.500
1,no_pid,5.211,6.7962,1.0307,10.467,-10.467,1.0307,0.5346,0.1946,6.7962,2.500,2.500
1,no_pid,5.261,6.8358,1.0470,10.245,-10.245,1.0470,0.5153,0.1418,6.8358,2.500,2.500
1,no_pid,5.312,6.9085,1.0743,10.013,-10.013,1.0743,0.5179,0.1335,6.9085,2.500,2.500
1,no_pid,5.362,6.9667,1.0948,9.959,-9.959,1.0948,0.5078,0.1029,6.9667,2.500,2.500
1,no_pid,5.412,7.0610,1.1275,10.039,-10.039,1.1275,0.5207,0.1171,7.0610,2.500,2.500
1,no_pid,5.463,7.1401,1.1544,10.217,-10.217,1.1544,0.5220,0.1087,7.1401,2.500,2.500
1,no_pid,5.513,7.2309,1.1847,10.507,-10.507,1.1847,0.5294,0.1122,7.2309,2.500,2.500
1,no_pid,5.563,7.2840,1.2022,10.706,-10.706,1.2022,0.5128,0.0717,7.2840,2.500,2.500
1,no_pid,5.614,7.3789,1.2330,11.103,-11.103,1.2330,0.5220,0.0819,7.3789,2.500,2.500
1,no_pid,5.664,7.4615,1.2595,11.480,-11.480,1.2595,0.5224,0.0752,7.4615,2.500,2.500
1,no_pid,5.714,7.5268,1.2802,11.788,-11.788,1.2802,0.5122,0.0497,7.5268,2.500,2.500
1,no_pid,5.764,7.6381,1.3149,12.314,-12.314,1.3149,0.5284,0.0746,7.6381,2.500,2.500
1,no_pid,5.815,7.7127,1.3377,12.652,-12.652,1.3377,0.5215,0.0553,7.7127,2.500,2.500
1,no_pid,5.865,7.8252,1.3718,13.123,-13.123,1.3718,0.5358,0.0763,7.8252,2.500,2.500
1,no_pid,5.915,7.9393,1.4060,13.549,-13.549,1.4060,0.5492,0.0936,7.9393,2.500,2.500
1,no_pid,5.965,8.0030,1.4245,13.772,-13.772,1.4245,0.5328,0.0552,8.0030,2.500,2.500
1,no_pid,6.016,8.1076,1.4527,14.158,-14.158,1.4527,0.5352,0.0547,8.1076,2.500,2.500
1,no_pid,6.066,8.2019,1.4744,14.588,-14.588,1.4744,0.5259,0.0327,8.2019,2.500,2.500
1,no_pid,6.116,8.2837,1.4906,15.122,-15.122,1.4906,0.5073,-0.0041,8.2837,2.500,2.500
1,no_pid,6.167,8.3221,1.4975,15.472,-15.472,1.4975,0.4733,-0.0654,8.3221,2.500,2.500
1,no_pid,6.217,8.3620,1.5052,15.954,-15.954,1.5052,0.4441,-0.1126,8.3620,2.500,2.500
1,no_pid,6.267,8.3812,1.5101,16.243,-16.243,1.5101,0.4124,-0.1599,8.3812,2.500,2.500
1,no_pid,6.317,8.4019,1.5173,16.579,-16.579,1.5173,0.3880,-0.1897,8.4019,2.500,2.500
1,no_pid,6.368,8.4225,1.5276,16.900,-16.900,1.5276,0.3711,-0.2030,8.4225,2.500,2.500
1,no_pid,6.418,8.4411,1.5396,17.157,-17.157,1.5396,0.3590,-0.2064,8.4411,2.500,2.500
1,no_pid,6.468,8.4617,1.5573,17.423,-17.423,1.5573,0.3586,-0.1885,8.4617,2.500,2.500
1,no_pid,6.518,8.4736,1.5712,17.577,-17.577,1.5712,0.3511,-0.1849,8.4736,2.500,2.500
1,no_pid,6.568,8.4877,1.5951,17.781,-17.781,1.5951,0.3624,-0.1475,8.4877,2.500,2.500
1,no_pid,6.619,8.4939,1.6137,17.908,-17.908,1.6137,0.3631,-0.1326,8.4939,2.500,2.500
1,no_pid,6.669,8.4977,1.6460,18.094,-18.094,1.6460,0.3887,-0.0739,8.4977,2.500,2.500
1,no_pid,6.719,8.4966,1.6696,18.216,-18.216,1.6696,0.3961,-0.0539,8.4966,2.500,2.500
1,no_pid,6.769,8.4895,1.7075,18.404,-18.404,1.7075,0.4287,0.0104,8.4895,2.500,2.500
1,no_pid,6.820,8.4770,1.7488,18.620,-18.620,1.7488,0.4647,0.0749,8.4770,2.500,2.500
1,no_pid,6.870,8.4622,1.7884,18.855,-18.855,1.7884,0.4943,0.1218,8.4622,2.500,2.500
1,no_pid,6.920,8.4458,1.8266,19.124,-19.124,1.8266,0.5186,0.1549,8.4458,2.500,2.500
1,no_pid,6.970,8.4315,1.8570,19.374,-19.374,1.8570,0.5266,0.1552,8.4315,2.500,2.500
1,no_pid,7.021,8.4072,1.9045,19.851,-19.851,1.9045,0.5647,0.2102,8.4072,2.500,2.500
1,no_pid,7.071,8.3913,1.9337,20.207,-20.207,1.9337,0.5662,0.1938,8.3913,2.500,2.500
1,no_pid,7.121,8.3750,1.9626,20.620,-20.620,1.9626,0.5669,0.1774,8.3750,2.500,2.500
1,no_pid,7.172,8.3526,2.0026,21.315,-21.315,2.0026,0.5877,0.1989,8.3526,2.500,2.500
1,no_pid,7.222,8.3345,2.0372,22.086,-22.086,2.0372,0.5969,0.1975,8.3345,2.500,2.500
1,no_pid,7.272,8.3258,2.0570,22.632,-22.632,2.0570,0.5782,0.1454,8.3258,2.500,2.500
1,no_pid,7.323,8.3204,2.0743,23.202,-23.202,2.0743,0.5567,0.0931,8.3204,2.500,2.500
1,no_pid,7.373,8.3204,2.0977,24.124,-24.124,2.0977,0.5484,0.0694,8.3204,2.500,2.500
1,no_pid,7.423,8.3286,2.1170,25.013,-25.013,2.1170,0.5335,0.0360,8.3286,2.500,2.500
1,no_pid,7.473,8.3440,2.1348,25.950,-25.950,2.1348,0.5169,0.0027,8.3440,2.500,2.500
1,no_pid,7.524,8.3588,2.1462,26.623,-26.623,2.1462,0.4905,-0.0456,8.3588,2.500,2.500
1,no_pid,7.574,8.3918,2.1654,27.814,-27.814,2.1654,0.4806,-0.0594,8.3918,2.500,2.500
1,no_pid,7.624,8.4347,2.1865,29.063,-29.063,2.1865,0.4749,-0.0644,8.4347,2.500,2.500
1,no_pid,7.674,8.4661,2.2016,29.861,-29.861,2.2016,0.4591,-0.0873,8.4661,2.500,2.500
1,no_pid,7.725,8.5018,2.2191,30.677,-30.677,2.2191,0.4488,-0.0979,8.5018,2.500,2.500
1,no_pid,7.775,8.5621,2.2494,31.877,-31.877,2.2494,0.4629,-0.0635,8.5621,2.500,2.500
1,no_pid,7.825,8.6303,2.2847,33.033,-33.033,2.2847,0.4847,-0.0180,8.6303,2.500,2.500
1,no_pid,7.876,8.6795,2.3108,33.778,-33.778,2.3108,0.4879,-0.0106,8.6795,2.500,2.500
1,no_pid,7.926,8.7496,2.3481,34.730,-34.730,2.3481,0.5111,0.0326,8.7496,2.500,2.500
1,no_pid,7.976,8.8183,2.3850,35.549,-35.549,2.3850,0.5316,0.0668,8.8183,2.500,2.500
1,no_pid,8.027,8.8982,2.4310,36.389,-36.389,2.4310,0.5664,0.1240,8.8982,2.500,2.500
1,no_pid,8.077,8.9503,2.4642,36.879,-36.879,2.4642,0.5751,0.1284,8.9503,2.500,2.500
1,no_pid,8.127,9.0157,2.5117,37.425,-37.425,2.5117,0.6089,0.1783,9.0157,2.500,2.500
1,no_pid,8.177,9.0631,2.5503,37.754,-37.754,2.5503,0.6234,0.1883,9.0631,2.500,2.500
1,no_pid,8.228,9.1162,2.5963,38.023,-38.023,2.5963,0.6501,0.2196,9.1162,2.500,2.500
1,no_pid,8.278,9.1521,2.6280,38.136,-38.136,2.6280,0.6483,0.1963,9.1521,2.500,2.500
1,no_pid,8.328,9.2059,2.6743,38.209,-38.209,2.6743,0.6732,0.2235,9.2059,2.500,2.500
1,no_pid,8.378,9.2564,2.7153,38.209,-38.209,2.7153,0.6863,0.2270,9.2564,2.500,2.500
1,no_pid,8.429,9.3182,2.7623,38.169,-38.169,2.7623,0.7090,0.2475,9.3182,2.500,2.500
1,no_pid,8.479,9.3920,2.8147,38.103,-38.103,2.8147,0.7393,0.2799,9.3920,2.500,2.500
1,no_pid,8.530,9.4482,2.8523,38.060,-38.060,2.8523,0.7396,0.2547,9.4482,2.500,2.500
1,no_pid,8.580,9.5398,2.9106,38.020,-38.020,2.9106,0.7772,0.2995,9.5398,2.500,2.500
1,no_pid,8.631,9.6391,2.9701,38.040,-38.040,2.9701,0.8134,0.3375,9.6391,2.500,2.500
1,no_pid,8.682,9.7086,3.0097,38.107,-38.107,3.0097,0.8107,0.3016,9.7086,2.500,2.500
1,no_pid,8.732,9.8024,3.0611,38.284,-38.284,3.0611,0.8296,0.3082,9.8024,2.500,2.500
1,no_pid,8.783,9.8957,3.1105,38.575,-38.575,3.1105,0.8431,0.3046,9.8957,2.500,2.500
1,no_pid,8.834,9.9742,3.1512,38.909,-38.909,3.1512,0.8395,0.2698,9.9742,2.500,2.500
1,no_pid,8.884,10.0952,3.2140,39.566,-39.566,3.2140,0.8763,0.3120,10.0952,2.500,2.500
1,no_pid,8.935,10.2224,3.2798,40.421,-40.421,3.2798,0.9157,0.3549,10.2224,2.500,2.500
1,no_pid,8.985,10.3117,3.3259,41.087,-41.087,3.3259,0.9150,0.3211,10.3117,2.500,2.500
1,no_pid,9.036,10.4415,3.3925,42.116,-42.116,3.3925,0.9515,0.3575,10.4415,2.500,2.500
1,no_pid,9.087,10.5310,3.4381,42.846,-42.846,3.4381,0.9470,0.3166,10.5310,2.500,2.500
1,no_pid,9.137,10.6671,3.5070,43.956,-43.956,3.5070,0.9856,0.3579,10.6671,2.500,2.500
1,no_pid,9.188,10.7590,3.5533,44.685,-44.685,3.5533,0.9794,0.3137,10.7590,2.500,2.500
1,no_pid,9.238,10.8969,3.6220,45.713,-45.713,3.6220,1.0146,0.3492,10.8969,2.500,2.500
1,no_pid,9.288,10.9880,3.6667,46.309,-46.309,3.6667,1.0027,0.2953,10.9880,2.500,2.500
1,no_pid,9.339,11.1245,3.7341,47.001,-47.001,3.7341,1.0332,0.3236,11.1245,2.500,2.500
1,no_pid,9.390,11.2156,3.7806,47.300,-47.300,3.7806,1.0223,0.2741,11.2156,2.500,2.500
1,no_pid,9.440,11.3493,3.8538,47.475,-47.475,3.8538,1.0616,0.3203,11.3493,2.500,2.500
1,no_pid,9.491,11.4704,3.9257,47.360,-47.360,3.9257,1.0943,0.3503,11.4704,2.500,2.500
1,no_pid,9.541,11.5339,3.9647,47.185,-47.185,3.9647,1.0647,0.2644,11.5339,2.500,2.500
1,no_pid,9.592,11.5886,3.9989,46.948,-46.948,3.9989,1.0285,0.1742,11.5886,2.500,2.500
1,no_pid,9.643,11.6464,4.0362,46.569,-46.569,4.0362,1.0015,0.1091,11.6464,2.500,2.500
1,no_pid,9.693,11.6818,4.0601,46.261,-46.261,4.0601,0.9532,0.0114,11.6818,2.500,2.500
1,no_pid,9.744,11.7194,4.0862,45.929,-45.929,4.0862,0.9133,-0.0622,11.7194,2.500,2.500
1,no_pid,9.794,11.7461,4.1049,45.735,-45.735,4.1049,0.8637,-0.1466,11.7461,2.500,2.500
1,no_pid,9.845,11.7866,4.1339,45.544,-45.544,4.1339,0.8369,-0.1818,11.7866,2.500,2.500
1,no_pid,9.895,11.8219,4.1598,45.481,-45.481,4.1598,0.8074,-0.2188,11.8219,2.500,2.500
1,no_pid,9.946,11.8614,4.1897,45.512,-45.512,4.1897,0.7875,-0.2348,11.8614,2.500,2.500
1,no_pid,9.996,11.9041,4.2230,45.639,-45.639,4.2230,0.7759,-0.2344,11.9041,2.500,2.500
1,no_pid,10.047,11.9340,4.2469,45.767,-45.767,4.2469,0.7479,-0.2636,11.9340,2.500,2.500
1,no_pid,10.097,11.9804,4.2849,45.997,-45.997,4.2849,0.7484,-0.2386,11.9804,2.500,2.500
1,no_pid,10.149,12.0106,4.3100,46.150,-46.150,4.3100,0.7240,-0.2605,12.0106,2.500,2.500
1,no_pid,10.199,12.0593,4.3505,46.385,-46.385,4.3505,0.7309,-0.2240,12.0593,2.500,2.500
1,no_pid,10.251,12.1117,4.3936,46.602,-46.602,4.3936,0.7408,-0.1851,12.1117,2.500,2.500
1,no_pid,10.301,12.1506,4.4253,46.735,-46.735,4.4253,0.7307,-0.1866,12.1506,2.500,2.500
1,no_pid,10.353,12.2114,4.4741,46.893,-46.893,4.4741,0.7513,-0.1319,12.2114,2.500,2.500
1,no_pid,10.403,12.2565,4.5099,46.975,-46.975,4.5099,0.7478,-0.1262,12.2565,2.500,2.500
1,no_pid,10.454,12.3305,4.5679,47.054,-47.054,4.5679,0.7832,-0.0503,12.3305,2.500,2.500
1,no_pid,10.505,12.3844,4.6095,47.075,-47.075,4.6095,0.7866,-0.0394,12.3844,2.500,2.500
1,no_pid,10.556,12.4709,4.6747,47.059,-47.059,4.6747,0.8314,0.0455,12.4709,2.500,2.500
1,no_pid,10.607,12.5489,4.7315,47.002,-47.002,4.7315,0.8584,0.0903,12.5489,2.500,2.500
1,no_pid,10.657,12.6420,4.7973,46.893,-46.893,4.7973,0.8993,0.1564,12.6420,2.500,2.500
1,no_pid,10.708,12.7175,4.8491,46.776,-46.776,4.8491,0.9106,0.1625,12.7175,2.500,2.500
1,no_pid,10.759,12.8382,4.9302,46.539,-46.539,4.9302,0.9729,0.2604,12.8382,2.500,2.500
1,no_pid,10.810,12.9663,5.0148,46.217,-46.217,5.0148,1.0369,0.3526,12.9663,2.500,2.500
1,no_pid,10.861,13.0540,5.0731,45.956,-45.956,5.0731,1.0463,0.3370,13.0540,2.500,2.500
1,no_pid,10.912,13.1787,5.1594,45.509,-45.509,5.1594,1.1072,0.4166,13.1787,2.500,2.500
1,no_pid,10.963,13.2745,5.2313,45.045,-45.045,5.2313,1.1345,0.4274,13.2745,2.500,2.500
1,no_pid,11.014,13.3630,5.3056,44.379,-44.379,5.3056,1.1647,0.4428,13.3630,2.500,2.500
1,no_pid,11.064,13.4140,5.3529,43.759,-43.759,5.3529,1.1440,0.3646,13.4140,2.500,2.500
1,no_pid,11.115,13.4664,5.4049,42.764,-42.764,5.4049,1.1336,0.3123,13.4664,2.500,2.500
1,no_pid,11.165,13.5017,5.4439,41.720,-41.720,5.4439,1.1008,0.2241,13.5017,2.500,2.500
1,no_pid,11.216,13.5245,5.4722,40.817,-40.817,5.4722,1.0507,0.1125,13.5245,2.500,2.500
1,no_pid,11.267,13.5373,5.4887,40.275,-40.275,5.4887,0.9828,-0.0211,13.5373,2.500,2.500
1,no_pid,11.318,13.5590,5.5156,39.451,-39.451,5.5156,0.9416,-0.0940,13.5590,2.500,2.500
1,no_pid,11.369,13.5824,5.5422,38.788,-38.788,5.5422,0.9021,-0.1569,13.5824,2.500,2.500
1,no_pid,11.420,13.5984,5.5585,38.496,-38.496,5.5585,0.8488,-0.2393,13.5984,2.500,2.500
1,no_pid,11.471,13.6205,5.5783,38.322,-38.322,5.5783,0.8056,-0.2953,13.6205,2.500,2.500
1,no_pid,11.522,13.6393,5.5934,38.354,-38.354,5.5934,0.7587,-0.3532,13.6393,2.500,2.500
1,no_pid,11.573,13.6613,5.6100,38.543,-38.543,5.6100,0.7184,-0.3935,13.6613,2.500,2.500
1,no_pid,11.624,13.6849,5.6273,38.857,-38.857,5.6273,0.6835,-0.4206,13.6849,2.500,2.500
1,no_pid,11.675,13.6994,5.6388,39.090,-39.090,5.6388,0.6408,-0.4590,13.6994,2.500,2.500
1,no_pid,11.726,13.7185,5.6568,39.433,-39.433,5.6568,0.6145,-0.4644,13.7185,2.500,2.500
1,no_pid,11.777,13.7326,5.6745,39.708,-39.708,5.6745,0.5895,-0.4666,13.7326,2.500,2.500
1,no_pid,11.828,13.7398,5.6854,39.858,-39.858,5.6854,0.5549,-0.4863,13.7398,2.500,2.500
1,no_pid,11.878,13.7470,5.6987,40.014,-40.014,5.6987,0.5284,-0.4901,13.7470,2.500,2.500
1,no_pid,11.928,13.7531,5.7170,40.177,-40.177,5.7170,0.5133,-0.4728,13.7531,2.500,2.500
1,no_pid,11.979,13.7547,5.7332,40.272,-40.272,5.7332,0.4958,-0.4613,13.7547,2.500,2.500
1,no_pid,12.029,13.7533,5.7501,40.329,-40.329,5.7501,0.4812,-0.4456,13.7533,2.500,2.500
1,no_pid,12.079,13.7476,5.7724,40.353,-40.353,5.7724,0.4777,-0.4112,13.7476,2.500,2.500
1,no_pid,12.130,13.7415,5.7885,40.344,-40.344,5.7885,0.4633,-0.3998,13.7415,2.500,2.500
1,no_pid,12.180,13.7295,5.8146,40.297,-40.297,5.8146,0.4682,-0.3542,13.7295,2.500,2.500
1,no_pid,12.230,13.7198,5.8333,40.247,-40.247,5.8333,0.4594,-0.3379,13.7198,2.500,2.500
1,no_pid,12.281,13.7029,5.8634,40.147,-40.147,5.8634,0.4721,-0.2840,13.7029,2.500,2.500
1,no_pid,12.331,13.6907,5.8849,40.067,-40.067,5.8849,0.4679,-0.2656,13.6907,2.500,2.500
1,no_pid,12.382,13.6775,5.9080,39.973,-39.973,5.9080,0.4670,-0.2428,13.6775,2.500,2.500
1,no_pid,12.432,13.6590,5.9425,39.821,-39.821,5.9425,0.4869,-0.1845,13.6590,2.500,2.500
1,no_pid,12.483,13.6460,5.9699,39.686,-39.686,5.9699,0.4914,-0.1592,13.6460,2.500,2.500
1,no_pid,12.534,13.6378,5.9902,39.573,-39.573,5.9902,0.4834,-0.1592,13.6378,2.500,2.500
1,no_pid,12.584,13.6298,6.0172,39.397,-39.397,6.0172,0.4881,-0.1360,13.6298,2.500,2.500
1,no_pid,12.634,13.6268,6.0485,39.147,-39.147,6.0485,0.5002,-0.1015,13.6268,2.500,2.500
1,no_pid,12.685,13.6301,6.0719,38.928,-38.928,6.0719,0.4969,-0.0982,13.6301,2.500,2.500
1,no_pid,12.736,13.6435,6.1069,38.560,-38.560,6.1069,0.5146,-0.0571,13.6435,2.500,2.500
1,no_pid,12.787,13.6601,6.1340,38.234,-38.234,6.1340,0.5160,-0.0492,13.6601,2.500,2.500
1,no_pid,12.837,13.6790,6.1581,37.903,-37.903,6.1581,0.5127,-0.0508,13.6790,2.500,2.500
1,no_pid,12.888,13.7161,6.1959,37.298,-37.298,6.1959,0.5339,-0.0075,13.7161,2.500,2.500
1,no_pid,12.939,13.7452,6.2207,36.844,-36.844,6.2207,0.5298,-0.0143,13.7452,2.500,2.500
1,no_pid,12.990,13.7956,6.2579,36.097,-36.097,6.2579,0.5483,0.0206,13.7956,2.500,2.500
1,no_pid,13.041,13.8469,6.2921,35.381,-35.381,6.2921,0.5599,0.0398,13.8469,2.500,2.500
1,no_pid,13.091,13.9086,6.3312,34.566,-34.566,6.3312,0.5790,0.0708,13.9086,2.500,2.500
1,no_pid,13.142,13.9557,6.3603,33.970,-33.970,6.3603,0.5784,0.0631,13.9557,2.500,2.500
1,no_pid,13.193,14.0403,6.4118,32.939,-32.939,6.4118,0.6184,0.1298,14.0403,2.500,2.500
1,no_pid,13.244,14.1351,6.4686,31.830,-31.830,6.4686,0.6645,0.2015,14.1351,2.500,2.500
1,no_pid,13.294,14.1997,6.5066,31.098,-31.098,6.5066,0.6728,0.1983,14.1997,2.500,2.500
1,no_pid,13.345,14.3062,6.5682,29.930,-29.930,6.5682,0.7225,0.2701,14.3062,2.500,2.500
1,no_pid,13.396,14.4233,6.6337,28.715,-28.715,6.6337,0.7746,0.3398,14.4233,2.500,2.500
1,no_pid,13.447,14.5018,6.6759,27.943,-27.943,6.6759,0.7798,0.3178,14.5018,2.500,2.500
1,no_pid,13.498,14.6290,6.7406,26.765,-26.765,6.7406,0.8250,0.3705,14.6290,2.500,2.500
1,no_pid,13.549,14.7169,6.7823,25.999,-25.999,6.7823,0.8248,0.3360,14.7169,2.500,2.500
1,no_pid,13.600,14.8507,6.8409,24.888,-24.888,6.8409,0.8550,0.3598,14.8507,2.500,2.500
1,no_pid,13.650,14.9403,6.8772,24.178,-24.178,6.8772,0.8418,0.3026,14.9403,2.500,2.500
1,no_pid,13.701,15.0771,6.9294,23.160,-23.160,6.9294,0.8592,0.3064,15.0771,2.500,2.500
1,no_pid,13.752,15.2155,6.9795,22.242,-22.242,6.9795,0.8710,0.2995,15.2155,2.500,2.500
1,no_pid,13.802,15.3038,7.0097,21.718,-21.718,7.0097,0.8462,0.2271,15.3038,2.500,2.500
1,no_pid,13.853,15.4464,7.0562,20.954,-20.954,7.0562,0.8523,0.2172,15.4464,2.500,2.500
1,no_pid,13.904,15.5834,7.0988,20.297,-20.297,7.0988,0.8508,0.1943,15.5834,2.500,2.500
1,no_pid,13.955,15.6905,7.1306,19.817,-19.817,7.1306,0.8306,0.1398,15.6905,2.500,2.500
1,no_pid,14.005,15.8544,7.1767,19.098,-19.098,7.1767,0.8376,0.1396,15.8544,2.500,2.500
1,no_pid,14.056,15.9606,7.2049,18.613,-18.613,7.2049,0.8115,0.0793,15.9606,2.500,2.500
1,no_pid,14.107,16.1157,7.2444,17.841,-17.841,7.2444,0.8081,0.0660,16.1157,2.500,2.500
1,no_pid,14.158,16.2741,7.2830,16.950,-16.950,7.2830,0.8039,0.0523,16.2741,2.500,2.500
1,no_pid,14.209,16.3804,7.3081,16.278,-16.278,7.3081,0.7754,-0.0044,16.3804,2.500,2.500
1,no_pid,14.259,16.5371,7.3451,15.154,-15.154,7.3451,0.7711,-0.0117,16.5371,2.500,2.500
1,no_pid,14.310,16.6564,7.3743,14.167,-14.167,7.3743,0.7536,-0.0425,16.6564,2.500,2.500
1,no_pid,14.360,16.7746,7.4031,13.039,-13.039,7.4031,0.7370,-0.0689,16.7746,2.500,2.500
1,no_pid,14.411,16.8452,7.4190,12.250,-12.250,7.4190,0.6976,-0.1338,16.8452,2.500,2.500
1,no_pid,14.462,16.9252,7.4347,11.144,-11.144,7.4347,0.6617,-0.1868,16.9252,2.500,2.500
1,no_pid,14.513,16.9666,7.4418,10.448,-10.448,7.4418,0.6130,-0.2576,16.9666,2.500,2.500
1,no_pid,14.564,17.0034,7.4475,9.778,-9.778,7.4475,0.5668,-0.3178,17.0034,2.500,2.500
1,no_pid,14.615,17.0478,7.4534,8.961,-8.961,7.4534,0.5253,-0.3639,17.0478,2.500,2.500
1,no_pid,14.665,17.0952,7.4590,8.114,-8.114,7.4590,0.4876,-0.3992,17.0952,2.500,2.500
1,no_pid,14.716,17.1447,7.4645,7.266,-7.266,7.4645,0.4525,-0.4260,17.1447,2.500,2.500
1,no_pid,14.766,17.1810,7.4682,6.658,-6.658,7.4682,0.4176,-0.4503,17.1810,2.500,2.500
1,no_pid,14.817,17.2378,7.4733,5.726,-5.726,7.4733,0.3885,-0.4618,17.2378,2.500,2.500
1,no_pid,14.868,17.2926,7.4773,4.836,-4.836,7.4773,0.3600,-0.4709,17.2926,2.500,2.500
1,no_pid,14.918,17.3359,7.4798,4.131,-4.131,7.4798,0.3317,-0.4794,17.3359,2.500,2.500
1,no_pid,14.969,17.3719,7.4815,3.543,-3.543,7.4815,0.3041,-0.4853,17.3719,2.500,2.500
1,no_pid,15.020,17.4235,7.4831,2.689,-2.689,7.4831,0.2792,-0.4859,17.4235,2.500,2.500
1,no_pid,15.070,17.4765,7.4840,1.792,-1.792,7.4840,0.2550,-0.4850,17.4765,2.500,2.500
1,no_pid,15.121,17.5314,7.4839,0.834,-0.834,7.4839,0.2312,-0.4834,17.5314,2.500,2.500
1,no_pid,15.172,17.5890,7.4824,-0.220,0.220,7.4824,0.2073,-0.4824,17.5890,2.500,2.500
1,no_pid,15.223,17.6271,7.4806,-0.945,0.945,7.4806,0.1849,-0.4786,17.6271,2.500,2.500
1,no_pid,15.273,17.6626,7.4783,-1.643,1.643,7.4783,0.1637,-0.4732,17.6626,2.500,2.500
1,no_pid,15.324,17.7123,7.4739,-2.644,2.644,7.4739,0.1408,-0.4715,17.7123,2.500,2.500
1,no_pid,15.374,17.7599,7.4686,-3.613,3.613,7.4686,0.1182,-0.4691,17.7599,2.500,2.500
1,no_pid,15.425,17.7908,7.4647,-4.234,4.234,7.4647,0.1001,-0.4586,17.7908,2.500,2.500
1,no_pid,15.476,17.8318,7.4590,-5.027,5.027,7.4590,0.0806,-0.4519,17.8318,2.500,2.500
1,no_pid,15.526,17.8649,7.4542,-5.621,5.621,7.4542,0.0645,-0.4395,17.8649,2.500,2.500
1,no_pid,15.577,17.8966,7.4496,-6.137,6.137,7.4496,0.0503,-0.4250,17.8966,2.500,2.500
1,no_pid,15.628,17.9220,7.4461,-6.490,6.490,7.4461,0.0392,-0.4061,17.9220,2.500,2.500
1,no_pid,15.678,17.9553,7.4416,-6.851,6.851,7.4416,0.0275,-0.3900,17.9553,2.500,2.500
1,no_pid,15.729,17.9823,7.4381,-7.047,7.047,7.4381,0.0187,-0.3701,17.9823,2.500,2.500
1,no_pid,15.780,18.0111,7.4345,-7.158,7.158,7.4345,0.0104,-0.3511,18.0111,2.500,2.500
1,no_pid,15.830,18.0372,7.4314,-7.177,7.177,7.4314,0.0037,-0.3309,18.0372,2.500,2.500
1,no_pid,15.881,18.0617,7.4286,-7.145,7.145,7.4286,-0.0018,-0.3104,18.0617,2.500,2.500
1,no_pid,15.931,18.0883,7.4256,-7.082,7.082,7.4256,-0.0070,-0.2915,18.0883,2.500,2.500
1,no_pid,15.982,18.1180,7.4222,-7.007,7.007,7.4222,-0.0124,-0.2745,18.1180,2.500,2.500
1,no_pid,16.033,18.1390,7.4198,-6.966,6.966,7.4198,-0.0157,-0.2551,18.1390,2.500,2.500
1,no_pid,16.083,18.1748,7.4156,-6.936,6.936,7.4156,-0.0219,-0.2430,18.1748,2.500,2.500
1,no_pid,16.134,18.2059,7.4117,-6.954,6.954,7.4117,-0.0269,-0.2297,18.2059,2.500,2.500
1,no_pid,16.185,18.2304,7.4086,-6.996,6.996,7.4086,-0.0302,-0.2143,18.2304,2.500,2.500
1,no_pid,16.236,18.2619,7.4044,-7.080,7.080,7.4044,-0.0350,-0.2033,18.2619,2.500,2.500
1,no_pid,16.286,18.3063,7.3984,-7.243,7.243,7.3984,-0.0426,-0.1985,18.3063,2.500,2.500
1,no_pid,16.337,18.3522,7.3921,-7.449,7.449,7.3921,-0.0501,-0.1939,18.3522,2.500,2.500
1,no_pid,16.388,18.3817,7.3881,-7.597,7.597,7.3881,-0.0529,-0.1811,18.3817,2.500,2.500
1,no_pid,16.438,18.4442,7.3792,-7.941,7.941,7.3792,-0.0640,-0.1846,18.4442,2.500,2.500
1,no_pid,16.489,18.5225,7.3678,-8.412,8.412,7.3678,-0.0789,-0.1945,18.5225,2.500,2.500
1,no_pid,16.540,18.5904,7.3568,-8.863,8.863,7.3568,-0.0916,-0.1998,18.5904,2.500,2.500
1,no_pid,16.590,18.6413,7.3482,-9.240,9.240,7.3482,-0.0987,-0.1944,18.6413,2.500,2.500
1,no_pid,16.641,18.7294,7.3341,-9.976,9.976,7.3341,-0.1154,-0.2067,18.7294,2.500,2.500
1,no_pid,16.692,18.8040,7.3233,-10.694,10.694,7.3233,-0.1244,-0.2041,18.8040,2.500,2.500
1,no_pid,16.742,18.8878,7.3133,-11.639,11.639,7.3133,-0.1311,-0.1975,18.8878,2.500,2.500
1,no_pid,16.793,18.9533,7.3073,-12.513,12.513,7.3073,-0.1299,-0.1772,18.9533,2.500,2.500
1,pid_xte,0.000,0.2427,-0.0017,0.440,-0.440,-0.0017,0.0000,0.0000,0.2427,6.000,0.000
1,pid_xte,0.051,0.2815,-0.0053,0.482,-0.482,-0.0053,-0.0065,-0.0117,0.2815,2.531,2.469
1,pid_xte,0.101,0.3166,-0.0081,0.470,-0.470,-0.0081,-0.0110,-0.0190,0.3166,2.500,2.500
1,pid_xte,0.151,0.3591,-0.0110,0.441,-0.441,-0.0110,-0.0154,-0.0251,0.3591,2.484,2.516
1,pid_xte,0.202,0.4063,-0.0137,0.393,-0.393,-0.0137,-0.0187,-0.0289,0.4063,2.469,2.531
1,pid_xte,0.252,0.4837,-0.0165,0.292,-0.292,-0.0165,-0.0221,-0.0324,0.4837,2.435,2.565
1,pid_xte,0.303,0.5582,-0.0174,0.175,-0.175,-0.0174,-0.0218,-0.0288,0.5582,2.421,2.579
1,pid_xte,0.353,0.6320,-0.0167,0.052,-0.052,-0.0167,-0.0186,-0.0204,0.6320,2.416,2.584
1,pid_xte,0.403,0.6967,-0.0152,-0.052,0.052,-0.0152,-0.0140,-0.0102,0.6967,2.425,2.575
1,pid_xte,0.454,0.7486,-0.0135,-0.126,0.126,-0.0135,-0.0097,-0.0015,0.7486,2.439,2.561
1,pid_xte,0.504,0.8008,-0.0116,-0.190,0.190,-0.0116,-0.0055,0.0064,0.8008,2.447,2.553
1,pid_xte,0.555,0.8756,-0.0089,-0.259,0.259,-0.0089,-0.0000,0.0157,0.8756,2.449,2.551
1,pid_xte,0.606,0.9623,-0.0058,-0.306,0.306,-0.0058,0.0056,0.0245,0.9623,2.464,2.536
1,pid_xte,0.656,1.0392,-0.0030,-0.319,0.319,-0.0030,0.0103,0.0306,1.0392,2.485,2.515
1,pid_xte,0.707,1.1716,0.0031,-0.291,0.291,0.0031,0.0204,0.0463,1.1716,2.520,2.480
1,pid_xte,0.757,1.2648,0.0074,-0.247,0.247,0.0074,0.0264,0.0529,1.2648,2.539,2.461
1,pid_xte,0.808,1.4091,0.0138,-0.157,0.157,0.0138,0.0355,0.0646,1.4091,2.579,2.421
1,pid_xte,0.858,1.5334,0.0189,-0.060,0.060,0.0189,0.0415,0.0696,1.5334,2.598,2.402
1,pid_xte,0.908,1.6776,0.0243,0.082,-0.082,0.0243,0.0476,0.0742,1.6776,2.635,2.365
1,pid_xte,0.959,1.8316,0.0291,0.302,-0.302,0.0291,0.0519,0.0754,1.8316,2.688,2.312
1,pid_xte,1.009,1.9583,0.0321,0.550,-0.550,0.0321,0.0527,0.0699,1.9583,2.717,2.283
1,pid_xte,1.059,2.0432,0.0338,0.754,-0.754,0.0338,0.0510,0.0605,2.0432,2.709,2.291
1,pid_xte,1.109,2.1921,0.0369,1.213,-1.213,0.0369,0.0519,0.0566,2.1921,2.843,2.157
1,pid_xte,1.160,2.2928,0.0393,1.588,-1.588,0.0393,0.0515,0.0506,2.2928,2.830,2.170
1,pid_xte,1.210,2.4398,0.0428,2.178,-2.178,0.0428,0.0532,0.0491,2.4398,2.956,2.044
1,pid_xte,1.260,2.5903,0.0437,2.844,-2.844,0.0437,0.0500,0.0387,2.5903,3.020,1.980
1,pid_xte,1.311,2.6853,0.0416,3.322,-3.322,0.0416,0.0415,0.0199,2.6853,2.956,2.044
1,pid_xte,1.361,2.7958,0.0388,3.980,-3.980,0.0388,0.0326,0.0018,2.7958,3.054,1.946
1,pid_xte,1.411,2.8517,0.0387,4.379,-4.379,0.0387,0.0294,-0.0041,2.8517,2.963,2.037
1,pid_xte,1.462,2.9094,0.0425,4.883,-4.883,0.0425,0.0336,0.0039,2.9094,3.041,1.959
1,pid_xte,1.512,2.9343,0.0477,5.156,-5.156,0.0477,0.0400,0.0151,2.9343,2.972,2.028
1,pid_xte,1.562,2.9582,0.0598,5.478,-5.478,0.0598,0.0583,0.0471,2.9582,3.039,1.961
1,pid_xte,1.613,2.9730,0.0739,5.684,-5.684,0.0739,0.0787,0.0798,2.9730,3.036,1.964
1,pid_xte,1.663,2.9887,0.0911,5.832,-5.832,0.0911,0.1027,0.1161,2.9887,3.061,1.939
1,pid_xte,1.713,3.0061,0.1087,5.912,-5.912,0.1087,0.1254,0.1468,3.0061,3.077,1.923
1,pid_xte,1.763,3.0215,0.1234,5.936,-5.936,0.1234,0.1406,0.1610,3.0215,3.085,1.915
1,pid_xte,1.814,3.0480,0.1475,5.908,-5.908,0.1475,0.1715,0.2024,3.0480,3.117,1.883
1,pid_xte,1.864,3.0659,0.1639,5.851,-5.851,0.1639,0.1857,0.2097,3.0659,3.132,1.868
1,pid_xte,1.914,3.0941,0.1911,5.704,-5.704,0.1911,0.2181,0.2495,3.0941,3.147,1.853
1,pid_xte,1.965,3.1230,0.2207,5.490,-5.490,0.2207,0.2520,0.2882,3.1230,3.171,1.829
1,pid_xte,2.015,3.1417,0.2400,5.327,-5.327,0.2400,0.2640,0.2837,3.1417,3.215,1.785
1,pid_xte,2.065,3.1716,0.2687,5.053,-5.053,0.2687,0.2921,0.3088,3.1716,3.211,1.789
1,pid_xte,2.115,3.1990,0.2909,4.819,-4.819,0.2909,0.3059,0.3057,3.1990,3.252,1.748
1,pid_xte,2.166,3.2317,0.3128,4.576,-4.576,0.3128,0.3174,0.2986,3.2317,3.269,1.731
1,pid_xte,2.216,3.2695,0.3322,4.341,-4.341,0.3322,0.3238,0.2828,3.2695,3.286,1.714
1,pid_xte,2.267,3.2951,0.3421,4.205,-4.205,0.3421,0.3121,0.2357,3.2951,3.318,1.682
1,pid_xte,2.317,3.3341,0.3529,4.026,-4.026,0.3529,0.3031,0.1979,3.3341,3.292,1.708
1,pid_xte,2.367,3.3833,0.3610,3.829,-3.829,0.3610,0.2901,0.1562,3.3833,3.270,1.730
1,pid_xte,2.417,3.4173,0.3641,3.703,-3.703,0.3641,0.2693,0.1041,3.4173,3.275,1.725
1,pid_xte,2.468,3.4690,0.3673,3.503,-3.503,0.3673,0.2505,0.0605,3.4690,3.218,1.782
1,pid_xte,2.518,3.5197,0.3690,3.290,-3.290,0.3690,0.2307,0.0189,3.5197,3.183,1.817
1,pid_xte,2.568,3.5526,0.3695,3.140,-3.140,0.3695,0.2105,-0.0196,3.5526,3.182,1.818
1,pid_xte,2.619,3.5959,0.3704,2.930,-2.930,0.3704,0.1930,-0.0496,3.5959,3.129,1.871
1,pid_xte,2.669,3.6295,0.3725,2.762,-2.762,0.3725,0.1791,-0.0702,3.6295,3.127,1.873
1,pid_xte,2.719,3.6591,0.3763,2.609,-2.609,0.3763,0.1696,-0.0811,3.6591,3.119,1.881
1,pid_xte,2.770,3.6817,0.3812,2.477,-2.477,0.3812,0.1631,-0.0856,3.6817,3.119,1.881
1,pid_xte,2.820,3.7097,0.3924,2.254,-2.254,0.3924,0.1683,-0.0682,3.7097,3.086,1.914
1,pid_xte,2.870,3.7259,0.4031,2.071,-2.071,0.4031,0.1725,-0.0544,3.7259,3.107,1.893
1,pid_xte,2.921,3.7454,0.4238,1.744,-1.744,0.4238,0.1944,-0.0096,3.7454,3.074,1.926
1,pid_xte,2.971,3.7589,0.4481,1.381,-1.381,0.4481,0.2207,0.0391,3.7589,3.090,1.910
1,pid_xte,3.021,3.7677,0.4751,0.989,-0.989,0.4751,0.2497,0.0883,3.7677,3.113,1.887
1,pid_xte,3.072,3.7717,0.4974,0.677,-0.677,0.4974,0.2673,0.1121,3.7717,3.170,1.830
1,pid_xte,3.122,3.7743,0.5389,0.120,-0.120,0.5389,0.3184,0.1947,3.7743,3.131,1.869
1,pid_xte,3.172,3.7748,0.5807,-0.390,0.390,0.5807,0.3653,0.2622,3.7748,3.213,1.787
1,pid_xte,3.222,3.7741,0.6227,-0.853,0.853,0.6227,0.4082,0.3162,3.7741,3.293,1.707
1,pid_xte,3.273,3.7717,0.6785,-1.403,1.403,0.6785,0.4723,0.4038,3.7717,3.348,1.652
1,pid_xte,3.323,3.7697,0.7165,-1.739,1.739,0.7165,0.4983,0.4143,3.7697,3.484,1.516
1,pid_xte,3.373,3.7667,0.7713,-2.171,2.171,0.7713,0.5522,0.4743,3.7667,3.530,1.470
1,pid_xte,3.423,3.7649,0.8042,-2.435,2.435,0.8042,0.5616,0.4481,3.7649,3.628,1.372
1,pid_xte,3.474,3.7630,0.8405,-2.754,2.754,0.8405,0.5763,0.4338,3.7630,3.640,1.360
1,pid_xte,3.524,3.7614,0.8739,-3.097,3.097,0.8739,0.5844,0.4088,3.7614,3.653,1.347
1,pid_xte,3.574,3.7602,0.9056,-3.457,3.457,0.9056,0.5886,0.3791,3.7602,3.663,1.337
1,pid_xte,3.624,3.7603,0.9360,-3.811,3.811,0.9360,0.5900,0.3470,3.7603,3.679,1.321
1,pid_xte,3.675,3.7624,0.9740,-4.195,4.195,0.9740,0.6051,0.3429,3.7624,3.699,1.301
1,pid_xte,3.725,3.7646,1.0007,-4.423,4.423,1.0007,0.5984,0.2992,3.7646,3.772,1.228
1,pid_xte,3.775,3.7695,1.0438,-4.764,4.764,1.0438,0.6221,0.3151,3.7695,3.774,1.226
1,pid_xte,3.825,3.7767,1.0847,-5.101,5.101,1.0847,0.6397,0.3182,3.7767,3.817,1.183
1,pid_xte,3.876,3.7910,1.1305,-5.553,5.553,1.1305,0.6645,0.3343,3.7910,3.816,1.184
1,pid_xte,3.926,3.8142,1.1699,-6.062,6.062,1.1699,0.6754,0.3237,3.8142,3.816,1.184
1,pid_xte,3.976,3.8373,1.1944,-6.449,6.449,1.1944,0.6584,0.2632,3.8373,3.853,1.147
1,pid_xte,4.026,3.8834,1.2275,-7.069,7.069,1.2275,0.6585,0.2394,3.8834,3.757,1.243
1,pid_xte,4.076,3.9229,1.2481,-7.524,7.524,1.2481,0.6358,0.1763,3.9229,3.800,1.200
1,pid_xte,4.127,3.9894,1.2744,-8.213,8.213,1.2744,0.6249,0.1403,3.9894,3.685,1.315
1,pid_xte,4.178,4.0567,1.2936,-8.855,8.855,1.2936,0.6028,0.0873,4.0567,3.666,1.334
1,pid_xte,4.228,4.1336,1.3087,-9.559,9.559,1.3087,0.5750,0.0287,4.1336,3.590,1.410
1,pid_xte,4.278,4.2157,1.3180,-10.309,10.309,1.3180,0.5394,-0.0386,4.2157,3.506,1.494
1,pid_xte,4.329,4.2807,1.3223,-10.912,10.912,1.3223,0.4979,-0.1105,4.2807,3.498,1.502
1,pid_xte,4.379,4.3887,1.3256,-11.942,11.942,1.3256,0.4583,-0.1722,4.3887,3.230,1.770
1,pid_xte,4.429,4.4638,1.3251,-12.673,12.673,1.3251,0.4153,-0.2346,4.4638,3.273,1.727
1,pid_xte,4.480,4.5892,1.3212,-13.933,13.933,1.3212,0.3704,-0.2948,4.5892,2.938,2.062
1,pid_xte,4.530,4.7211,1.3148,-15.314,15.314,1.3148,0.3249,-0.3506,4.7211,2.762,2.238
1,pid_xte,4.580,4.8088,1.3094,-16.278,16.278,1.3094,0.2855,-0.3902,4.8088,2.841,2.159
1,pid_xte,4.630,4.9345,1.3005,-17.763,17.763,1.3005,0.2432,-0.4314,4.9345,2.494,2.506
1,pid_xte,4.680,5.0108,1.2944,-18.762,18.762,1.2944,0.2099,-0.4526,5.0108,2.605,2.395
1,pid_xte,4.731,5.0976,1.2869,-20.032,20.032,1.2869,0.1770,-0.4710,5.0976,2.386,2.614
1,pid_xte,4.781,5.1724,1.2801,-21.305,21.305,1.2801,0.1485,-0.4797,5.1724,2.283,2.717
1,pid_xte,4.831,5.2318,1.2747,-22.498,22.498,1.2747,0.1252,-0.4783,5.2318,2.224,2.776
1,pid_xte,4.881,5.2681,1.2716,-23.321,23.321,1.2716,0.1081,-0.4659,5.2681,2.315,2.685
1,pid_xte,4.932,5.3105,1.2679,-24.351,24.351,1.2679,0.0915,-0.4534,5.3105,2.155,2.845
1,pid_xte,4.982,5.3476,1.2642,-25.249,25.249,1.2642,0.0766,-0.4392,5.3476,2.145,2.855
1,pid_xte,5.032,5.3856,1.2595,-26.096,26.096,1.2595,0.0610,-0.4274,5.3856,2.101,2.899
1,pid_xte,5.082,5.4303,1.2523,-26.945,26.945,1.2523,0.0423,-0.4223,5.4303,2.030,2.970
1,pid_xte,5.133,5.4607,1.2463,-27.437,27.437,1.2463,0.0275,-0.4107,5.4607,2.132,2.868
1,pid_xte,5.183,5.5071,1.2354,-28.074,28.074,1.2354,0.0052,-0.4137,5.5071,2.005,2.995
1,pid_xte,5.233,5.5510,1.2231,-28.577,28.577,1.2231,-0.0176,-0.4172,5.5510,2.000,3.000
1,pid_xte,5.284,5.5787,1.2145,-28.856,28.856,1.2145,-0.0316,-0.4046,5.5787,2.056,2.944
1,pid_xte,5.334,5.6325,1.1965,-29.334,29.334,1.1965,-0.0614,-0.4218,5.6325,1.900,3.100
1,pid_xte,5.384,5.6919,1.1761,-29.787,29.787,1.1761,-0.0929,-0.4404,5.6919,1.835,3.165
1,pid_xte,5.434,5.7366,1.1610,-30.085,30.085,1.1610,-0.1120,-0.4350,5.7366,1.850,3.150
1,pid_xte,5.485,5.7991,1.1398,-30.456,30.456,1.1398,-0.1402,-0.4467,5.7991,1.750,3.250
1,pid_xte,5.535,5.8659,1.1165,-30.808,30.808,1.1165,-0.1698,-0.4596,5.8659,1.687,3.313
1,pid_xte,5.585,5.9333,1.0917,-31.124,31.124,1.0917,-0.1993,-0.4710,5.9333,1.632,3.368
1,pid_xte,5.635,6.0119,1.0605,-31.443,31.443,1.0605,-0.2378,-0.4980,6.0119,1.543,3.457
1,pid_xte,5.686,6.0601,1.0400,-31.611,31.611,1.0400,-0.2534,-0.4808,6.0601,1.561,3.439
1,pid_xte,5.736,6.1282,1.0085,-31.814,31.814,1.0085,-0.2873,-0.4986,6.1282,1.471,3.529
1,pid_xte,5.786,6.1903,0.9771,-31.966,31.966,0.9771,-0.3182,-0.5091,6.1903,1.422,3.578
1,pid_xte,5.836,6.2587,0.9389,-32.110,32.110,0.9389,-0.3586,-0.5360,6.2587,1.339,3.661
1,pid_xte,5.887,6.3046,0.9113,-32.206,32.206,0.9113,-0.3760,-0.5188,6.3046,1.309,3.691
1,pid_xte,5.937,6.3712,0.8700,-32.378,32.378,0.8700,-0.4166,-0.5451,6.3712,1.187,3.813
1,pid_xte,5.987,6.4390,0.8284,-32.652,32.652,0.8284,-0.4541,-0.5633,6.4390,1.051,3.949
1,pid_xte,6.038,6.4792,0.8052,-32.903,32.903,0.8052,-0.4548,-0.5133,6.4792,1.023,3.977
1,pid_xte,6.088,6.5320,0.7787,-33.401,33.401,0.7787,-0.4615,-0.4785,6.5320,0.861,4.139
1,pid_xte,6.138,6.5591,0.7674,-33.780,33.780,0.7674,-0.4397,-0.3950,6.5591,0.901,4.099
1,pid_xte,6.189,6.5885,0.7570,-34.379,34.379,0.7570,-0.4185,-0.3203,6.5885,0.789,4.211
1,pid_xte,6.239,6.6079,0.7499,-34.941,34.941,0.7499,-0.3929,-0.2446,6.6079,0.794,4.206
1,pid_xte,6.289,6.6181,0.7450,-35.316,35.316,0.7450,-0.3659,-0.1731,6.6181,0.874,4.126
1,pid_xte,6.340,6.6249,0.7401,-35.629,35.629,0.7401,-0.3415,-0.1130,6.6249,0.903,4.097
1,pid_xte,6.390,6.6309,0.7315,-36.006,36.006,0.7315,-0.3258,-0.0742,6.6309,0.863,4.137
1,pid_xte,6.440,6.6329,0.7247,-36.189,36.189,0.7247,-0.3084,-0.0358,6.6329,0.945,4.055
1,pid_xte,6.490,6.6331,0.7125,-36.354,36.354,0.7125,-0.3024,-0.0215,6.6331,0.938,4.062
1,pid_xte,6.541,6.6313,0.7010,-36.395,36.395,0.7010,-0.2957,-0.0075,6.6313,0.982,4.018
1,pid_xte,6.591,6.6274,0.6841,-36.341,36.341,0.6841,-0.2995,-0.0136,6.6274,1.005,3.995
1,pid_xte,6.641,6.6240,0.6706,-36.237,36.237,0.6706,-0.2966,-0.0070,6.6240,1.020,3.980
1,pid_xte,6.692,6.6187,0.6495,-36.005,36.005,0.6495,-0.3078,-0.0269,6.6187,1.053,3.947
1,pid_xte,6.742,6.6139,0.6278,-35.707,35.707,0.6278,-0.3190,-0.0448,6.6139,1.063,3.937
1,pid_xte,6.792,6.6093,0.6001,-35.261,35.261,0.6001,-0.3403,-0.0794,6.6093,1.099,3.901
1,pid_xte,6.842,6.6081,0.5694,-34.704,34.704,0.5694,-0.3650,-0.1171,6.6081,1.119,3.881
1,pid_xte,6.893,6.6103,0.5475,-34.272,34.272,0.5475,-0.3715,-0.1181,6.6103,1.061,3.939
1,pid_xte,6.943,6.6198,0.5135,-33.549,33.549,0.5135,-0.3992,-0.1577,6.6198,1.158,3.842
1,pid_xte,6.993,6.6348,0.4827,-32.844,32.844,0.4827,-0.4187,-0.1787,6.6348,1.138,3.862
1,pid_xte,7.043,6.6530,0.4550,-32.167,32.167,0.4550,-0.4309,-0.1844,6.6530,1.122,3.878
1,pid_xte,7.094,6.6716,0.4317,-31.553,31.553,0.4317,-0.4339,-0.1731,6.6716,1.102,3.898
1,pid_xte,7.144,6.7042,0.3980,-30.557,30.557,0.3980,-0.4556,-0.1967,6.7042,1.258,3.742
1,pid_xte,7.194,6.7377,0.3709,-29.615,29.615,0.3709,-0.4631,-0.1923,6.7377,1.249,3.751
1,pid_xte,7.245,6.7595,0.3566,-29.045,29.045,0.3566,-0.4468,-0.1451,6.7595,1.126,3.874
1,pid_xte,7.295,6.7964,0.3366,-28.148,28.148,0.3366,-0.4423,-0.1237,6.7964,1.294,3.706
1,pid_xte,7.345,6.8424,0.3162,-27.110,27.110,0.3162,-0.4389,-0.1062,6.8424,1.390,3.610
1,pid_xte,7.395,6.8905,0.2983,-26.107,26.107,0.2983,-0.4313,-0.0827,6.8905,1.418,3.582
1,pid_xte,7.446,6.9249,0.2874,-25.443,25.443,0.2874,-0.4118,-0.0397,6.9249,1.321,3.679
1,pid_xte,7.496,6.9799,0.2729,-24.463,24.463,0.2729,-0.4005,-0.0156,6.9799,1.499,3.501
1,pid_xte,7.547,7.0163,0.2647,-23.865,23.865,0.2647,-0.3787,0.0255,7.0163,1.384,3.616
1,pid_xte,7.597,7.0763,0.2520,-22.979,22.979,0.2520,-0.3671,0.0442,7.0763,1.550,3.450
1,pid_xte,7.647,7.1329,0.2395,-22.241,22.241,0.2395,-0.3561,0.0601,7.1329,1.525,3.475
1,pid_xte,7.698,7.1947,0.2246,-21.530,21.530,0.2246,-0.3506,0.0646,7.1947,1.542,3.458
1,pid_xte,7.748,7.2712,0.2050,-20.749,20.749,0.2050,-0.3541,0.0523,7.2712,1.590,3.410
1,pid_xte,7.798,7.3288,0.1900,-20.213,20.213,0.1900,-0.3491,0.0567,7.3288,1.506,3.494
1,pid_xte,7.848,7.4113,0.1684,-19.507,19.507,0.1684,-0.3565,0.0381,7.4113,1.585,3.415
1,pid_xte,7.899,7.5169,0.1411,-18.663,18.663,0.1411,-0.3736,0.0034,7.5169,1.642,3.358
1,pid_xte,7.949,7.6322,0.1117,-17.772,17.772,0.1117,-0.3928,-0.0316,7.6322,1.660,3.340
1,pid_xte,7.999,7.7176,0.0904,-17.120,17.120,0.0904,-0.3956,-0.0339,7.7176,1.570,3.430
1,pid_xte,8.050,7.8536,0.0574,-16.090,16.090,0.0574,-0.4194,-0.0742,7.8536,1.725,3.275
1,pid_xte,8.100,7.9752,0.0290,-15.175,15.175,0.0290,-0.4328,-0.0916,7.9752,1.683,3.317
1,pid_xte,8.150,8.1002,0.0012,-14.242,14.242,0.0012,-0.4437,-0.1031,8.1002,1.700,3.300
1,pid_xte,8.200,8.2627,-0.0330,-13.036,13.036,-0.0330,-0.4654,-0.1332,8.2627,1.822,3.178
1,pid_xte,8.251,8.3669,-0.0540,-12.265,12.265,-0.0540,-0.4610,-0.1130,8.3669,1.664,3.336
1,pid_xte,8.301,8.5174,-0.0834,-11.136,11.136,-0.0834,-0.4724,-0.1233,8.5174,1.831,3.169
1,pid_xte,8.351,8.6684,-0.1132,-9.939,9.939,-0.1132,-0.4834,-0.1320,8.6684,1.882,3.118
1,pid_xte,8.401,8.8222,-0.1453,-8.596,8.596,-0.1453,-0.4975,-0.1456,8.8222,1.967,3.033
1,pid_xte,8.452,8.9198,-0.1662,-7.607,7.607,-0.1662,-0.4900,-0.1188,8.9198,1.857,3.143
1,pid_xte,8.502,9.0354,-0.1901,-6.149,6.149,-0.1901,-0.4887,-0.1054,9.0354,2.107,2.893
1,pid_xte,8.552,9.1113,-0.2039,-4.881,4.881,-0.2039,-0.4690,-0.0601,9.1113,2.099,2.901
1,pid_xte,8.603,9.1744,-0.2130,-3.514,3.514,-0.2130,-0.4428,-0.0070,9.1744,2.229,2.771
1,pid_xte,8.653,9.2308,-0.2188,-1.988,1.988,-0.2188,-0.4128,0.0482,9.2308,2.400,2.600
1,pid_xte,8.703,9.2660,-0.2213,-0.945,0.945,-0.2213,-0.3795,0.1042,9.2660,2.283,2.717
1,pid_xte,8.753,9.3208,-0.2241,0.664,-0.664,-0.2241,-0.3501,0.1482,9.3208,2.631,2.369
1,pid_xte,8.804,9.3565,-0.2258,1.665,-1.665,-0.2258,-0.3211,0.1874,9.3565,2.458,2.542
1,pid_xte,8.854,9.4199,-0.2285,3.304,-3.304,-0.2285,-0.2967,0.2146,9.4199,2.830,2.170
1,pid_xte,8.904,9.4928,-0.2308,4.956,-4.956,-0.2308,-0.2737,0.2367,9.4928,2.943,2.057
1,pid_xte,8.955,9.5450,-0.2317,6.008,-6.008,-0.2317,-0.2504,0.2576,9.5450,2.771,2.229
1,pid_xte,9.005,9.6313,-0.2318,7.640,-7.640,-0.2318,-0.2278,0.2751,9.6313,3.120,1.880
1,pid_xte,9.055,9.7091,-0.2305,9.019,-9.019,-0.2305,-0.2045,0.2923,9.7091,3.111,1.889
1,pid_xte,9.106,9.7979,-0.2274,10.487,-10.487,-0.2274,-0.1802,0.3096,9.7979,3.251,1.749
1,pid_xte,9.156,9.8566,-0.2246,11.409,-11.409,-0.2246,-0.1587,0.3204,9.8566,3.098,1.902
1,pid_xte,9.206,9.9465,-0.2193,12.772,-12.772,-0.2193,-0.1345,0.3350,9.9465,3.382,1.618
1,pid_xte,9.256,10.0391,-0.2130,14.129,-14.129,-0.2130,-0.1107,0.3476,10.0391,3.482,1.518
1,pid_xte,9.307,10.1543,-0.2045,15.698,-15.698,-0.2045,-0.0851,0.3625,10.1543,3.686,1.314
1,pid_xte,9.357,10.2367,-0.1976,16.718,-16.718,-0.1976,-0.0649,0.3661,10.2367,3.538,1.462
1,pid_xte,9.407,10.3571,-0.1846,18.074,-18.074,-0.1846,-0.0353,0.3864,10.3571,3.791,1.209
1,pid_xte,9.458,10.4770,-0.1665,19.325,-19.325,-0.1665,0.0008,0.4166,10.4770,3.866,1.134
1,pid_xte,9.508,10.5510,-0.1521,20.073,-20.073,-0.1521,0.0270,0.4260,10.5510,3.737,1.263
1,pid_xte,9.558,10.6358,-0.1318,20.936,-20.936,-0.1318,0.0613,0.4494,10.6358,3.885,1.115
1,pid_xte,9.609,10.7019,-0.1129,21.636,-21.636,-0.1129,0.0900,0.4606,10.7019,3.902,1.098
1,pid_xte,9.659,10.7707,-0.0903,22.388,-22.388,-0.0903,0.1229,0.4784,10.7707,4.019,0.981
1,pid_xte,9.709,10.8098,-0.0764,22.811,-22.811,-0.0764,0.1370,0.4603,10.8098,3.931,1.069
1,pid_xte,9.759,10.8637,-0.0568,23.353,-23.353,-0.0568,0.1600,0.4602,10.8637,4.052,0.948
1,pid_xte,9.810,10.9135,-0.0394,23.790,-23.790,-0.0394,0.1771,0.4492,10.9135,4.066,0.934
1,pid_xte,9.860,10.9674,-0.0217,24.198,-24.198,-0.0217,0.1931,0.4372,10.9674,4.109,0.891
1,pid_xte,9.910,11.0166,-0.0066,24.525,-24.525,-0.0066,0.2030,0.4152,11.0166,4.117,0.883
1,pid_xte,9.961,11.0677,0.0084,24.830,-24.830,0.0084,0.2116,0.3927,11.0677,4.146,0.854
1,pid_xte,10.011,11.1244,0.0246,25.132,-25.132,0.0246,0.2216,0.3751,11.1244,4.188,0.812
1,pid_xte,10.061,11.1671,0.0367,25.337,-25.337,0.0367,0.2233,0.3439,11.1671,4.172,0.828
1,pid_xte,10.111,11.2325,0.0554,25.613,-25.613,0.0554,0.2369,0.3373,11.2325,4.248,0.752
1,pid_xte,10.162,11.2767,0.0684,25.771,-25.771,0.0684,0.2389,0.3101,11.2767,4.223,0.777
1,pid_xte,10.212,11.3411,0.0882,25.950,-25.950,0.0882,0.2531,0.3075,11.3411,4.275,0.725
1,pid_xte,10.262,11.3978,0.1070,26.042,-26.042,0.1070,0.2642,0.2995,11.3978,4.273,0.727
1,pid_xte,10.313,11.4441,0.1241,26.052,-26.052,0.1241,0.2710,0.2845,11.4441,4.263,0.737
1,pid_xte,10.363,11.4909,0.1433,25.976,-25.976,0.1433,0.2812,0.2771,11.4909,4.253,0.747
1,pid_xte,10.413,11.5198,0.1564,25.877,-25.877,0.1564,0.2793,0.2482,11.5198,4.249,0.751
1,pid_xte,10.464,11.5625,0.1768,25.649,-25.649,0.1768,0.2908,0.2464,11.5625,4.216,0.784
1,pid_xte,10.514,11.5904,0.1903,25.449,-25.449,0.1903,0.2888,0.2203,11.5904,4.228,0.772
1,pid_xte,10.564,11.6303,0.2097,25.089,-25.089,0.2097,0.2977,0.2164,11.6303,4.171,0.829
1,pid_xte,10.614,11.6638,0.2259,24.717,-24.717,0.2259,0.2998,0.2005,11.6638,4.165,0.835
1,pid_xte,10.665,11.6974,0.2419,24.280,-24.280,0.2419,0.3015,0.1852,11.6974,4.132,0.868
1,pid_xte,10.715,11.7221,0.2535,23.914,-23.914,0.2535,0.2951,0.1567,11.7221,4.148,0.852
1,pid_xte,10.765,11.7600,0.2712,23.276,-23.276,0.2712,0.3003,0.1518,11.7600,4.024,0.976
1,pid_xte,10.816,11.7955,0.2876,22.597,-22.597,0.2876,0.3026,0.1421,11.7955,3.991,1.009
1,pid_xte,10.866,11.8190,0.2984,22.104,-22.104,0.2984,0.2947,0.1147,11.8190,4.045,0.955
1,pid_xte,10.916,11.8534,0.3142,21.322,-21.322,0.3142,0.2965,0.1075,11.8534,3.901,1.099
1,pid_xte,10.966,11.8757,0.3245,20.776,-20.776,0.3245,0.2881,0.0824,11.8757,3.972,1.028
1,pid_xte,11.016,11.9071,0.3390,19.959,-19.959,0.3390,0.2881,0.0749,11.9071,3.831,1.169
1,pid_xte,11.067,11.9327,0.3508,19.251,-19.251,0.3508,0.2833,0.0593,11.9327,3.847,1.153
1,pid_xte,11.117,11.9615,0.3640,18.418,-18.418,0.3640,0.2814,0.0505,11.9615,3.763,1.237
1,pid_xte,11.167,11.9816,0.3730,17.819,-17.819,0.3730,0.2721,0.0289,11.9816,3.828,1.172
1,pid_xte,11.217,12.0128,0.3862,16.873,-16.873,0.3862,0.2712,0.0247,12.0128,3.647,1.353
1,pid_xte,11.268,12.0453,0.3986,15.886,-15.886,0.3986,0.2690,0.0184,12.0453,3.588,1.412
1,pid_xte,11.318,12.0670,0.4059,15.231,-15.231,0.4059,0.2577,-0.0038,12.0670,3.688,1.312
1,pid_xte,11.368,12.0891,0.4125,14.568,-14.568,0.4125,0.2462,-0.0244,12.0891,3.645,1.355
1,pid_xte,11.418,12.1227,0.4208,13.576,-13.576,0.4208,0.2387,-0.0357,12.1227,3.457,1.543
1,pid_xte,11.469,12.1591,0.4276,12.527,-12.527,0.4276,0.2292,-0.0497,12.1591,3.376,1.624
1,pid_xte,11.519,12.1831,0.4309,11.853,-11.853,0.4309,0.2144,-0.0721,12.1831,3.485,1.515
1,pid_xte,11.569,12.2213,0.4348,10.798,-10.798,0.4348,0.2018,-0.0883,12.2213,3.265,1.735
1,pid_xte,11.620,12.2474,0.4367,10.085,-10.085,0.4367,0.1868,-0.1075,12.2474,3.355,1.645
1,pid_xte,11.670,12.2877,0.4387,9.004,-9.004,0.4387,0.1733,-0.1222,12.2877,3.134,1.866
1,pid_xte,11.720,12.3156,0.4396,8.275,-8.275,0.4396,0.1591,-0.1368,12.3156,3.228,1.772
1,pid_xte,11.771,12.3585,0.4406,7.194,-7.194,0.4406,0.1464,-0.1474,12.3585,3.014,1.986
1,pid_xte,11.821,12.3955,0.4413,6.297,-6.297,0.4413,0.1343,-0.1560,12.3955,3.032,1.968
1,pid_xte,11.871,12.4380,0.4419,5.275,-5.275,0.4419,0.1230,-0.1622,12.4380,2.916,2.084
1,pid_xte,11.922,12.4700,0.4422,4.503,-4.503,0.4422,0.1123,-0.1667,12.4700,2.969,2.031
1,pid_xte,11.972,12.5168,0.4428,3.329,-3.329,0.4428,0.1032,-0.1681,12.5168,2.732,2.268
1,pid_xte,12.022,12.5627,0.4439,2.097,-2.097,0.4439,0.0956,-0.1665,12.5627,2.636,2.364
1,pid_xte,12.073,12.6019,0.4454,0.939,-0.939,0.4454,0.0896,-0.1622,12.6019,2.601,2.399
1,pid_xte,12.123,12.6251,0.4467,0.197,-0.197,0.4467,0.0838,-0.1579,12.6251,2.731,2.269
1,pid_xte,12.173,12.6616,0.4497,-1.073,1.073,0.4497,0.0816,-0.1475,12.6616,2.447,2.553
1,pid_xte,12.224,12.6988,0.4541,-2.491,2.491,0.4541,0.0822,-0.1329,12.6988,2.315,2.685
1,pid_xte,12.274,12.7219,0.4575,-3.405,3.405,0.4575,0.0808,-0.1233,12.7219,2.479,2.521
1,pid_xte,12.324,12.7539,0.4626,-4.654,4.654,0.4626,0.0827,-0.1086,12.7539,2.282,2.718
1,pid_xte,12.374,12.7832,0.4671,-5.718,5.718,0.4671,0.0834,-0.0974,12.7832,2.308,2.692
1,pid_xte,12.425,12.8161,0.4714,-6.782,6.782,0.4714,0.0835,-0.0883,12.8161,2.256,2.744
1,pid_xte,12.475,12.8403,0.4736,-7.476,7.476,0.4736,0.0799,-0.0869,12.8403,2.373,2.627
1,pid_xte,12.525,12.8818,0.4751,-8.514,8.514,0.4751,0.0754,-0.0872,12.8818,2.172,2.828
1,pid_xte,12.575,12.9271,0.4741,-9.474,9.474,0.4741,0.0666,-0.0951,12.9271,2.145,2.855
1,pid_xte,12.626,12.9711,0.4723,-10.283,10.283,0.4723,0.0573,-0.1034,12.9711,2.154,2.846
1,pid_xte,12.676,13.0003,0.4710,-10.767,10.767,0.4710,0.0497,-0.1076,13.0003,2.255,2.745
1,pid_xte,12.726,13.0565,0.4681,-11.590,11.590,0.4681,0.0399,-0.1157,13.0565,2.058,2.942
1,pid_xte,12.776,13.1164,0.4641,-12.340,12.340,0.4641,0.0290,-0.1250,13.1164,2.035,2.965
1,pid_xte,12.827,13.1890,0.4582,-13.131,13.131,0.4582,0.0156,-0.1379,13.1890,1.957,3.043
1,pid_xte,12.877,13.2638,0.4512,-13.859,13.859,0.4512,0.0014,-0.1510,13.2638,1.926,3.074
1,pid_xte,12.928,13.3515,0.4417,-14.638,14.638,0.4417,-0.0158,-0.1685,13.3515,1.836,3.164
1,pid_xte,12.978,13.4069,0.4351,-15.095,15.095,0.4351,-0.0265,-0.1725,13.4069,1.928,3.072
1,pid_xte,13.028,13.4905,0.4239,-15.733,15.733,0.4239,-0.0444,-0.1892,13.4905,1.790,3.210
1,pid_xte,13.079,13.5706,0.4118,-16.302,16.302,0.4118,-0.0623,-0.2045,13.5706,1.759,3.241
1,pid_xte,13.129,13.6646,0.3956,-16.930,16.930,0.3956,-0.0860,-0.2288,13.6646,1.661,3.339
1,pid_xte,13.179,13.7567,0.3783,-17.504,17.504,0.3783,-0.1096,-0.2509,13.7567,1.613,3.387
1,pid_xte,13.229,13.8581,0.3581,-18.093,18.093,0.3581,-0.1363,-0.2765,13.8581,1.529,3.471
1,pid_xte,13.280,13.9417,0.3409,-18.551,18.551,0.3409,-0.1552,-0.2855,13.9417,1.523,3.477
1,pid_xte,13.330,14.0754,0.3114,-19.244,19.244,0.3114,-0.1947,-0.3312,14.0754,1.320,3.680
1,pid_xte,13.380,14.1727,0.2886,-19.729,19.729,0.2886,-0.2181,-0.3435,14.1727,1.336,3.664
1,pid_xte,13.431,14.3198,0.2531,-20.444,20.444,0.2531,-0.2627,-0.3931,14.3198,1.123,3.877
1,pid_xte,13.481,14.4786,0.2105,-21.189,21.189,0.2105,-0.3162,-0.4543,14.4786,0.974,4.026
1,pid_xte,13.531,14.6305,0.1687,-21.888,21.888,0.1687,-0.3631,-0.4981,14.6305,0.869,4.131
1,pid_xte,13.581,14.7624,0.1309,-22.510,22.510,0.1309,-0.3987,-0.5172,14.7624,0.794,4.206
1,pid_xte,13.632,14.8670,0.1001,-23.041,23.041,0.1001,-0.4184,-0.5058,14.8670,0.754,4.246
1,pid_xte,13.682,14.9965,0.0615,-23.815,23.815,0.0615,-0.4502,-0.5174,14.9965,0.542,4.458
1,pid_xte,13.732,15.0871,0.0343,-24.523,24.523,0.0343,-0.4585,-0.4852,15.0871,0.497,4.503
1,pid_xte,13.782,15.1434,0.0170,-25.125,25.125,0.0170,-0.4481,-0.4220,15.1434,0.502,4.498
1,pid_xte,13.833,15.1862,0.0035,-25.755,25.755,0.0035,-0.4318,-0.3538,15.1862,0.461,4.539
1,pid_xte,13.883,15.2097,-0.0041,-26.197,26.197,-0.0041,-0.4062,-0.2750,15.2097,0.533,4.467
1,pid_xte,13.933,15.2355,-0.0122,-26.744,26.744,-0.0122,-0.3838,-0.2092,15.2355,0.476,4.524
1,pid_xte,13.983,15.2561,-0.0185,-27.157,27.157,-0.0185,-0.3600,-0.1468,15.2561,0.527,4.473
1,pid_xte,14.034,15.2779,-0.0246,-27.495,27.495,-0.0246,-0.3383,-0.0939,15.2779,0.557,4.443
1,pid_xte,14.084,15.2927,-0.0286,-27.666,27.666,-0.0286,-0.3146,-0.0423,15.2927,0.637,4.363
1,pid_xte,14.134,15.3174,-0.0347,-27.860,27.860,-0.0347,-0.2969,-0.0063,15.3174,0.629,4.371
1,pid_xte,14.185,15.3414,-0.0395,-27.946,27.946,-0.0395,-0.2785,0.0277,15.3414,0.683,4.317
1,pid_xte,14.235,15.3618,-0.0418,-27.923,27.923,-0.0418,-0.2572,0.0639,15.3618,0.749,4.251
1,pid_xte,14.285,15.3717,-0.0416,-27.857,27.857,-0.0416,-0.2333,0.1014,15.3717,0.794,4.206
1,pid_xte,14.335,15.3829,-0.0391,-27.681,27.681,-0.0391,-0.2076,0.1390,15.3829,0.877,4.123
1,pid_xte,14.386,15.3918,-0.0339,-27.354,27.354,-0.0339,-0.1791,0.1781,15.3918,0.991,4.009
1,pid_xte,14.436,15.3964,-0.0299,-27.069,27.069,-0.0299,-0.1554,0.2048,15.3964,1.016,3.984
1,pid_xte,14.487,15.4031,-0.0240,-26.546,26.546,-0.0240,-0.1306,0.2311,15.4031,1.172,3.828
1,pid_xte,14.537,15.4114,-0.0190,-25.877,25.877,-0.0190,-0.1095,0.2482,15.4114,1.295,3.705
1,pid_xte,14.587,15.4189,-0.0167,-25.351,25.351,-0.0167,-0.0953,0.2514,15.4189,1.280,3.720
1,pid_xte,14.638,15.4336,-0.0152,-24.473,24.473,-0.0152,-0.0838,0.2493,15.4336,1.485,3.515
1,pid_xte,14.688,15.4495,-0.0157,-23.586,23.586,-0.0157,-0.0771,0.2386,15.4495,1.541,3.459
1,pid_xte,14.738,15.4704,-0.0182,-22.507,22.507,-0.0182,-0.0745,0.2215,15.4704,1.679,3.321
1,pid_xte,14.788,15.4869,-0.0209,-21.714,21.714,-0.0209,-0.0726,0.2048,15.4869,1.600,3.400
1,pid_xte,14.838,15.5162,-0.0263,-20.423,20.423,-0.0263,-0.0759,0.1802,15.5162,1.867,3.133
1,pid_xte,14.889,15.5452,-0.0320,-19.253,19.253,-0.0320,-0.0793,0.1576,15.5452,1.868,3.132
1,pid_xte,14.939,15.5822,-0.0392,-17.869,17.869,-0.0392,-0.0852,0.1324,15.5822,2.017,2.983
1,pid_xte,14.989,15.6070,-0.0439,-16.988,16.988,-0.0439,-0.0858,0.1192,15.6070,1.848,3.152
1,pid_xte,15.040,15.6521,-0.0517,-15.480,15.480,-0.0517,-0.0922,0.0967,15.6521,2.174,2.826
1,pid_xte,15.090,15.7012,-0.0596,-14.003,14.003,-0.0596,-0.0981,0.0771,15.7012,2.225,2.775
1,pid_xte,15.140,15.7481,-0.0668,-12.748,12.748,-0.0668,-0.1023,0.0624,15.7481,2.186,2.814
1,pid_xte,15.190,15.7991,-0.0744,-11.515,11.515,-0.0744,-0.1068,0.0486,15.7991,2.230,2.770
1,pid_xte,15.241,15.8418,-0.0804,-10.558,10.558,-0.0804,-0.1079,0.0421,15.8418,2.156,2.844
1,pid_xte,15.291,15.8991,-0.0875,-9.327,9.327,-0.0875,-0.1109,0.0328,15.8991,2.325,2.675
1,pid_xte,15.341,15.9558,-0.0928,-8.122,8.122,-0.0928,-0.1105,0.0307,15.9558,2.374,2.626
1,pid_xte,15.392,16.0098,-0.0963,-7.000,7.000,-0.0963,-0.1067,0.0348,16.0098,2.397,2.603
1,pid_xte,15.442,16.0730,-0.0992,-5.763,5.763,-0.0992,-0.1022,0.0397,16.0730,2.512,2.488
1,pid_xte,15.492,16.1135,-0.1005,-5.008,5.008,-0.1005,-0.0953,0.0487,16.1135,2.357,2.643
1,pid_xte,15.542,16.1726,-0.1019,-3.876,3.876,-0.1019,-0.0892,0.0553,16.1726,2.578,2.422
1,pid_xte,15.593,16.2066,-0.1023,-3.144,3.144,-0.1023,-0.0817,0.0638,16.2066,2.456,2.544
1,pid_xte,15.643,16.2488,-0.1019,-2.062,2.062,-0.1019,-0.0736,0.0728,16.2488,2.668,2.332
1,pid_xte,15.693,16.2707,-0.1013,-1.394,1.394,-0.1013,-0.0657,0.0804,16.2707,2.538,2.462
1,pid_xte,15.743,16.2990,-0.1003,-0.414,0.414,-0.1003,-0.0578,0.0874,16.2990,2.729,2.271
1,pid_xte,15.794,16.3204,-0.0996,0.382,-0.382,-0.0996,-0.0514,0.0912,16.3204,2.701,2.299
1,pid_xte,15.844,16.3433,-0.0994,1.242,-1.242,-0.0994,-0.0462,0.0923,16.3433,2.778,2.222
1,pid_xte,15.894,16.3665,-0.0997,2.070,-2.070,-0.0997,-0.0426,0.0903,16.3665,2.811,2.189
1,pid_xte,15.944,16.3887,-0.1007,2.814,-2.814,-0.1007,-0.0405,0.0860,16.3887,2.816,2.184
1,pid_xte,15.995,16.4121,-0.1022,3.561,-3.561,-0.1022,-0.0396,0.0797,16.4121,2.856,2.144
1,pid_xte,16.045,16.4355,-0.1041,4.275,-4.275,-0.1041,-0.0395,0.0727,16.4355,2.878,2.122
1,pid_xte,16.095,16.4490,-0.1053,4.679,-4.679,-0.1053,-0.0379,0.0689,16.4490,2.770,2.230
1,pid_xte,16.145,16.4697,-0.1068,5.286,-5.286,-0.1068,-0.0373,0.0638,16.4697,2.886,2.114
1,pid_xte,16.196,16.4909,-0.1079,5.897,-5.897,-0.1079,-0.0358,0.0605,16.4909,2.918,2.082
1,pid_xte,16.246,16.5123,-0.1082,6.506,-6.506,-0.1082,-0.0330,0.0601,16.5123,2.953,2.047
1,pid_xte,16.296,16.5339,-0.1072,7.088,-7.088,-0.1072,-0.0282,0.0634,16.5339,2.978,2.022
1,pid_xte,16.347,16.5599,-0.1043,7.721,-7.721,-0.1043,-0.0203,0.0719,16.5599,3.043,1.957
1,pid_xte,16.397,16.5788,-0.1012,8.122,-8.122,-0.1012,-0.0130,0.0787,16.5788,2.979,2.021
1,pid_xte,16.447,16.6107,-0.0950,8.703,-8.703,-0.0950,-0.0004,0.0942,16.6107,3.101,1.899
1,pid_xte,16.498,16.6359,-0.0895,9.095,-9.095,-0.0895,0.0095,0.1037,16.6359,3.059,1.941
1,pid_xte,16.548,16.6806,-0.0796,9.699,-9.699,-0.0796,0.0267,0.1254,16.6806,3.206,1.794
1,pid_xte,16.598,16.7297,-0.0691,10.278,-10.278,-0.0691,0.0434,0.1443,16.7297,3.254,1.746
1,pid_xte,16.649,16.7761,-0.0597,10.767,-10.767,-0.0597,0.0564,0.1547,16.7761,3.264,1.736
1,pid_xte,16.699,16.8355,-0.0488,11.315,-11.315,-0.0488,0.0711,0.1672,16.8355,3.343,1.657
1,pid_xte,16.749,16.8832,-0.0404,11.708,-11.708,-0.0404,0.0799,0.1681,16.8832,3.316,1.684
1,pid_xte,16.799,16.9577,-0.0271,12.264,-12.264,-0.0271,0.0966,0.1831,16.9577,3.443,1.557
1,pid_xte,16.850,17.0263,-0.0141,12.731,-12.731,-0.0141,0.1115,0.1933,17.0263,3.458,1.542
1,pid_xte,16.900,17.0804,-0.0033,13.068,-13.068,-0.0033,0.1210,0.1930,17.0804,3.443,1.557
1,pid_xte,16.950,17.1739,0.0166,13.584,-13.584,0.0166,0.1462,0.2211,17.1739,3.589,1.411
1,pid_xte,17.001,17.2589,0.0365,13.982,-13.982,0.0365,0.1689,0.2421,17.2589,3.603,1.397
1,pid_xte,17.051,17.3415,0.0572,14.326,-14.326,0.0572,0.1910,0.2602,17.3415,3.641,1.359
1,pid_xte,17.101,17.4318,0.0806,14.689,-14.689,0.0806,0.2161,0.2819,17.4318,3.717,1.283
1,pid_xte,17.151,17.5144,0.1027,15.041,-15.041,0.1027,0.2365,0.2933,17.5144,3.773,1.227
1,pid_xte,17.202,17.5770,0.1198,15.336,-15.336,0.1198,0.2460,0.2838,17.5770,3.792,1.208
1,pid_xte,17.252,17.6236,0.1329,15.577,-15.577,0.1329,0.2474,0.2603,17.6236,3.796,1.204
1,pid_xte,17.302,17.6712,0.1460,15.819,-15.819,0.1460,0.2485,0.2386,17.6712,3.824,1.176
1,pid_xte,17.353,17.7056,0.1548,15.967,-15.967,0.1548,0.2418,0.2046,17.7056,3.794,1.206
1,pid_xte,17.403,17.7578,0.1673,16.124,-16.124,0.1673,0.2425,0.1871,17.7578,3.820,1.180
1,pid_xte,17.453,17.7977,0.1767,16.195,-16.195,0.1767,0.2374,0.1609,17.7977,3.792,1.208
1,pid_xte,17.504,17.8581,0.1907,16.246,-16.246,0.1907,0.2411,0.1529,17.8581,3.804,1.196
1,pid_xte,17.554,17.9301,0.2069,16.248,-16.248,0.2069,0.2484,0.1522,17.9301,3.807,1.193
1,pid_xte,17.605,18.0037,0.2232,16.198,-16.198,0.2232,0.2553,0.1506,18.0037,3.806,1.194
1,pid_xte,17.655,18.0974,0.2435,16.080,-16.080,0.2435,0.2688,0.1614,18.0974,3.806,1.194
1,pid_xte,17.705,18.1673,0.2583,15.963,-15.963,0.2583,0.2711,0.1509,18.1673,3.817,1.183
1,pid_xte,17.756,18.2390,0.2732,15.821,-15.821,0.2732,0.2734,0.1412,18.2390,3.816,1.184
1,pid_xte,17.806,18.3510,0.2958,15.560,-15.560,0.2958,0.2894,0.1574,18.3510,3.792,1.208
1,pid_xte,17.856,18.4719,0.3195,15.237,-15.237,0.3195,0.3060,0.1732,18.4719,3.789,1.211
1,pid_xte,17.907,18.5648,0.3372,14.967,-14.967,0.3372,0.3101,0.1647,18.5648,3.818,1.182
1,pid_xte,17.957,18.7031,0.3617,14.531,-14.531,0.3617,0.3264,0.1793,18.7031,3.767,1.233
1,pid_xte,18.007,18.8335,0.3835,14.073,-14.073,0.3835,0.3361,0.1806,18.8335,3.766,1.234
1,pid_xte,18.057,18.9803,0.4062,13.497,-13.497,0.4062,0.3467,0.1832,18.9803,3.720,1.280
1,pid_no_xte,0.000,0.2718,-0.0059,0.532,-0.532,-0.0059,0.0000,0.0000,0.2718,6.000,0.000
1,pid_no_xte,0.050,0.2959,-0.0085,0.562,-0.562,-0.0085,-0.0047,-0.0085,0.2959,2.542,2.458
1,pid_no_xte,0.101,0.3450,-0.0126,0.540,-0.540,-0.0126,-0.0117,-0.0205,0.3450,2.519,2.481
1,pid_no_xte,0.151,0.3983,-0.0158,0.487,-0.487,-0.0158,-0.0165,-0.0273,0.3983,2.504,2.496
1,pid_no_xte,0.201,0.4629,-0.0183,0.403,-0.403,-0.0183,-0.0195,-0.0302,0.4629,2.486,2.514
1,pid_no_xte,0.252,0.5146,-0.0192,0.326,-0.326,-0.0192,-0.0194,-0.0273,0.5146,2.485,2.515
1,pid_no_xte,0.302,0.6021,-0.0188,0.186,-0.186,-0.0188,-0.0169,-0.0203,0.6021,2.451,2.549
1,pid_no_xte,0.352,0.6973,-0.0164,0.047,-0.047,-0.0164,-0.0109,-0.0076,0.6973,2.445,2.555
1,pid_no_xte,0.403,0.7643,-0.0140,-0.027,0.027,-0.0140,-0.0057,0.0027,0.7643,2.468,2.532
1,pid_no_xte,0.453,0.8716,-0.0101,-0.095,0.095,-0.0101,0.0020,0.0163,0.8716,2.467,2.533
1,pid_no_xte,0.503,0.9505,-0.0073,-0.106,0.106,-0.0073,0.0069,0.0238,0.9505,2.490,2.510
1,pid_no_xte,0.553,1.0733,-0.0018,-0.061,0.061,-0.0018,0.0162,0.0385,1.0733,2.516,2.484
1,pid_no_xte,0.604,1.1842,0.0039,0.022,-0.022,0.0039,0.0252,0.0512,1.1842,2.536,2.464
1,pid_no_xte,0.654,1.3013,0.0097,0.131,-0.131,0.0097,0.0334,0.0616,1.3013,2.552,2.448
1,pid_no_xte,0.704,1.3983,0.0143,0.233,-0.233,0.0143,0.0387,0.0656,1.3983,2.555,2.445
1,pid_no_xte,0.755,1.5476,0.0210,0.408,-0.408,0.0210,0.0474,0.0753,1.5476,2.594,2.406
1,pid_no_xte,0.805,1.6890,0.0268,0.610,-0.610,0.0268,0.0535,0.0796,1.6890,2.616,2.384
1,pid_no_xte,0.855,1.8162,0.0311,0.862,-0.862,0.0311,0.0565,0.0778,1.8162,2.650,2.350
1,pid_no_xte,0.905,1.9604,0.0351,1.241,-1.241,0.0351,0.0586,0.0744,1.9604,2.723,2.277
1,pid_no_xte,0.956,2.0892,0.0382,1.663,-1.663,0.0382,0.0589,0.0682,2.0892,2.763,2.237
1,pid_no_xte,1.006,2.1757,0.0406,2.002,-2.002,0.0406,0.0578,0.0601,2.1757,2.746,2.254
1,pid_no_xte,1.056,2.2951,0.0445,2.531,-2.531,0.0445,0.0596,0.0578,2.2951,2.853,2.147
1,pid_no_xte,1.106,2.4367,0.0485,3.215,-3.215,0.0485,0.0614,0.0557,2.4367,2.953,2.047
1,pid_no_xte,1.157,2.5656,0.0484,3.903,-3.903,0.0484,0.0556,0.0401,2.5656,2.991,2.009
1,pid_no_xte,1.207,2.6639,0.0469,4.514,-4.514,0.0469,0.0479,0.0224,2.6639,2.990,2.010
1,pid_no_xte,1.257,2.7221,0.0469,4.931,-4.931,0.0469,0.0434,0.0122,2.7221,2.932,2.068
1,pid_no_xte,1.308,2.7862,0.0497,5.475,-5.475,0.0497,0.0446,0.0132,2.7862,3.013,1.987
1,pid_no_xte,1.358,2.8290,0.0568,5.942,-5.942,0.0568,0.0534,0.0280,2.8290,3.005,1.995
1,pid_no_xte,1.408,2.8520,0.0668,6.267,-6.267,0.0668,0.0668,0.0498,2.8520,2.964,2.036
1,pid_no_xte,1.459,2.8678,0.0811,6.532,-6.532,0.0811,0.0865,0.0812,2.8678,2.952,2.048
1,pid_no_xte,1.509,2.8820,0.0999,6.745,-6.745,0.0999,0.1129,0.1216,2.8820,2.942,2.058
1,pid_no_xte,1.559,2.8957,0.1194,6.878,-6.878,0.1194,0.1379,0.1561,2.8957,2.915,2.085
1,pid_no_xte,1.610,2.9121,0.1416,6.953,-6.953,0.1416,0.1658,0.1923,2.9121,2.895,2.105
1,pid_no_xte,1.660,2.9304,0.1658,6.963,-6.963,0.1658,0.1945,0.2269,2.9304,2.869,2.131
1,pid_no_xte,1.710,2.9426,0.1820,6.938,-6.938,0.1820,0.2063,0.2277,2.9426,2.852,2.148
1,pid_no_xte,1.760,2.9638,0.2115,6.839,-6.839,0.2115,0.2411,0.2701,2.9638,2.817,2.183
1,pid_no_xte,1.811,2.9856,0.2457,6.664,-6.664,0.2457,0.2811,0.3182,2.9856,2.776,2.224
1,pid_no_xte,1.861,2.9988,0.2687,6.519,-6.519,0.2687,0.2973,0.3185,2.9988,2.781,2.219
1,pid_no_xte,1.911,3.0188,0.3056,6.256,-6.256,0.3056,0.3371,0.3617,3.0188,2.718,2.282
1,pid_no_xte,1.961,3.0329,0.3302,6.061,-6.061,0.3302,0.3510,0.3540,3.0329,2.736,2.264
1,pid_no_xte,2.012,3.0576,0.3657,5.758,-5.758,0.3657,0.3834,0.3806,3.0576,2.675,2.325
1,pid_no_xte,2.062,3.0774,0.3878,5.559,-5.559,0.3878,0.3887,0.3553,3.0774,2.708,2.292
1,pid_no_xte,2.112,3.1122,0.4185,5.286,-5.286,0.4185,0.4088,0.3594,3.1122,2.663,2.337
1,pid_no_xte,2.163,3.1458,0.4412,5.089,-5.089,0.4412,0.4128,0.3339,3.1458,2.685,2.315
1,pid_no_xte,2.213,3.1845,0.4603,4.925,-4.925,0.4603,0.4099,0.2981,3.1845,2.689,2.311
1,pid_no_xte,2.263,3.2106,0.4695,4.840,-4.840,0.4695,0.3891,0.2330,3.2106,2.718,2.282
1,pid_no_xte,2.314,3.2556,0.4798,4.730,-4.730,0.4798,0.3721,0.1808,3.2556,2.702,2.298
1,pid_no_xte,2.364,3.3036,0.4855,4.644,-4.644,0.4855,0.3485,0.1214,3.3036,2.707,2.293
1,pid_no_xte,2.414,3.3318,0.4877,4.599,-4.599,0.4877,0.3207,0.0597,3.3318,2.722,2.278
1,pid_no_xte,2.464,3.3747,0.4899,4.540,-4.540,0.4899,0.2953,0.0081,3.3747,2.713,2.287
1,pid_no_xte,2.515,3.4167,0.4911,4.496,-4.496,0.4911,0.2705,-0.0376,3.4167,2.717,2.283
1,pid_no_xte,2.565,3.4590,0.4928,4.477,-4.477,0.4928,0.2489,-0.0735,3.4590,2.727,2.273
1,pid_no_xte,2.615,3.4839,0.4947,4.484,-4.484,0.4947,0.2297,-0.1017,3.4839,2.738,2.262
1,pid_no_xte,2.666,3.5152,0.4993,4.508,-4.508,0.4993,0.2169,-0.1156,3.5152,2.746,2.254
1,pid_no_xte,2.716,3.5395,0.5052,4.529,-4.529,0.5052,0.2079,-0.1214,3.5395,2.745,2.255
1,pid_no_xte,2.766,3.5618,0.5144,4.529,-4.529,0.5144,0.2056,-0.1145,3.5618,2.737,2.263
1,pid_no_xte,2.816,3.5826,0.5289,4.492,-4.492,0.5289,0.2131,-0.0903,3.5826,2.720,2.280
1,pid_no_xte,2.867,3.5994,0.5481,4.407,-4.407,0.5481,0.2285,-0.0542,3.5994,2.696,2.304
1,pid_no_xte,2.917,3.6090,0.5650,4.317,-4.317,0.5650,0.2383,-0.0314,3.6090,2.688,2.312
1,pid_no_xte,2.968,3.6194,0.5954,4.135,-4.135,0.5954,0.2718,0.0323,3.6194,2.641,2.359
1,pid_no_xte,3.018,3.6235,0.6200,3.980,-3.980,0.6200,0.2914,0.0650,3.6235,2.644,2.356
1,pid_no_xte,3.069,3.6249,0.6604,3.727,-3.727,0.6604,0.3380,0.1437,3.6249,2.590,2.410
1,pid_no_xte,3.119,3.6226,0.7081,3.454,-3.454,0.7081,0.3936,0.2314,3.6226,2.568,2.432
1,pid_no_xte,3.171,3.6201,0.7432,3.284,-3.284,0.7432,0.4205,0.2585,3.6201,2.603,2.397
1,pid_no_xte,3.221,3.6152,0.7981,3.078,-3.078,0.7981,0.4817,0.3460,3.6152,2.575,2.425
1,pid_no_xte,3.272,3.6108,0.8439,2.967,-2.967,0.8439,0.5207,0.3852,3.6108,2.609,2.391
1,pid_no_xte,3.322,3.6062,0.8917,2.918,-2.918,0.8917,0.5599,0.4211,3.6062,2.633,2.367
1,pid_no_xte,3.373,3.6018,0.9366,2.935,-2.935,0.9366,0.5902,0.4376,3.6018,2.660,2.340
1,pid_no_xte,3.423,3.5983,0.9731,2.988,-2.988,0.9731,0.6025,0.4199,3.5983,2.678,2.322
1,pid_no_xte,3.473,3.5959,0.9999,3.048,-3.048,0.9999,0.5961,0.3700,3.5959,2.684,2.316
1,pid_no_xte,3.524,3.5934,1.0327,3.141,-3.141,1.0327,0.6012,0.3453,3.5934,2.703,2.297
1,pid_no_xte,3.574,3.5908,1.0741,3.281,-3.281,1.0741,0.6213,0.3502,3.5908,2.730,2.270
1,pid_no_xte,3.624,3.5882,1.1203,3.450,-3.450,1.1203,0.6484,0.3674,3.5882,2.751,2.249
1,pid_no_xte,3.675,3.5868,1.1549,3.586,-3.586,1.1549,0.6522,0.3408,3.5868,2.744,2.256
1,pid_no_xte,3.725,3.5870,1.2082,3.799,-3.799,1.2082,0.6891,0.3766,3.5870,2.787,2.213
1,pid_no_xte,3.776,3.5907,1.2439,3.931,-3.931,1.2439,0.6908,0.3452,3.5907,2.761,2.239
1,pid_no_xte,3.826,3.6039,1.2899,4.096,-4.096,1.2899,0.7112,0.3506,3.6039,2.783,2.217
1,pid_no_xte,3.877,3.6298,1.3309,4.245,-4.245,1.3309,0.7194,0.3330,3.6298,2.783,2.217
1,pid_no_xte,3.927,3.6668,1.3670,4.379,-4.379,1.3670,0.7194,0.3026,3.6668,2.785,2.215
1,pid_no_xte,3.979,3.7090,1.3976,4.487,-4.487,1.3976,0.7080,0.2537,3.7090,2.779,2.221
1,pid_no_xte,4.029,3.7479,1.4207,4.566,-4.566,1.4207,0.6852,0.1890,3.7479,2.772,2.228
1,pid_no_xte,4.080,3.8191,1.4540,4.697,-4.697,1.4540,0.6820,0.1657,3.8191,2.799,2.201
1,pid_no_xte,4.131,3.8735,1.4733,4.792,-4.792,1.4733,0.6546,0.1007,3.8735,2.790,2.210
1,pid_no_xte,4.181,3.9596,1.4980,4.902,-4.902,1.4980,0.6396,0.0643,3.9596,2.802,2.198
1,pid_no_xte,4.232,4.0245,1.5143,4.944,-4.944,1.5143,0.6101,0.0049,4.0245,2.776,2.224
1,pid_no_xte,4.283,4.1346,1.5374,4.969,-4.969,1.5374,0.5952,-0.0227,4.1346,2.770,2.230
1,pid_no_xte,4.334,4.2510,1.5570,4.929,-4.929,1.5570,0.5762,-0.0551,4.2510,2.742,2.258
1,pid_no_xte,4.385,4.3539,1.5724,4.828,-4.828,1.5724,0.5509,-0.0959,4.3539,2.711,2.289
1,pid_no_xte,4.435,4.4780,1.5894,4.643,-4.643,1.5894,0.5308,-0.1235,4.4780,2.667,2.333
1,pid_no_xte,4.486,4.5658,1.6008,4.482,-4.482,1.6008,0.5031,-0.1626,4.5658,2.668,2.332
1,pid_no_xte,4.536,4.6908,1.6169,4.219,-4.219,1.6169,0.4861,-0.1785,4.6908,2.612,2.388
1,pid_no_xte,4.588,4.7997,1.6310,3.960,-3.960,1.6310,0.4663,-0.1979,4.7997,2.602,2.398
1,pid_no_xte,4.638,4.9172,1.6469,3.641,-3.641,1.6469,0.4526,-0.2046,4.9172,2.558,2.442
1,pid_no_xte,4.689,4.9870,1.6570,3.424,-3.424,1.6570,0.4296,-0.2277,4.9870,2.589,2.411
1,pid_no_xte,4.740,5.0561,1.6679,3.180,-3.180,1.6679,0.4094,-0.2433,5.0561,2.567,2.433
1,pid_no_xte,4.791,5.1229,1.6792,2.911,-2.911,1.6792,0.3918,-0.2525,5.1229,2.542,2.458
1,pid_no_xte,4.842,5.1721,1.6883,2.694,-2.694,1.6883,0.3718,-0.2652,5.1721,2.552,2.448
1,pid_no_xte,4.894,5.2239,1.6989,2.463,-2.463,1.6989,0.3563,-0.2685,5.2239,2.535,2.465
1,pid_no_xte,4.945,5.2677,1.7088,2.285,-2.285,1.7088,0.3414,-0.2708,5.2677,2.547,2.453
1,pid_no_xte,4.996,5.3067,1.7182,2.160,-2.160,1.7182,0.3267,-0.2723,5.3067,2.562,2.438
1,pid_no_xte,5.047,5.3559,1.7303,2.064,-2.064,1.7303,0.3185,-0.2620,5.3559,2.569,2.431
1,pid_no_xte,5.098,5.3888,1.7383,2.043,-2.043,1.7383,0.3035,-0.2651,5.3888,2.598,2.402
1,pid_no_xte,5.149,5.4392,1.7498,2.068,-2.068,1.7498,0.2962,-0.2537,5.4392,2.619,2.381
1,pid_no_xte,5.200,5.4939,1.7610,2.147,-2.147,1.7610,0.2890,-0.2432,5.4939,2.645,2.355
1,pid_no_xte,5.251,5.5334,1.7681,2.220,-2.220,1.7681,0.2751,-0.2458,5.5334,2.646,2.354
1,pid_no_xte,5.302,5.5916,1.7774,2.336,-2.336,1.7774,0.2669,-0.2382,5.5916,2.671,2.329
1,pid_no_xte,5.353,5.6431,1.7849,2.447,-2.447,1.7849,0.2558,-0.2363,5.6431,2.674,2.326
1,pid_no_xte,5.403,5.7059,1.7933,2.588,-2.588,1.7933,0.2475,-0.2298,5.7059,2.694,2.306
1,pid_no_xte,5.454,5.7528,1.7990,2.694,-2.694,1.7990,0.2349,-0.2312,5.7528,2.685,2.315
1,pid_no_xte,5.506,5.8282,1.8074,2.864,-2.864,1.8074,0.2283,-0.2218,5.8282,2.720,2.280
1,pid_no_xte,5.556,5.9092,1.8152,3.049,-3.049,1.8152,0.2215,-0.2137,5.9092,2.736,2.264
1,pid_no_xte,5.607,5.9653,1.8199,3.175,-3.175,1.8199,0.2096,-0.2155,5.9653,2.718,2.282
1,pid_no_xte,5.659,6.0529,1.8264,3.364,-3.364,1.8264,0.2018,-0.2095,6.0529,2.753,2.247
1,pid_no_xte,5.709,6.1461,1.8324,3.544,-3.544,1.8324,0.1941,-0.2042,6.1461,2.760,2.240
1,pid_no_xte,5.761,6.2095,1.8361,3.654,-3.654,1.8361,0.1827,-0.2060,6.2095,2.736,2.264
1,pid_no_xte,5.811,6.3037,1.8407,3.801,-3.801,1.8407,0.1743,-0.2024,6.3037,2.760,2.240
1,pid_no_xte,5.862,6.3924,1.8437,3.905,-3.905,1.8437,0.1636,-0.2029,6.3924,2.747,2.253
1,pid_no_xte,5.913,6.4922,1.8463,3.957,-3.957,1.8463,0.1531,-0.2032,6.4922,2.728,2.272
1,pid_no_xte,5.964,6.5543,1.8478,3.934,-3.934,1.8478,0.1418,-0.2049,6.5543,2.697,2.303
1,pid_no_xte,6.015,6.6254,1.8505,3.807,-3.807,1.8505,0.1334,-0.2012,6.6254,2.647,2.353
1,pid_no_xte,6.066,6.6725,1.8527,3.604,-3.604,1.8527,0.1252,-0.1974,6.6725,2.606,2.394
1,pid_no_xte,6.117,6.7058,1.8551,3.360,-3.360,1.8551,0.1179,-0.1923,6.7058,2.576,2.424
1,pid_no_xte,6.168,6.7304,1.8580,3.125,-3.125,1.8580,0.1122,-0.1850,6.7304,2.567,2.433
1,pid_no_xte,6.219,6.7464,1.8604,2.954,-2.954,1.8604,0.1062,-0.1786,6.7464,2.584,2.416
1,pid_no_xte,6.271,6.7712,1.8655,2.672,-2.672,1.8655,0.1055,-0.1633,6.7712,2.524,2.476
1,pid_no_xte,6.321,6.7903,1.8707,2.452,-2.452,1.8707,0.1053,-0.1487,6.7903,2.537,2.463
1,pid_no_xte,6.372,6.8060,1.8763,2.279,-2.279,1.8763,0.1057,-0.1343,6.8060,2.549,2.451
1,pid_no_xte,6.423,6.8196,1.8825,2.156,-2.156,1.8825,0.1074,-0.1189,6.8196,2.562,2.438
1,pid_no_xte,6.474,6.8274,1.8868,2.118,-2.118,1.8868,0.1053,-0.1117,6.8274,2.595,2.405
1,pid_no_xte,6.525,6.8372,1.8927,2.141,-2.141,1.8927,0.1062,-0.0997,6.8372,2.621,2.379
1,pid_no_xte,6.576,6.8463,1.8981,2.251,-2.251,1.8981,0.1061,-0.0906,6.8463,2.663,2.337
1,pid_no_xte,6.627,6.8533,1.9015,2.363,-2.363,1.9015,0.1024,-0.0890,6.8533,2.670,2.330
1,pid_no_xte,6.678,6.8657,1.9060,2.541,-2.541,1.9060,0.1012,-0.0829,6.8657,2.706,2.294
1,pid_no_xte,6.728,6.8812,1.9106,2.708,-2.708,1.9106,0.1002,-0.0770,6.8812,2.711,2.289
1,pid_no_xte,6.779,6.8983,1.9146,2.828,-2.828,1.9146,0.0983,-0.0734,6.8983,2.697,2.303
1,pid_no_xte,6.830,6.9116,1.9173,2.893,-2.893,1.9173,0.0940,-0.0744,6.9116,2.678,2.322
1,pid_no_xte,6.880,6.9370,1.9214,2.979,-2.979,1.9214,0.0929,-0.0696,6.9370,2.692,2.308
1,pid_no_xte,6.931,6.9705,1.9255,3.053,-3.053,1.9255,0.0917,-0.0654,6.9705,2.690,2.310
1,pid_no_xte,6.982,6.9958,1.9277,3.093,-3.093,1.9277,0.0874,-0.0672,6.9958,2.679,2.321
1,pid_no_xte,7.032,7.0377,1.9307,3.145,-3.145,1.9307,0.0847,-0.0659,7.0377,2.686,2.314
1,pid_no_xte,7.083,7.0867,1.9336,3.192,-3.192,1.9336,0.0822,-0.0645,7.0867,2.687,2.313
1,pid_no_xte,7.133,7.1203,1.9354,3.219,-3.219,1.9354,0.0780,-0.0661,7.1203,2.680,2.320
1,pid_no_xte,7.184,7.1575,1.9374,3.246,-3.246,1.9374,0.0745,-0.0665,7.1575,2.681,2.319
1,pid_no_xte,7.235,7.2201,1.9407,3.281,-3.281,1.9407,0.0736,-0.0619,7.2201,2.686,2.314
1,pid_no_xte,7.285,7.2672,1.9431,3.300,-3.300,1.9431,0.0713,-0.0605,7.2672,2.681,2.319
1,pid_no_xte,7.336,7.3324,1.9462,3.316,-3.316,1.9462,0.0702,-0.0568,7.3324,2.680,2.320
1,pid_no_xte,7.387,7.4064,1.9485,3.306,-3.306,1.9485,0.0680,-0.0557,7.4064,2.669,2.331
1,pid_no_xte,7.437,7.4931,1.9505,3.220,-3.220,1.9505,0.0653,-0.0554,7.4931,2.633,2.367
1,pid_no_xte,7.487,7.5588,1.9526,3.098,-3.098,1.9526,0.0632,-0.0542,7.5588,2.612,2.388
1,pid_no_xte,7.538,7.6582,1.9584,2.818,-2.818,1.9584,0.0680,-0.0405,7.6582,2.532,2.468
1,pid_no_xte,7.589,7.7233,1.9647,2.561,-2.561,1.9647,0.0730,-0.0276,7.7233,2.528,2.472
1,pid_no_xte,7.640,7.7868,1.9728,2.233,-2.233,1.9728,0.0811,-0.0103,7.7868,2.481,2.519
1,pid_no_xte,7.691,7.8367,1.9805,1.905,-1.905,1.9805,0.0876,0.0024,7.8367,2.465,2.535
1,pid_no_xte,7.741,7.8819,1.9884,1.540,-1.540,1.9884,0.0938,0.0133,7.8819,2.430,2.570
1,pid_no_xte,7.792,7.9337,1.9981,1.023,-1.023,1.9981,0.1027,0.0283,7.9337,2.341,2.659
1,pid_no_xte,7.843,7.9582,2.0028,0.741,-0.741,2.0028,0.1017,0.0240,7.9582,2.423,2.577
1,pid_no_xte,7.895,7.9887,2.0085,0.365,-0.365,2.0085,0.1027,0.0235,7.9887,2.365,2.635
1,pid_no_xte,7.945,8.0224,2.0144,-0.066,0.066,2.0144,0.1040,0.0237,8.0224,2.318,2.682
1,pid_no_xte,7.995,8.0813,2.0230,-0.801,0.801,2.0230,0.1100,0.0325,8.0813,2.153,2.847
1,pid_no_xte,8.046,8.1412,2.0292,-1.466,1.466,2.0292,0.1111,0.0315,8.1412,2.149,2.851
1,pid_no_xte,8.097,8.2028,2.0338,-2.062,2.062,2.0338,0.1093,0.0253,8.2028,2.144,2.856
1,pid_no_xte,8.147,8.2894,2.0384,-2.779,2.779,2.0384,0.1076,0.0198,8.2894,2.059,2.941
1,pid_no_xte,8.198,8.3529,2.0406,-3.238,3.238,2.0406,0.1017,0.0074,8.3529,2.141,2.859
1,pid_no_xte,8.249,8.4424,2.0427,-3.812,3.812,2.0427,0.0962,-0.0033,8.4424,2.061,2.939
1,pid_no_xte,8.299,8.5251,2.0439,-4.284,4.284,2.0439,0.0897,-0.0150,8.5251,2.079,2.921
1,pid_no_xte,8.350,8.6327,2.0450,-4.822,4.822,2.0450,0.0833,-0.0251,8.6327,2.025,2.975
1,pid_no_xte,8.400,8.7049,2.0454,-5.135,5.135,2.0454,0.0764,-0.0354,8.7049,2.101,2.899
1,pid_no_xte,8.451,8.8117,2.0455,-5.530,5.530,2.0455,0.0696,-0.0445,8.8117,2.048,2.952
1,pid_no_xte,8.501,8.8810,2.0451,-5.743,5.743,2.0451,0.0626,-0.0531,8.8810,2.111,2.889
1,pid_no_xte,8.552,8.9845,2.0439,-5.991,5.991,2.0439,0.0544,-0.0630,8.9845,2.084,2.916
1,pid_no_xte,8.603,9.0556,2.0424,-6.113,6.113,2.0424,0.0468,-0.0711,9.0556,2.129,2.871
1,pid_no_xte,8.653,9.1677,2.0393,-6.238,6.238,2.0393,0.0369,-0.0825,9.1677,2.122,2.878
1,pid_no_xte,8.704,9.2450,2.0366,-6.285,6.285,2.0366,0.0285,-0.0901,9.2450,2.151,2.849
1,pid_no_xte,8.754,9.3626,2.0314,-6.306,6.306,2.0314,0.0165,-0.1038,9.3626,2.161,2.839
1,pid_no_xte,8.804,9.4424,2.0272,-6.292,6.292,2.0272,0.0073,-0.1109,9.4424,2.176,2.824
1,pid_no_xte,8.855,9.5642,2.0198,-6.238,6.238,2.0198,-0.0067,-0.1262,9.5642,2.196,2.804
1,pid_no_xte,8.906,9.6462,2.0143,-6.184,6.184,2.0143,-0.0162,-0.1319,9.6462,2.199,2.801
1,pid_no_xte,8.956,9.7671,2.0049,-6.097,6.097,2.0049,-0.0317,-0.1480,9.7671,2.217,2.783
1,pid_no_xte,9.007,9.8454,1.9981,-6.056,6.056,1.9981,-0.0412,-0.1516,9.8454,2.200,2.800
1,pid_no_xte,9.057,9.9591,1.9873,-6.054,6.054,1.9873,-0.0570,-0.1664,9.9591,2.184,2.816
1,pid_no_xte,9.108,10.0425,1.9788,-6.118,6.118,1.9788,-0.0672,-0.1696,10.0425,2.153,2.847
1,pid_no_xte,9.158,10.1483,1.9684,-6.299,6.299,1.9684,-0.0800,-0.1772,10.1483,2.095,2.905
1,pid_no_xte,9.209,10.2265,1.9618,-6.505,6.505,1.9618,-0.0846,-0.1695,10.2265,2.074,2.926
1,pid_no_xte,9.259,10.2711,1.9585,-6.644,6.644,1.9585,-0.0827,-0.1505,10.2711,2.095,2.905
1,pid_no_xte,9.310,10.3349,1.9540,-6.860,6.860,1.9540,-0.0833,-0.1378,10.3349,2.051,2.949
1,pid_no_xte,9.360,10.4018,1.9483,-7.092,7.092,1.9483,-0.0860,-0.1301,10.4018,2.032,2.968
1,pid_no_xte,9.411,10.4525,1.9423,-7.258,7.258,1.9423,-0.0891,-0.1238,10.4525,2.051,2.949
1,pid_no_xte,9.461,10.5045,1.9347,-7.398,7.398,1.9347,-0.0947,-0.1225,10.5045,2.055,2.945
1,pid_no_xte,9.512,10.5319,1.9304,-7.453,7.453,1.9304,-0.0938,-0.1097,10.5319,2.087,2.913
1,pid_no_xte,9.562,10.5841,1.9224,-7.519,7.519,1.9224,-0.0997,-0.1103,10.5841,2.079,2.921
1,pid_no_xte,9.613,10.6331,1.9157,-7.541,7.541,1.9157,-0.1029,-0.1060,10.6331,2.096,2.904
1,pid_no_xte,9.663,10.7016,1.9071,-7.537,7.537,1.9071,-0.1091,-0.1075,10.7016,2.107,2.893
1,pid_no_xte,9.713,10.7781,1.8982,-7.509,7.509,1.8982,-0.1153,-0.1090,10.7781,2.119,2.881
1,pid_no_xte,9.764,10.8519,1.8898,-7.457,7.457,1.8898,-0.1200,-0.1076,10.8519,2.131,2.869
1,pid_no_xte,9.814,10.9403,1.8793,-7.362,7.362,1.8793,-0.1281,-0.1125,10.9403,2.154,2.846
1,pid_no_xte,9.864,11.0434,1.8661,-7.243,7.243,1.8661,-0.1404,-0.1245,11.0434,2.170,2.830
1,pid_no_xte,9.915,11.1108,1.8570,-7.177,7.177,1.8570,-0.1440,-0.1197,11.1108,2.152,2.848
1,pid_no_xte,9.965,11.2315,1.8412,-7.084,7.084,1.8412,-0.1595,-0.1369,11.2315,2.168,2.832
1,pid_no_xte,10.015,11.3559,1.8269,-7.026,7.026,1.8269,-0.1711,-0.1454,11.3559,2.156,2.844
1,pid_no_xte,10.065,11.4354,1.8195,-7.019,7.019,1.8195,-0.1688,-0.1280,11.4354,2.136,2.864
1,pid_no_xte,10.116,11.5402,1.8129,-7.074,7.074,1.8129,-0.1653,-0.1100,11.5402,2.107,2.893
1,pid_no_xte,10.166,11.6115,1.8108,-7.181,7.181,1.8108,-0.1542,-0.0797,11.6115,2.080,2.920
1,pid_no_xte,10.217,11.6942,1.8111,-7.411,7.411,1.8111,-0.1393,-0.0454,11.6942,2.017,2.983
1,pid_no_xte,10.267,11.7414,1.8132,-7.605,7.605,1.8132,-0.1229,-0.0113,11.7414,2.021,2.979
1,pid_no_xte,10.317,11.8074,1.8183,-7.948,7.948,1.8183,-0.1023,0.0272,11.8074,1.941,3.059
1,pid_no_xte,10.368,11.8617,1.8237,-8.270,8.270,1.8237,-0.0830,0.0596,11.8617,1.933,3.067
1,pid_no_xte,10.418,11.9197,1.8294,-8.620,8.620,1.8294,-0.0651,0.0867,11.9197,1.903,3.097
1,pid_no_xte,10.468,11.9556,1.8325,-8.827,8.827,1.8325,-0.0536,0.0997,11.9556,1.952,3.048
1,pid_no_xte,10.519,12.0146,1.8364,-9.138,9.138,1.8364,-0.0416,0.1124,12.0146,1.893,3.107
1,pid_no_xte,10.569,12.0723,1.8387,-9.398,9.398,1.8387,-0.0335,0.1167,12.0723,1.900,3.100
1,pid_no_xte,10.620,12.1385,1.8397,-9.636,9.636,1.8397,-0.0288,0.1147,12.1385,1.897,3.103
1,pid_no_xte,10.670,12.2010,1.8385,-9.798,9.798,1.8385,-0.0282,0.1053,12.2010,1.920,3.080
1,pid_no_xte,10.721,12.2499,1.8359,-9.875,9.875,1.8359,-0.0305,0.0914,12.2499,1.951,3.049
1,pid_no_xte,10.771,12.3013,1.8309,-9.896,9.896,1.8309,-0.0367,0.0717,12.3013,1.973,3.027
1,pid_no_xte,10.822,12.3321,1.8269,-9.871,9.871,1.8269,-0.0406,0.0580,12.3321,1.993,3.007
1,pid_no_xte,10.872,12.3754,1.8205,-9.786,9.786,1.8205,-0.0485,0.0383,12.3754,2.023,2.977
1,pid_no_xte,10.923,12.4151,1.8148,-9.658,9.658,1.8148,-0.0544,0.0242,12.4151,2.048,2.952
1,pid_no_xte,10.973,12.4398,1.8117,-9.554,9.554,1.8117,-0.0551,0.0207,12.4398,2.043,2.957
1,pid_no_xte,11.023,12.4746,1.8085,-9.378,9.378,1.8085,-0.0558,0.0174,12.4746,2.082,2.918
1,pid_no_xte,11.074,12.4964,1.8075,-9.249,9.249,1.8075,-0.0525,0.0218,12.4964,2.069,2.931
1,pid_no_xte,11.124,12.5272,1.8078,-9.041,9.041,1.8078,-0.0471,0.0297,12.5272,2.113,2.887
1,pid_no_xte,11.174,12.5464,1.8092,-8.892,8.892,1.8092,-0.0403,0.0393,12.5464,2.096,2.904
1,pid_no_xte,11.225,12.5736,1.8127,-8.656,8.656,1.8127,-0.0303,0.0538,12.5736,2.145,2.855
1,pid_no_xte,11.275,12.5992,1.8172,-8.397,8.397,1.8172,-0.0193,0.0690,12.5992,2.168,2.832
1,pid_no_xte,11.325,12.6147,1.8201,-8.223,8.223,1.8201,-0.0122,0.0755,12.6147,2.142,2.858
1,pid_no_xte,11.376,12.6369,1.8239,-7.952,7.952,1.8239,-0.0042,0.0831,12.6369,2.196,2.804
1,pid_no_xte,11.426,12.6556,1.8262,-7.710,7.710,1.8262,0.0004,0.0838,12.6556,2.197,2.803
1,pid_no_xte,11.477,12.6761,1.8275,-7.429,7.429,1.8275,0.0025,0.0801,12.6761,2.227,2.773
1,pid_no_xte,11.527,12.6972,1.8274,-7.146,7.146,1.8274,0.0021,0.0720,12.6972,2.244,2.756
1,pid_no_xte,11.578,12.7149,1.8267,-6.920,6.920,1.8267,0.0008,0.0629,12.7149,2.231,2.769
1,pid_no_xte,11.628,12.7303,1.8259,-6.732,6.732,1.8259,-0.0008,0.0543,12.7303,2.225,2.775
1,pid_no_xte,11.679,12.7525,1.8242,-6.474,6.474,1.8242,-0.0038,0.0439,12.7525,2.268,2.732
1,pid_no_xte,11.729,12.7767,1.8220,-6.201,6.201,1.8220,-0.0075,0.0331,12.7767,2.289,2.711
1,pid_no_xte,11.780,12.8024,1.8193,-5.922,5.922,1.8193,-0.0117,0.0224,12.8024,2.306,2.694
1,pid_no_xte,11.830,12.8330,1.8159,-5.597,5.597,1.8159,-0.0168,0.0111,12.8330,2.342,2.658
1,pid_no_xte,11.880,12.8535,1.8135,-5.387,5.387,1.8135,-0.0196,0.0051,12.8535,2.305,2.695
1,pid_no_xte,11.931,12.8852,1.8096,-5.076,5.076,1.8096,-0.0249,-0.0051,12.8852,2.364,2.636
1,pid_no_xte,11.981,12.9146,1.8055,-4.809,4.809,1.8055,-0.0301,-0.0140,12.9146,2.359,2.641
1,pid_no_xte,12.032,12.9468,1.8005,-4.548,4.548,1.8005,-0.0365,-0.0243,12.9468,2.371,2.629
1,pid_no_xte,12.082,12.9859,1.7937,-4.273,4.273,1.7937,-0.0453,-0.0382,12.9859,2.390,2.610
1,pid_no_xte,12.133,13.0212,1.7876,-4.060,4.060,1.7876,-0.0524,-0.0474,13.0212,2.376,2.624
1,pid_no_xte,12.183,13.0497,1.7827,-3.905,3.905,1.7827,-0.0565,-0.0507,13.0497,2.360,2.640
1,pid_no_xte,12.233,13.0999,1.7742,-3.652,3.652,1.7742,-0.0667,-0.0645,13.0999,2.414,2.586
1,pid_no_xte,12.284,13.1519,1.7662,-3.416,3.416,1.7662,-0.0752,-0.0740,13.1519,2.419,2.581
1,pid_no_xte,12.334,13.2044,1.7583,-3.210,3.210,1.7583,-0.0826,-0.0807,13.2044,2.417,2.583
1,pid_no_xte,12.385,13.2758,1.7481,-2.977,2.977,1.7481,-0.0935,-0.0932,13.2758,2.441,2.559
1,pid_no_xte,12.435,13.3279,1.7408,-2.836,2.836,1.7408,-0.0983,-0.0934,13.3279,2.410,2.590
1,pid_no_xte,12.485,13.4114,1.7297,-2.668,2.668,1.7297,-0.1094,-0.1050,13.4114,2.430,2.570
1,pid_no_xte,12.536,13.4966,1.7202,-2.562,2.562,1.7202,-0.1168,-0.1088,13.4966,2.410,2.590
1,pid_no_xte,12.586,13.5941,1.7121,-2.492,2.492,1.7121,-0.1208,-0.1061,13.5941,2.399,2.601
1,pid_no_xte,12.636,13.6660,1.7084,-2.458,2.458,1.7084,-0.1165,-0.0885,13.6660,2.385,2.615
1,pid_no_xte,12.687,13.7683,1.7059,-2.407,2.407,1.7059,-0.1104,-0.0694,13.7683,2.395,2.605
1,pid_no_xte,12.737,13.8653,1.7052,-2.319,2.319,1.7052,-0.1015,-0.0469,13.8653,2.415,2.585
1,pid_no_xte,12.787,13.9207,1.7050,-2.235,2.235,1.7050,-0.0926,-0.0265,13.9207,2.418,2.582
1,pid_no_xte,12.838,14.0001,1.7040,-2.058,2.058,1.7040,-0.0859,-0.0118,14.0001,2.466,2.534
1,pid_no_xte,12.888,14.0526,1.7028,-1.911,1.911,1.7028,-0.0802,-0.0004,14.0526,2.461,2.539
1,pid_no_xte,12.938,14.1325,1.7008,-1.678,1.678,1.7008,-0.0765,0.0063,14.1325,2.509,2.491
1,pid_no_xte,12.989,14.2167,1.6989,-1.448,1.448,1.6989,-0.0731,0.0120,14.2167,2.520,2.480
1,pid_no_xte,13.039,14.2737,1.6977,-1.304,1.304,1.6977,-0.0685,0.0193,14.2737,2.492,2.508
1,pid_no_xte,13.089,14.3758,1.6964,-1.051,1.051,1.6964,-0.0646,0.0244,14.3758,2.550,2.450
1,pid_no_xte,13.140,14.4755,1.6956,-0.817,0.817,1.6956,-0.0601,0.0305,14.4755,2.555,2.445
1,pid_no_xte,13.190,14.5900,1.6945,-0.579,0.579,1.6945,-0.0567,0.0338,14.5900,2.568,2.432
1,pid_no_xte,13.241,14.7202,1.6927,-0.360,0.360,1.6927,-0.0546,0.0346,14.7202,2.572,2.428
1,pid_no_xte,13.291,14.8158,1.6914,-0.224,0.224,1.6914,-0.0520,0.0361,14.8158,2.545,2.455
1,pid_no_xte,13.341,14.9668,1.6896,-0.053,0.053,1.6896,-0.0506,0.0355,14.9668,2.568,2.432
1,pid_no_xte,13.391,15.0721,1.6889,0.036,-0.036,1.6889,-0.0473,0.0381,15.0721,2.539,2.461
1,pid_no_xte,13.442,15.2298,1.6882,0.141,-0.141,1.6882,-0.0441,0.0405,15.2298,2.551,2.449
1,pid_no_xte,13.492,15.3666,1.6875,0.219,-0.219,1.6875,-0.0414,0.0416,15.3666,2.544,2.456
1,pid_no_xte,13.543,15.5276,1.6850,0.316,-0.316,1.6850,-0.0421,0.0365,15.5276,2.557,2.443
1,pid_no_xte,13.593,15.6425,1.6816,0.395,-0.395,1.6816,-0.0445,0.0288,15.6425,2.553,2.447
1,pid_no_xte,13.643,15.8219,1.6729,0.540,-0.540,1.6729,-0.0563,0.0048,15.8219,2.589,2.411
1,pid_no_xte,13.694,16.0028,1.6600,0.716,-0.716,1.6600,-0.0744,-0.0286,16.0028,2.610,2.390
1,pid_no_xte,13.744,16.1192,1.6496,0.846,-0.846,1.6496,-0.0867,-0.0482,16.1192,2.599,2.401
1,pid_no_xte,13.794,16.2833,1.6316,1.063,-1.063,1.6316,-0.1113,-0.0886,16.2833,2.646,2.354
1,pid_no_xte,13.845,16.4280,1.6128,1.286,-1.286,1.6128,-0.1354,-0.1243,16.4280,2.660,2.340
1,pid_no_xte,13.895,16.5735,1.5906,1.530,-1.530,1.5906,-0.1633,-0.1635,16.5735,2.682,2.318
1,pid_no_xte,13.945,16.7162,1.5655,1.787,-1.787,1.5655,-0.1941,-0.2045,16.7162,2.700,2.300
1,pid_no_xte,13.996,16.8275,1.5447,1.999,-1.999,1.5447,-0.2140,-0.2220,16.8275,2.693,2.307
1,pid_no_xte,14.046,16.9516,1.5221,2.227,-2.227,1.5221,-0.2356,-0.2410,16.9516,2.712,2.288
1,pid_no_xte,14.096,17.0601,1.5032,2.362,-2.362,1.5032,-0.2484,-0.2424,17.0601,2.680,2.320
1,pid_no_xte,14.146,17.1292,1.4916,2.396,-2.396,1.4916,-0.2467,-0.2171,17.1292,2.640,2.360
1,pid_no_xte,14.197,17.2274,1.4759,2.363,-2.363,1.4759,-0.2527,-0.2080,17.2274,2.610,2.390
1,pid_no_xte,14.247,17.3290,1.4609,2.275,-2.275,1.4609,-0.2570,-0.1968,17.3290,2.582,2.418
1,pid_no_xte,14.297,17.4403,1.4459,2.157,-2.157,1.4459,-0.2606,-0.1855,17.4403,2.564,2.436
1,pid_no_xte,14.348,17.5441,1.4330,2.002,-2.002,1.4330,-0.2603,-0.1680,17.5441,2.540,2.460
1,pid_no_xte,14.398,17.6575,1.4196,1.702,-1.702,1.4196,-0.2609,-0.1537,17.6575,2.464,2.536
1,pid_no_xte,14.448,17.7305,1.4114,1.399,-1.399,1.4114,-0.2520,-0.1234,17.7305,2.447,2.553
1,pid_no_xte,14.498,17.8360,1.4007,0.802,-0.802,1.4007,-0.2484,-0.1058,17.8360,2.293,2.707
1,pid_no_xte,14.549,17.9268,1.3926,0.138,-0.138,1.3926,-0.2404,-0.0815,17.9268,2.231,2.769
1,pid_no_xte,14.599,18.0257,1.3853,-0.765,0.765,1.3853,-0.2317,-0.0582,18.0257,2.084,2.916
1,pid_no_xte,14.649,18.0822,1.3820,-1.368,1.368,1.3820,-0.2165,-0.0252,18.0822,2.177,2.823
1,pid_no_xte,14.700,18.1576,1.3777,-2.317,2.317,1.3777,-0.2046,-0.0013,18.1576,1.984,3.016
1,pid_no_xte,14.750,18.2040,1.3741,-3.076,3.076,1.3741,-0.1924,0.0210,18.2040,2.023,2.977
1,pid_no_xte,14.800,18.2417,1.3698,-3.864,3.864,1.3698,-0.1826,0.0368,18.2417,1.970,3.030
1,pid_no_xte,14.851,18.2712,1.3645,-4.583,4.583,1.3645,-0.1756,0.0462,18.2712,1.961,3.039
1,pid_no_xte,14.901,18.2898,1.3599,-5.059,5.059,1.3599,-0.1678,0.0562,18.2898,2.037,2.963
1,pid_no_xte,14.951,18.3118,1.3536,-5.609,5.609,1.3536,-0.1640,0.0579,18.3118,1.977,3.023
1,pid_no_xte,15.001,18.3348,1.3458,-6.158,6.158,1.3458,-0.1632,0.0541,18.3348,1.949,3.051
1,pid_no_xte,15.052,18.3552,1.3380,-6.612,6.612,1.3380,-0.1623,0.0507,18.3552,1.965,3.035
1,pid_no_xte,15.102,18.3771,1.3289,-7.066,7.066,1.3289,-0.1642,0.0427,18.3771,1.940,3.060
1,pid_no_xte,15.152,18.3907,1.3230,-7.328,7.328,1.3230,-0.1599,0.0466,18.3907,2.007,2.993
1,pid_no_xte,15.202,18.4103,1.3149,-7.671,7.671,1.3149,-0.1600,0.0421,18.4103,1.955,3.045
1,pid_no_xte,15.253,18.4238,1.3100,-7.882,7.882,1.3100,-0.1544,0.0485,18.4238,1.999,3.001
1,pid_no_xte,15.303,18.4455,1.3037,-8.181,8.181,1.3037,-0.1516,0.0492,18.4455,1.947,3.053
1,pid_no_xte,15.353,18.4606,1.3007,-8.363,8.363,1.3007,-0.1432,0.0599,18.4606,1.986,3.014
1,pid_no_xte,15.403,18.4842,1.2976,-8.603,8.603,1.2976,-0.1359,0.0678,18.4842,1.950,3.050
1,pid_no_xte,15.454,18.5095,1.2958,-8.795,8.795,1.2958,-0.1266,0.0784,18.5095,1.959,3.041
1,pid_no_xte,15.504,18.5352,1.2952,-8.928,8.928,1.2952,-0.1162,0.0901,18.5352,1.977,3.023
1,pid_no_xte,15.554,18.5603,1.2952,-9.008,9.008,1.2952,-0.1056,0.1011,18.5603,1.995,3.005
1,pid_no_xte,15.604,18.5808,1.2954,-9.048,9.048,1.2954,-0.0956,0.1102,18.5808,2.010,2.990
1,pid_no_xte,15.655,18.6138,1.2957,-9.079,9.079,1.2957,-0.0862,0.1171,18.6138,2.012,2.988
1,pid_no_xte,15.705,18.6430,1.2957,-9.092,9.092,1.2957,-0.0785,0.1205,18.6430,2.018,2.982
1,pid_no_xte,15.755,18.6729,1.2949,-9.109,9.109,1.2949,-0.0727,0.1200,18.6729,2.016,2.984
1,pid_no_xte,15.805,18.7120,1.2927,-9.154,9.154,1.2927,-0.0701,0.1137,18.7120,2.002,2.998
1,pid_no_xte,15.856,18.7389,1.2903,-9.204,9.204,1.2903,-0.0680,0.1071,18.7389,1.997,3.003
1,pid_no_xte,15.906,18.7810,1.2854,-9.307,9.307,1.2854,-0.0706,0.0926,18.7810,1.970,3.030
1,pid_no_xte,15.956,18.8195,1.2802,-9.409,9.409,1.2802,-0.0737,0.0786,18.8195,1.965,3.035
1,pid_no_xte,16.007,18.8492,1.2759,-9.480,9.480,1.2759,-0.0748,0.0694,18.8492,1.974,3.026
1,pid_no_xte,16.057,18.9016,1.2682,-9.575,9.575,1.2682,-0.0819,0.0501,18.9016,1.959,3.041
1,pid_no_xte,16.108,18.9640,1.2592,-9.638,9.638,1.2592,-0.0907,0.0295,18.9640,1.969,3.031
2,no_pid,0.000,0.1494,-0.0045,0.013,-0.013,-0.0045,0.0000,0.0000,0.1494,2.500,2.500
2,no_pid,0.051,0.1619,-0.0051,0.012,-0.012,-0.0051,-0.0012,-0.0022,0.1619,2.500,2.500
2,no_pid,0.101,0.1959,-0.0064,0.036,-0.036,-0.0064,-0.0034,-0.0060,0.1959,2.500,2.500
2,no_pid,0.152,0.2451,-0.0077,0.104,-0.104,-0.0077,-0.0054,-0.0090,0.2451,2.500,2.500
2,no_pid,0.202,0.3035,-0.0087,0.201,-0.201,-0.0087,-0.0068,-0.0108,0.3035,2.500,2.500
2,no_pid,0.252,0.3611,-0.0093,0.285,-0.285,-0.0093,-0.0073,-0.0107,0.3611,2.500,2.500
2,no_pid,0.302,0.4062,-0.0095,0.333,-0.333,-0.0095,-0.0069,-0.0090,0.4062,2.500,2.500
2,no_pid,0.353,0.4838,-0.0093,0.378,-0.378,-0.0093,-0.0059,-0.0064,0.4838,2.500,2.500
2,no_pid,0.403,0.5772,-0.0082,0.356,-0.356,-0.0082,-0.0034,-0.0012,0.5772,2.500,2.500
2,no_pid,0.454,0.6543,-0.0061,0.258,-0.258,-0.0061,0.0007,0.0063,0.6543,2.500,2.500
2,no_pid,0.504,0.7583,-0.0018,0.014,-0.014,-0.0018,0.0085,0.0200,0.7583,2.500,2.500
2,no_pid,0.554,0.8328,0.0026,-0.234,0.234,0.0026,0.0157,0.0312,0.8328,2.500,2.500
2,no_pid,0.605,0.9528,0.0123,-0.743,0.743,0.0123,0.0319,0.0578,0.9528,2.500,2.500
2,no_pid,0.655,1.0841,0.0249,-1.420,1.420,0.0249,0.0519,0.0889,1.0841,2.500,2.500
2,no_pid,0.705,1.1798,0.0346,-1.965,1.965,0.0346,0.0648,0.1042,1.1798,2.500,2.500
2,no_pid,0.756,1.3207,0.0491,-2.807,2.807,0.0491,0.0851,0.1315,1.3207,2.500,2.500
2,no_pid,0.806,1.4493,0.0610,-3.582,3.582,0.0610,0.0989,0.1445,1.4493,2.500,2.500
2,no_pid,0.856,1.5951,0.0713,-4.452,4.452,0.0713,0.1087,0.1491,1.5951,2.500,2.500
2,no_pid,0.907,1.7310,0.0775,-5.253,5.253,0.0775,0.1099,0.1377,1.7310,2.500,2.500
2,no_pid,0.957,1.8223,0.0792,-5.796,5.796,0.0792,0.1031,0.1128,1.8223,2.500,2.500
2,no_pid,1.007,1.9354,0.0782,-6.491,6.491,0.0782,0.0918,0.0819,1.9354,2.500,2.500
2,no_pid,1.057,1.9913,0.0759,-6.842,6.842,0.0759,0.0793,0.0517,1.9913,2.500,2.500
2,no_pid,1.108,2.0532,0.0705,-7.206,7.206,0.0705,0.0623,0.0160,2.0532,2.500,2.500
2,no_pid,1.158,2.1010,0.0633,-7.408,7.408,0.0633,0.0434,-0.0198,2.1010,2.500,2.500
2,no_pid,1.208,2.1390,0.0555,-7.469,7.469,0.0555,0.0252,-0.0510,2.1390,2.500,2.500
2,no_pid,1.258,2.1653,0.0495,-7.456,7.456,0.0495,0.0121,-0.0702,2.1653,2.500,2.500
2,no_pid,1.309,2.2072,0.0401,-7.357,7.357,0.0401,-0.0060,-0.0967,2.2072,2.500,2.500
2,no_pid,1.359,2.2544,0.0309,-7.150,7.150,0.0309,-0.0223,-0.1173,2.2544,2.500,2.500
2,no_pid,1.409,2.2838,0.0266,-6.968,6.968,0.0266,-0.0281,-0.1172,2.2838,2.500,2.500
2,no_pid,1.459,2.3227,0.0226,-6.631,6.631,0.0226,-0.0327,-0.1150,2.3227,2.500,2.500
2,no_pid,1.510,2.3472,0.0213,-6.348,6.348,0.0213,-0.0322,-0.1034,2.3472,2.500,2.500
2,no_pid,1.560,2.3821,0.0212,-5.847,5.847,0.0212,-0.0294,-0.0890,2.3821,2.500,2.500
2,no_pid,1.610,2.4048,0.0221,-5.457,5.457,0.0221,-0.0251,-0.0730,2.4048,2.500,2.500
2,no_pid,1.661,2.4350,0.0239,-4.854,4.854,0.0239,-0.0195,-0.0562,2.4350,2.500,2.500
2,no_pid,1.711,2.4617,0.0243,-4.208,4.208,0.0243,-0.0170,-0.0465,2.4617,2.500,2.500
2,no_pid,1.761,2.4768,0.0227,-3.776,3.776,0.0227,-0.0183,-0.0445,2.4768,2.500,2.500
2,no_pid,1.812,2.4957,0.0182,-3.165,3.165,0.0182,-0.0248,-0.0523,2.4957,2.500,2.500
2,no_pid,1.862,2.5062,0.0133,-2.794,2.794,0.0133,-0.0315,-0.0597,2.5062,2.500,2.500
2,no_pid,1.912,2.5186,0.0011,-2.287,2.287,0.0011,-0.0508,-0.0893,2.5186,2.500,2.500
2,no_pid,1.963,2.5240,-0.0102,-2.005,2.005,-0.0102,-0.0667,-0.1100,2.5240,2.500,2.500
2,no_pid,2.013,2.5286,-0.0347,-1.643,1.643,-0.0347,-0.1050,-0.1697,2.5286,2.500,2.500
2,no_pid,2.063,2.5293,-0.0696,-1.390,1.390,-0.0696,-0.1590,-0.2522,2.5293,2.500,2.500
2,no_pid,2.113,2.5290,-0.0997,-1.302,1.302,-0.0997,-0.1991,-0.3020,2.5290,2.500,2.500
2,no_pid,2.164,2.5282,-0.1473,-1.302,1.302,-0.1473,-0.2675,-0.3987,2.5282,2.500,2.500
2,no_pid,2.214,2.5275,-0.1775,-1.385,1.385,-0.1775,-0.2978,-0.4174,2.5275,2.500,2.500
2,no_pid,2.264,2.5260,-0.2124,-1.593,1.593,-0.2124,-0.3339,-0.4448,2.5260,2.500,2.500
2,no_pid,2.315,2.5240,-0.2441,-1.908,1.908,-0.2441,-0.3610,-0.4534,2.5240,2.500,2.500
2,no_pid,2.365,2.5214,-0.2765,-2.317,2.317,-0.2765,-0.3868,-0.4587,2.5214,2.500,2.500
2,no_pid,2.415,2.5184,-0.3089,-2.771,2.771,-0.3089,-0.4104,-0.4597,2.5184,2.500,2.500
2,no_pid,2.466,2.5143,-0.3496,-3.377,3.377,-0.3496,-0.4469,-0.4841,2.5143,2.500,2.500
2,no_pid,2.516,2.5098,-0.3902,-4.012,4.012,-0.3902,-0.4798,-0.4996,2.5098,2.500,2.500
2,no_pid,2.566,2.5063,-0.4213,-4.515,4.515,-0.4213,-0.4925,-0.4770,2.5063,2.500,2.500
2,no_pid,2.616,2.5006,-0.4704,-5.332,5.332,-0.4704,-0.5367,-0.5137,2.5006,2.500,2.500
2,no_pid,2.667,2.4968,-0.5022,-5.875,5.875,-0.5022,-0.5454,-0.4827,2.4968,2.500,2.500
2,no_pid,2.717,2.4909,-0.5521,-6.741,6.741,-0.5521,-0.5863,-0.5127,2.4909,2.500,2.500
2,no_pid,2.767,2.4850,-0.6024,-7.630,7.630,-0.6024,-0.6242,-0.5347,2.4850,2.500,2.500
2,no_pid,2.818,2.4811,-0.6360,-8.231,8.231,-0.6360,-0.6281,-0.4931,2.4811,2.500,2.500
2,no_pid,2.868,2.4766,-0.6763,-8.957,8.957,-0.6763,-0.6437,-0.4762,2.4766,2.500,2.500
2,no_pid,2.918,2.4720,-0.7188,-9.732,9.732,-0.7188,-0.6622,-0.4663,2.4720,2.500,2.500
2,no_pid,2.969,2.4669,-0.7669,-10.614,10.614,-0.7669,-0.6891,-0.4725,2.4669,2.500,2.500
2,no_pid,3.019,2.4637,-0.7981,-11.187,11.187,-0.7981,-0.6827,-0.4176,2.4637,2.500,2.500
2,no_pid,3.069,2.4596,-0.8430,-12.019,12.019,-0.8430,-0.7019,-0.4145,2.4596,2.500,2.500
2,no_pid,3.120,2.4573,-0.8717,-12.555,12.555,-0.8717,-0.6896,-0.3541,2.4573,2.500,2.500
2,no_pid,3.170,2.4542,-0.9114,-13.319,13.319,-0.9114,-0.6989,-0.3387,2.4542,2.500,2.500
2,no_pid,3.220,2.4516,-0.9426,-13.942,13.942,-0.9426,-0.6917,-0.2947,2.4516,2.500,2.500
2,no_pid,3.271,2.4491,-0.9733,-14.578,14.578,-0.9733,-0.6843,-0.2542,2.4491,2.500,2.500
2,no_pid,3.321,2.4472,-0.9960,-15.057,15.057,-0.9960,-0.6630,-0.1922,2.4472,2.500,2.500
2,no_pid,3.371,2.4444,-1.0259,-15.687,15.687,-1.0259,-0.6567,-0.1633,2.4444,2.500,2.500
2,no_pid,3.421,2.4411,-1.0579,-16.338,16.338,-1.0579,-0.6550,-0.1452,2.4411,2.500,2.500
2,no_pid,3.472,2.4377,-1.0856,-16.867,16.867,-1.0856,-0.6454,-0.1145,2.4377,2.500,2.500
2,no_pid,3.522,2.4331,-1.1209,-17.508,17.508,-1.1209,-0.6505,-0.1134,2.4331,2.500,2.500
2,no_pid,3.572,2.4300,-1.1430,-17.903,17.903,-1.1430,-0.6312,-0.0679,2.4300,2.500,2.500
2,no_pid,3.623,2.4257,-1.1735,-18.463,18.463,-1.1735,-0.6290,-0.0576,2.4257,2.500,2.500
2,no_pid,3.673,2.4225,-1.1976,-18.958,18.958,-1.1976,-0.6152,-0.0274,2.4225,2.500,2.500
2,no_pid,3.723,2.4198,-1.2197,-19.561,19.561,-1.2197,-0.5991,0.0043,2.4198,2.500,2.500
2,no_pid,3.774,2.4192,-1.2297,-20.130,20.130,-1.2297,-0.5626,0.0703,2.4192,2.500,2.500
2,no_pid,3.824,2.4210,-1.2282,-20.634,20.634,-1.2282,-0.5084,0.1623,2.4210,2.500,2.500
2,no_pid,3.874,2.4271,-1.2176,-21.219,21.219,-1.2176,-0.4426,0.2672,2.4271,2.500,2.500
2,no_pid,3.924,2.4321,-1.2095,-21.574,21.574,-1.2095,-0.3876,0.3427,2.4321,2.500,2.500
2,no_pid,3.975,2.4394,-1.1982,-22.032,22.032,-1.1982,-0.3313,0.4135,2.4394,2.500,2.500
2,no_pid,4.025,2.4438,-1.1916,-22.299,22.299,-1.1916,-0.2890,0.4524,2.4438,2.500,2.500
2,no_pid,4.076,2.4469,-1.1875,-22.660,22.660,-1.1875,-0.2552,0.4725,2.4469,2.500,2.500
2,no_pid,4.126,2.4455,-1.1939,-22.858,22.858,-1.1939,-0.2435,0.4506,2.4455,2.500,2.500
2,no_pid,4.176,2.4513,-1.2085,-23.125,23.125,-1.2085,-0.2478,0.4016,2.4513,2.500,2.500
2,no_pid,4.227,2.4677,-1.2236,-23.331,23.331,-1.2236,-0.2525,0.3564,2.4677,2.500,2.500
2,no_pid,4.277,2.4936,-1.2406,-23.514,23.514,-1.2406,-0.2602,0.3096,2.4936,2.500,2.500
2,no_pid,4.328,2.5214,-1.2560,-23.649,23.649,-1.2560,-0.2644,0.2737,2.5214,2.500,2.500
2,no_pid,4.378,2.5734,-1.2812,-23.823,23.823,-1.2812,-0.2861,0.2093,2.5734,2.500,2.500
2,no_pid,4.428,2.6279,-1.3053,-23.950,23.950,-1.3053,-0.3037,0.1582,2.6279,2.500,2.500
2,no_pid,4.478,2.6990,-1.3347,-24.065,24.065,-1.3347,-0.3294,0.0970,2.6990,2.500,2.500
2,no_pid,4.529,2.7767,-1.3645,-24.136,24.136,-1.3645,-0.3534,0.0445,2.7767,2.500,2.500
2,no_pid,4.579,2.8389,-1.3820,-24.088,24.088,-1.3820,-0.3530,0.0412,2.8389,2.500,2.500
2,no_pid,4.629,2.9405,-1.4006,-23.852,23.852,-1.4006,-0.3545,0.0347,2.9405,2.500,2.500
2,no_pid,4.680,3.0123,-1.4136,-23.647,23.647,-1.4136,-0.3458,0.0473,3.0123,2.500,2.500
2,no_pid,4.730,3.1262,-1.4355,-23.297,23.297,-1.4355,-0.3540,0.0280,3.1262,2.500,2.500
2,no_pid,4.780,3.2549,-1.4615,-22.875,22.875,-1.4615,-0.3689,-0.0016,3.2549,2.500,2.500
2,no_pid,4.830,3.3850,-1.4884,-22.428,22.428,-1.4884,-0.3840,-0.0288,3.3850,2.500,2.500
2,no_pid,4.881,3.4655,-1.5027,-22.158,22.158,-1.5027,-0.3750,-0.0098,3.4655,2.500,2.500
2,no_pid,4.931,3.5787,-1.5213,-21.795,21.795,-1.5213,-0.3746,-0.0082,3.5787,2.500,2.500
2,no_pid,4.981,3.7181,-1.5452,-21.348,21.348,-1.5452,-0.3837,-0.0241,3.7181,2.500,2.500
2,no_pid,5.031,3.8685,-1.5720,-20.865,20.865,-1.5720,-0.3973,-0.0466,3.8685,2.500,2.500
2,no_pid,5.082,3.9740,-1.5911,-20.538,20.538,-1.5911,-0.3957,-0.0394,3.9740,2.500,2.500
2,no_pid,5.132,4.1283,-1.6176,-20.137,20.137,-1.6176,-0.4076,-0.0574,4.1283,2.500,2.500
2,no_pid,5.182,4.2350,-1.6355,-19.928,19.928,-1.6355,-0.4029,-0.0436,4.2350,2.500,2.500
2,no_pid,5.233,4.3939,-1.6626,-19.701,19.701,-1.6626,-0.4155,-0.0625,4.3939,2.500,2.500
2,no_pid,5.283,4.5655,-1.6898,-19.574,19.574,-1.6898,-0.4270,-0.0777,4.5655,2.500,2.500
2,no_pid,5.333,4.6729,-1.7034,-19.561,19.561,-1.7034,-0.4126,-0.0445,4.6729,2.500,2.500
2,no_pid,5.383,4.8321,-1.7226,-19.612,19.612,-1.7226,-0.4099,-0.0355,4.8321,2.500,2.500
2,no_pid,5.434,4.9748,-1.7388,-19.690,19.690,-1.7388,-0.4019,-0.0177,4.9748,2.500,2.500
2,no_pid,5.484,5.1455,-1.7529,-19.772,19.772,-1.7529,-0.3908,0.0041,5.1455,2.500,2.500
2,no_pid,5.534,5.3251,-1.7678,-19.872,19.872,-1.7678,-0.3821,0.0195,5.3251,2.500,2.500
2,no_pid,5.584,5.4902,-1.7815,-19.966,19.966,-1.7815,-0.3721,0.0359,5.4902,2.500,2.500
2,no_pid,5.635,5.6812,-1.7950,-20.035,20.035,-1.7950,-0.3627,0.0498,5.6812,2.500,2.500
2,no_pid,5.685,5.7917,-1.8021,-20.054,20.054,-1.8021,-0.3425,0.0819,5.7917,2.500,2.500
2,no_pid,5.735,5.9805,-1.8149,-20.071,20.071,-1.8149,-0.3343,0.0892,5.9805,2.500,2.500
2,no_pid,5.786,6.1614,-1.8280,-20.076,20.076,-1.8280,-0.3276,0.0932,6.1614,2.500,2.500
2,no_pid,5.836,6.3790,-1.8433,-20.068,20.068,-1.8433,-0.3255,0.0886,6.3790,2.500,2.500
2,no_pid,5.886,6.5187,-1.8524,-20.052,20.052,-1.8524,-0.3124,0.1044,6.5187,2.500,2.500
2,no_pid,5.936,6.7375,-1.8667,-20.007,20.007,-1.8667,-0.3098,0.0995,6.7375,2.500,2.500
2,no_pid,5.987,6.9626,-1.8805,-19.896,19.896,-1.8805,-0.3065,0.0963,6.9626,2.500,2.500
2,no_pid,6.037,7.1107,-1.8901,-19.795,19.795,-1.8901,-0.2959,0.1068,7.1107,2.500,2.500
2,no_pid,6.087,7.3298,-1.9048,-19.611,19.611,-1.9048,-0.2956,0.0976,7.3298,2.500,2.500
2,no_pid,6.138,7.4768,-1.9137,-19.464,19.464,-1.9137,-0.2848,0.1084,7.4768,2.500,2.500
2,no_pid,6.188,7.6980,-1.9278,-19.222,19.222,-1.9278,-0.2844,0.0991,7.6980,2.500,2.500
2,no_pid,6.238,7.8851,-1.9418,-18.997,18.997,-1.9418,-0.2839,0.0910,7.8851,2.500,2.500
2,no_pid,6.288,8.0588,-1.9592,-18.777,18.777,-1.9592,-0.2896,0.0724,8.0588,2.500,2.500
2,no_pid,6.339,8.2697,-1.9849,-18.447,18.447,-1.9849,-0.3098,0.0290,8.2697,2.500,2.500
2,no_pid,6.389,8.4076,-2.0037,-18.184,18.184,-2.0037,-0.3157,0.0156,8.4076,2.500,2.500
2,no_pid,6.439,8.5971,-2.0333,-17.756,17.756,-2.0333,-0.3406,-0.0309,8.5971,2.500,2.500
2,no_pid,6.490,8.7696,-2.0635,-17.328,17.328,-2.0635,-0.3643,-0.0712,8.7696,2.500,2.500
2,no_pid,6.540,8.9515,-2.0974,-16.887,16.887,-2.0974,-0.3926,-0.1162,8.9515,2.500,2.500
2,no_pid,6.590,9.0618,-2.1180,-16.617,16.617,-2.1180,-0.3942,-0.1084,9.0618,2.500,2.500
2,no_pid,6.641,9.1902,-2.1417,-16.212,16.212,-2.1417,-0.4011,-0.1109,9.1902,2.500,2.500
2,no_pid,6.691,9.2552,-2.1548,-15.815,15.815,-2.1548,-0.3880,-0.0771,9.2552,2.500,2.500
2,no_pid,6.741,9.2903,-2.1637,-15.379,15.379,-2.1637,-0.3687,-0.0350,9.2903,2.500,2.500
2,no_pid,6.792,9.3155,-2.1717,-14.961,14.961,-2.1717,-0.3495,0.0031,9.3155,2.500,2.500
2,no_pid,6.842,9.3363,-2.1791,-14.629,14.629,-2.1791,-0.3311,0.0364,9.3363,2.500,2.500
2,no_pid,6.892,9.3709,-2.1928,-14.097,14.097,-2.1928,-0.3258,0.0425,9.3709,2.500,2.500
2,no_pid,6.943,9.3941,-2.2031,-13.744,13.744,-2.2031,-0.3147,0.0589,9.3941,2.500,2.500
2,no_pid,6.993,9.4302,-2.2211,-13.180,13.180,-2.2211,-0.3186,0.0464,9.4302,2.500,2.500
2,no_pid,7.043,9.4611,-2.2384,-12.670,12.670,-2.2384,-0.3210,0.0378,9.4611,2.500,2.500
2,no_pid,7.093,9.4908,-2.2567,-12.138,12.138,-2.2567,-0.3249,0.0273,9.4908,2.500,2.500
2,no_pid,7.144,9.5162,-2.2728,-11.656,11.656,-2.2728,-0.3244,0.0257,9.5162,2.500,2.500
2,no_pid,7.194,9.5377,-2.2870,-11.196,11.196,-2.2870,-0.3205,0.0304,9.5377,2.500,2.500
2,no_pid,7.244,9.5586,-2.2993,-10.776,10.776,-2.2993,-0.3136,0.0402,9.5586,2.500,2.500
2,no_pid,7.295,9.5731,-2.3064,-10.539,10.539,-2.3064,-0.2979,0.0650,9.5731,2.500,2.500
2,no_pid,7.345,9.5997,-2.3180,-10.187,10.187,-2.3180,-0.2918,0.0703,9.5997,2.500,2.500
2,no_pid,7.395,9.6183,-2.3256,-9.989,9.989,-2.3256,-0.2789,0.0872,9.6183,2.500,2.500
2,no_pid,7.445,9.6476,-2.3373,-9.746,9.746,-2.3373,-0.2748,0.0868,9.6476,2.500,2.500
2,no_pid,7.496,9.6669,-2.3452,-9.624,9.624,-2.3452,-0.2639,0.0985,9.6669,2.500,2.500
2,no_pid,7.546,9.6973,-2.3582,-9.474,9.474,-2.3582,-0.2635,0.0903,9.6973,2.500,2.500
2,no_pid,7.596,9.7276,-2.3723,-9.358,9.358,-2.3723,-0.2651,0.0792,9.7276,2.500,2.500
2,no_pid,7.647,9.7460,-2.3814,-9.299,9.299,-2.3814,-0.2573,0.0861,9.7460,2.500,2.500
2,no_pid,7.697,9.7720,-2.3951,-9.221,9.221,-2.3951,-0.2586,0.0758,9.7720,2.500,2.500
2,no_pid,7.747,9.7878,-2.4038,-9.173,9.173,-2.4038,-0.2509,0.0829,9.7878,2.500,2.500
2,no_pid,7.797,9.8098,-2.4163,-9.098,9.098,-2.4163,-0.2507,0.0757,9.8098,2.500,2.500
2,no_pid,7.848,9.8298,-2.4278,-9.013,9.013,-2.4278,-0.2486,0.0727,9.8298,2.500,2.500
2,no_pid,7.898,9.8481,-2.4380,-8.919,8.919,-2.4380,-0.2444,0.0736,9.8481,2.500,2.500
2,no_pid,7.948,9.8696,-2.4499,-8.795,8.795,-2.4499,-0.2437,0.0682,9.8696,2.500,2.500
2,no_pid,7.999,9.8867,-2.4592,-8.690,8.690,-2.4592,-0.2383,0.0717,9.8867,2.500,2.500
2,no_pid,8.049,9.9138,-2.4737,-8.518,8.518,-2.4737,-0.2429,0.0568,9.9138,2.500,2.500
2,no_pid,8.099,9.9323,-2.4836,-8.400,8.400,-2.4836,-0.2388,0.0591,9.9323,2.500,2.500
2,no_pid,8.150,9.9593,-2.4982,-8.229,8.229,-2.4982,-0.2434,0.0454,9.9593,2.500,2.500
2,no_pid,8.200,9.9812,-2.5099,-8.099,8.099,-2.5099,-0.2424,0.0429,9.9812,2.500,2.500
2,no_pid,8.250,10.0000,-2.5194,-8.004,8.004,-2.5194,-0.2375,0.0479,10.0000,2.500,2.500
2,no_pid,8.301,10.0136,-2.5263,-7.949,7.949,-2.5263,-0.2283,0.0603,10.0136,2.500,2.500
2,no_pid,8.351,10.0317,-2.5355,-7.903,7.903,-2.5355,-0.2241,0.0624,10.0317,2.500,2.500
2,no_pid,8.401,10.0414,-2.5407,-7.899,7.899,-2.5407,-0.2131,0.0767,10.0414,2.500,2.500
2,no_pid,8.452,10.0520,-2.5475,-7.925,7.925,-2.5475,-0.2060,0.0826,10.0520,2.500,2.500
2,no_pid,8.502,10.0576,-2.5523,-7.966,7.966,-2.5523,-0.1959,0.0934,10.0576,2.500,2.500
2,no_pid,8.552,10.0630,-2.5585,-8.037,8.037,-2.5585,-0.1892,0.0971,10.0630,2.500,2.500
2,no_pid,8.602,10.0675,-2.5653,-8.130,8.130,-2.5653,-0.1843,0.0971,10.0675,2.500,2.500
2,no_pid,8.653,10.0714,-2.5723,-8.233,8.233,-2.5723,-0.1803,0.0955,10.0714,2.500,2.500
2,no_pid,8.703,10.0744,-2.5785,-8.321,8.321,-2.5785,-0.1750,0.0963,10.0744,2.500,2.500
2,no_pid,8.753,10.0788,-2.5892,-8.467,8.467,-2.5892,-0.1784,0.0813,10.0788,2.500,2.500
2,no_pid,8.803,10.0830,-2.6013,-8.619,8.619,-2.6013,-0.1842,0.0634,10.0830,2.500,2.500
2,no_pid,8.854,10.0871,-2.6144,-8.771,8.771,-2.6144,-0.1912,0.0449,10.0871,2.500,2.500
2,no_pid,8.904,10.0930,-2.6344,-8.988,8.988,-2.6344,-0.2099,0.0068,10.0930,2.500,2.500
2,no_pid,8.954,10.0974,-2.6491,-9.139,9.139,-2.6491,-0.2175,-0.0077,10.0974,2.500,2.500
2,no_pid,9.005,10.1041,-2.6724,-9.366,9.366,-2.6724,-0.2400,-0.0479,10.1041,2.500,2.500
2,no_pid,9.055,10.1119,-2.6988,-9.608,9.608,-2.6988,-0.2659,-0.0906,10.1119,2.500,2.500
2,no_pid,9.105,10.1228,-2.7348,-9.918,9.918,-2.7348,-0.3071,-0.1571,10.1228,2.500,2.500
2,no_pid,9.156,10.1307,-2.7617,-10.135,10.135,-2.7617,-0.3279,-0.1805,10.1307,2.500,2.500
2,no_pid,9.206,10.1422,-2.8051,-10.472,10.472,-2.8051,-0.3768,-0.2529,10.1422,2.500,2.500
2,no_pid,9.257,10.1513,-2.8456,-10.785,10.785,-2.8456,-0.4158,-0.3005,10.1513,2.500,2.500
2,no_pid,9.307,10.1597,-2.8925,-11.162,11.162,-2.8925,-0.4629,-0.3586,10.1597,2.500,2.500
2,no_pid,9.357,10.1662,-2.9407,-11.574,11.574,-2.9407,-0.5083,-0.4083,10.1662,2.500,2.500
2,no_pid,9.407,10.1696,-2.9776,-11.913,11.913,-2.9776,-0.5290,-0.4087,10.1696,2.500,2.500
2,no_pid,9.458,10.1718,-3.0360,-12.494,12.494,-3.0360,-0.5869,-0.4766,10.1718,2.500,2.500
2,no_pid,9.508,10.1704,-3.0930,-13.121,13.121,-3.0930,-0.6368,-0.5237,10.1704,2.500,2.500
2,no_pid,9.558,10.1662,-3.1444,-13.739,13.739,-3.1444,-0.6720,-0.5399,10.1662,2.500,2.500
2,no_pid,9.608,10.1589,-3.1995,-14.457,14.457,-3.1995,-0.7107,-0.5609,10.1589,2.500,2.500
2,no_pid,9.659,10.1518,-3.2409,-15.028,15.028,-3.2409,-0.7210,-0.5285,10.1518,2.500,2.500
2,no_pid,9.709,10.1382,-3.3059,-15.954,15.954,-3.3059,-0.7731,-0.5747,10.1382,2.500,2.500
2,no_pid,9.759,10.1271,-3.3518,-16.615,16.615,-3.3518,-0.7859,-0.5455,10.1271,2.500,2.500
2,no_pid,9.810,10.1119,-3.4082,-17.441,17.441,-3.4082,-0.8164,-0.5507,10.1119,2.500,2.500
2,no_pid,9.860,10.0926,-3.4723,-18.419,18.419,-3.4723,-0.8582,-0.5765,10.0926,2.500,2.500
2,no_pid,9.910,10.0732,-3.5328,-19.333,19.333,-3.5328,-0.8897,-0.5810,10.0732,2.500,2.500
2,no_pid,9.961,10.0567,-3.5841,-20.095,20.095,-3.5841,-0.9016,-0.5494,10.0567,2.500,2.500
2,no_pid,10.011,10.0415,-3.6407,-20.930,20.930,-3.6407,-0.9218,-0.5359,10.0415,2.500,2.500
2,no_pid,10.061,10.0359,-3.6780,-21.479,21.479,-3.6780,-0.9054,-0.4572,10.0359,2.500,2.500
2,no_pid,10.112,10.0382,-3.7265,-22.173,22.173,-3.7265,-0.9108,-0.4251,10.0382,2.500,2.500
2,no_pid,10.162,10.0540,-3.7715,-22.781,22.781,-3.7715,-0.9094,-0.3837,10.0540,2.500,2.500
2,no_pid,10.212,10.0706,-3.7974,-23.111,23.111,-3.7974,-0.8732,-0.2829,10.0706,2.500,2.500
2,no_pid,10.263,10.1049,-3.8339,-23.548,23.548,-3.8339,-0.8597,-0.2325,10.1049,2.500,2.500
2,no_pid,10.313,10.1478,-3.8656,-23.910,23.910,-3.8656,-0.8388,-0.1733,10.1478,2.500,2.500
2,no_pid,10.363,10.1956,-3.8922,-24.217,24.217,-3.8922,-0.8105,-0.1060,10.1956,2.500,2.500
2,no_pid,10.413,10.2274,-3.9070,-24.389,24.389,-3.9070,-0.7634,-0.0107,10.2274,2.500,2.500
2,no_pid,10.464,10.2835,-3.9301,-24.656,24.656,-3.9301,-0.7357,0.0406,10.2835,2.500,2.500
2,no_pid,10.514,10.3549,-3.9569,-24.970,24.970,-3.9569,-0.7171,0.0706,10.3549,2.500,2.500
2,no_pid,10.564,10.4027,-3.9743,-25.186,25.186,-3.9743,-0.6834,0.1255,10.4027,2.500,2.500
2,no_pid,10.614,10.4797,-4.0029,-25.560,25.560,-4.0029,-0.6727,0.1334,10.4797,2.500,2.500
2,no_pid,10.665,10.5613,-4.0346,-26.005,26.005,-4.0346,-0.6689,0.1281,10.5613,2.500,2.500
2,no_pid,10.715,10.6147,-4.0564,-26.328,26.328,-4.0564,-0.6475,0.1554,10.6147,2.500,2.500
2,no_pid,10.765,10.6960,-4.0918,-26.882,26.882,-4.0918,-0.6525,0.1321,10.6960,2.500,2.500
2,no_pid,10.816,10.7667,-4.1253,-27.449,27.449,-4.1253,-0.6536,0.1180,10.7667,2.500,2.500
2,no_pid,10.866,10.8420,-4.1639,-28.168,28.168,-4.1639,-0.6639,0.0885,10.8420,2.500,2.500
2,no_pid,10.916,10.9051,-4.1977,-28.871,28.871,-4.1977,-0.6647,0.0789,10.9051,2.500,2.500
2,no_pid,10.967,10.9936,-4.2461,-30.020,30.020,-4.2461,-0.6921,0.0219,10.9936,2.500,2.500
2,no_pid,11.017,11.0712,-4.2884,-31.200,31.200,-4.2884,-0.7058,-0.0050,11.0712,2.500,2.500
2,no_pid,11.067,11.1586,-4.3336,-32.773,32.773,-4.3336,-0.7234,-0.0365,11.1586,2.500,2.500
2,no_pid,11.117,11.2355,-4.3696,-34.510,34.510,-4.3696,-0.7228,-0.0320,11.2355,2.500,2.500
2,no_pid,11.168,11.2811,-4.3896,-35.839,35.839,-4.3896,-0.6932,0.0246,11.2811,2.500,2.500
2,no_pid,11.218,11.3332,-4.4128,-37.854,37.854,-4.4128,-0.6721,0.0608,11.3332,2.500,2.500
2,no_pid,11.268,11.3603,-4.4267,-39.195,39.195,-4.4267,-0.6360,0.1209,11.3603,2.500,2.500
2,no_pid,11.318,11.3927,-4.4477,-40.981,40.981,-4.4477,-0.6159,0.1463,11.3927,2.500,2.500
2,no_pid,11.369,11.4230,-4.4737,-42.582,42.582,-4.4737,-0.6068,0.1494,11.4230,2.500,2.500
2,no_pid,11.419,11.4432,-4.4948,-43.526,43.526,-4.4948,-0.5897,0.1669,11.4432,2.500,2.500
2,no_pid,11.469,11.4718,-4.5287,-44.655,44.655,-4.5287,-0.5972,0.1378,11.4718,2.500,2.500
2,no_pid,11.520,11.4926,-4.5537,-45.286,45.286,-4.5537,-0.5881,0.1417,11.4926,2.500,2.500
2,no_pid,11.570,11.5289,-4.5951,-46.066,46.066,-4.5951,-0.6093,0.0902,11.5289,2.500,2.500
2,no_pid,11.621,11.5713,-4.6390,-46.635,46.635,-4.6390,-0.6335,0.0380,11.5713,2.500,2.500
2,no_pid,11.671,11.6050,-4.6718,-46.933,46.933,-4.6718,-0.6352,0.0316,11.6050,2.500,2.500
2,no_pid,11.721,11.6609,-4.7236,-47.247,47.247,-4.7236,-0.6713,-0.0370,11.6609,2.500,2.500
2,no_pid,11.771,11.7139,-4.7708,-47.410,47.410,-4.7708,-0.6958,-0.0780,11.7139,2.500,2.500
2,no_pid,11.822,11.7677,-4.8175,-47.481,47.481,-4.8175,-0.7172,-0.1098,11.7677,2.500,2.500
2,no_pid,11.872,11.8137,-4.8569,-47.483,47.483,-4.8569,-0.7233,-0.1108,11.8137,2.500,2.500
2,no_pid,11.922,11.8873,-4.9191,-47.394,47.394,-4.9191,-0.7702,-0.1860,11.8873,2.500,2.500
2,no_pid,11.972,11.9371,-4.9609,-47.279,47.279,-4.9609,-0.7758,-0.1792,11.9371,2.500,2.500
2,no_pid,12.023,12.0125,-5.0239,-47.041,47.041,-5.0239,-0.8195,-0.2423,12.0125,2.500,2.500
2,no_pid,12.073,12.0924,-5.0902,-46.728,46.728,-5.0902,-0.8650,-0.3029,12.0924,2.500,2.500
2,no_pid,12.123,12.1491,-5.1367,-46.484,46.484,-5.1367,-0.8706,-0.2854,12.1491,2.500,2.500
2,no_pid,12.173,12.2321,-5.2043,-46.114,46.114,-5.2043,-0.9138,-0.3378,12.2321,2.500,2.500
2,no_pid,12.224,12.3179,-5.2732,-45.745,45.745,-5.2732,-0.9556,-0.3829,12.3179,2.500,2.500
2,no_pid,12.274,12.3771,-5.3201,-45.522,45.522,-5.3201,-0.9537,-0.3445,12.3771,2.500,2.500
2,no_pid,12.324,12.4633,-5.3872,-45.276,45.276,-5.3872,-0.9885,-0.3764,12.4633,2.500,2.500
2,no_pid,12.374,12.5218,-5.4316,-45.179,45.179,-5.4316,-0.9789,-0.3245,12.5218,2.500,2.500
2,no_pid,12.425,12.5959,-5.4864,-45.159,45.159,-5.4864,-0.9890,-0.3132,12.5959,2.500,2.500
2,no_pid,12.475,12.6853,-5.5494,-45.312,45.312,-5.5494,-1.0132,-0.3286,12.6853,2.500,2.500
2,no_pid,12.525,12.7777,-5.6089,-45.717,45.717,-5.6089,-1.0288,-0.3270,12.7777,2.500,2.500
2,no_pid,12.575,12.8457,-5.6484,-46.177,46.177,-5.6484,-1.0067,-0.2569,12.8457,2.500,2.500
2,no_pid,12.626,12.9553,-5.7063,-47.133,47.133,-5.7063,-1.0199,-0.2574,12.9553,2.500,2.500
2,no_pid,12.676,13.0670,-5.7615,-48.303,48.303,-5.7615,-1.0271,-0.2470,13.0670,2.500,2.500
2,no_pid,12.726,13.1462,-5.7996,-49.214,49.214,-5.7996,-1.0025,-0.1797,13.1462,2.500,2.500
2,no_pid,12.776,13.2709,-5.8590,-50.743,50.743,-5.8590,-1.0189,-0.1930,13.2709,2.500,2.500
2,no_pid,12.827,13.3515,-5.8974,-51.772,51.772,-5.8974,-0.9957,-0.1333,13.3515,2.500,2.500
2,no_pid,12.877,13.4758,-5.9584,-53.411,53.411,-5.9584,-1.0156,-0.1574,13.4758,2.500,2.500
2,no_pid,12.927,13.6016,-6.0236,-55.109,55.109,-6.0236,-1.0414,-0.1897,13.6016,2.500,2.500
2,no_pid,12.977,13.6834,-6.0682,-56.221,56.221,-6.0682,-1.0274,-0.1471,13.6834,2.500,2.500
2,no_pid,13.028,13.8027,-6.1366,-57.832,57.832,-6.1366,-1.0580,-0.1892,13.8027,2.500,2.500
2,no_pid,13.078,13.8829,-6.1849,-58.897,58.897,-6.1849,-1.0491,-0.1558,13.8829,2.500,2.500
2,no_pid,13.128,14.0033,-6.2613,-60.452,60.452,-6.2613,-1.0921,-0.2197,14.0033,2.500,2.500
2,no_pid,13.178,14.0803,-6.3125,-61.408,61.408,-6.3125,-1.0854,-0.1874,14.0803,2.500,2.500
2,no_pid,13.229,14.1926,-6.3898,-62.727,62.727,-6.3898,-1.1265,-0.2450,14.1926,2.500,2.500
2,no_pid,13.279,14.3068,-6.4704,-63.950,63.950,-6.4704,-1.1702,-0.3020,14.3068,2.500,2.500
2,no_pid,13.329,14.3821,-6.5243,-64.689,64.689,-6.5243,-1.1614,-0.2585,14.3821,2.500,2.500
2,no_pid,13.379,14.4578,-6.5793,-65.378,65.378,-6.5793,-1.1553,-0.2239,14.4578,2.500,2.500
2,no_pid,13.430,14.5738,-6.6660,-66.341,66.341,-6.6660,-1.2073,-0.2978,14.5738,2.500,2.500
2,no_pid,13.480,14.6935,-6.7564,-67.254,67.254,-6.7564,-1.2612,-0.3686,14.6935,2.500,2.500
2,no_pid,13.530,14.7720,-6.8168,-67.818,67.818,-6.8168,-1.2558,-0.3252,14.7720,2.500,2.500
2,no_pid,13.580,14.8885,-6.9099,-68.590,68.590,-6.9099,-1.3102,-0.3943,14.8885,2.500,2.500
2,no_pid,13.631,14.9650,-6.9735,-69.062,69.062,-6.9735,-1.3061,-0.3507,14.9650,2.500,2.500
2,no_pid,13.681,15.0632,-7.0615,-69.675,69.675,-7.0615,-1.3466,-0.3924,15.0632,2.500,2.500
2,no_pid,13.731,15.1507,-7.1454,-70.193,70.193,-7.1454,-1.3760,-0.4098,15.1507,2.500,2.500
2,no_pid,13.782,15.2187,-7.2133,-70.556,70.556,-7.2133,-1.3736,-0.3681,15.2187,2.500,2.500
2,no_pid,13.832,15.2705,-7.2666,-70.812,70.812,-7.2666,-1.3448,-0.2820,15.2705,2.500,2.500
2,no_pid,13.882,15.3452,-7.3462,-71.158,71.158,-7.3462,-1.3666,-0.2958,15.3452,2.500,2.500
2,no_pid,13.933,15.4165,-7.4259,-71.492,71.492,-7.4259,-1.3865,-0.3051,15.4165,2.500,2.500
2,no_pid,13.983,15.4772,-7.4972,-71.815,71.815,-7.4972,-1.3894,-0.2823,15.4772,2.500,2.500
2,no_pid,14.033,15.5388,-7.5738,-72.232,72.232,-7.5738,-1.4016,-0.2787,15.5388,2.500,2.500
2,no_pid,14.083,15.5746,-7.6210,-72.583,72.583,-7.6210,-1.3594,-0.1766,15.5746,2.500,2.500
2,no_pid,14.134,15.6249,-7.6886,-73.253,73.253,-7.6886,-1.3580,-0.1579,15.6249,2.500,2.500
2,no_pid,14.184,15.6592,-7.7349,-73.819,73.819,-7.7349,-1.3183,-0.0714,15.6592,2.500,2.500
2,no_pid,14.234,15.7096,-7.8038,-74.814,74.814,-7.8038,-1.3232,-0.0737,15.7096,2.500,2.500
2,no_pid,14.284,15.7534,-7.8658,-75.833,75.833,-7.8658,-1.3150,-0.0521,15.7534,2.500,2.500
2,no_pid,14.335,15.7928,-7.9251,-76.887,76.887,-7.9251,-1.3027,-0.0250,15.7928,2.500,2.500
2,no_pid,14.385,15.8335,-7.9932,-78.203,78.203,-7.9932,-1.3074,-0.0313,15.8335,2.500,2.500
2,no_pid,14.435,15.8551,-8.0348,-79.128,79.128,-8.0348,-1.2639,0.0506,15.8551,2.500,2.500
2,no_pid,14.485,15.8735,-8.0824,-80.485,80.485,-8.0824,-1.2347,0.0990,15.8735,2.500,2.500
2,no_pid,14.536,15.8781,-8.1059,-81.373,81.373,-8.1059,-1.1645,0.2176,15.8781,2.500,2.500
2,no_pid,14.586,15.8800,-8.1309,-82.512,82.512,-8.1309,-1.1027,0.3097,15.8800,2.500,2.500
2,no_pid,14.637,15.8804,-8.1561,-83.688,83.688,-8.1561,-1.0469,0.3826,15.8804,2.500,2.500
2,no_pid,14.688,15.8813,-8.1840,-84.839,84.839,-8.1840,-1.0014,0.4300,15.8813,2.500,2.500
2,no_pid,14.739,15.8825,-8.2190,-86.061,86.061,-8.2190,-0.9712,0.4447,15.8825,2.500,2.500
2,no_pid,14.790,15.8828,-8.2434,-86.830,86.830,-8.2434,-0.9256,0.4862,15.8828,2.500,2.500
2,no_pid,14.842,15.8817,-8.2794,-87.907,87.907,-8.2794,-0.9038,0.4800,15.8817,2.500,2.500
2,no_pid,14.893,15.8806,-8.3027,-88.573,88.573,-8.3027,-0.8621,0.5111,15.8806,2.500,2.500
2,no_pid,14.945,15.8785,-8.3372,-89.488,89.488,-8.3372,-0.8438,0.4963,15.8785,2.500,2.500
2,no_pid,14.996,15.8760,-8.3685,-90.283,90.283,-8.3685,-0.8231,0.4882,15.8760,2.500,2.500
2,no_pid,15.046,15.8749,-8.3880,-90.743,90.743,-8.3880,-0.7828,0.5165,15.8749,2.500,2.500
2,no_pid,15.098,15.8743,-8.4177,-91.327,91.327,-8.4177,-0.7639,0.5029,15.8743,2.500,2.500
2,no_pid,15.149,15.8744,-8.4387,-91.658,91.658,-8.4387,-0.7306,0.5162,15.8744,2.500,2.500
2,no_pid,15.201,15.8749,-8.4701,-92.047,92.047,-8.4701,-0.7194,0.4883,15.8749,2.500,2.500
2,no_pid,15.251,15.8749,-8.5048,-92.366,92.366,-8.5048,-0.7163,0.4492,15.8749,2.500,2.500
2,no_pid,15.303,15.8744,-8.5279,-92.533,92.533,-8.5279,-0.6916,0.4521,15.8744,2.500,2.500
2,no_pid,15.354,15.8722,-8.5645,-92.754,92.754,-8.5645,-0.6931,0.4070,15.8722,2.500,2.500
2,no_pid,15.406,15.8689,-8.5946,-92.921,92.921,-8.5946,-0.6829,0.3876,15.8689,2.500,2.500
2,no_pid,15.457,15.8638,-8.6272,-93.119,93.119,-8.6272,-0.6781,0.3600,15.8638,2.500,2.500
2,no_pid,15.509,15.8579,-8.6611,-93.365,93.365,-8.6611,-0.6761,0.3298,15.8579,2.500,2.500
2,no_pid,15.560,15.8524,-8.6881,-93.607,93.607,-8.6881,-0.6622,0.3244,15.8524,2.500,2.500
2,no_pid,15.612,15.8467,-8.7126,-93.891,93.891,-8.7126,-0.6450,0.3254,15.8467,2.500,2.500
2,no_pid,15.663,15.8432,-8.7259,-94.087,94.087,-8.7259,-0.6089,0.3605,15.8432,2.500,2.500
2,no_pid,15.714,15.8388,-8.7428,-94.430,94.430,-8.7428,-0.5828,0.3742,15.8388,2.500,2.500
2,no_pid,15.765,15.8359,-8.7552,-94.782,94.782,-8.7552,-0.5522,0.3957,15.8359,2.500,2.500
2,no_pid,15.816,15.8341,-8.7648,-95.100,95.100,-8.7648,-0.5181,0.4207,15.8341,2.500,2.500
2,no_pid,15.867,15.8334,-8.7705,-95.284,95.284,-8.7705,-0.4801,0.4503,15.8334,2.500,2.500
2,no_pid,15.918,15.8327,-8.7785,-95.525,95.525,-8.7785,-0.4503,0.4629,15.8327,2.500,2.500
2,no_pid,15.969,15.8324,-8.7875,-95.776,95.776,-8.7875,-0.4255,0.4656,15.8324,2.500,2.500
2,no_pid,16.020,15.8327,-8.7965,-96.013,96.013,-8.7965,-0.4026,0.4642,15.8327,2.500,2.500
2,no_pid,16.070,15.8332,-8.8018,-96.152,96.152,-8.8018,-0.3753,0.4712,15.8332,2.500,2.500
2,no_pid,16.120,15.8346,-8.8083,-96.334,96.334,-8.8083,-0.3527,0.4692,15.8346,2.500,2.500
2,no_pid,16.171,15.8357,-8.8113,-96.430,96.430,-8.8113,-0.3259,0.4748,15.8357,2.500,2.500
2,no_pid,16.221,15.8376,-8.8147,-96.546,96.546,-8.8147,-0.3022,0.4745,15.8376,2.500,2.500
2,no_pid,16.272,15.8396,-8.8170,-96.614,96.614,-8.8170,-0.2787,0.4737,15.8396,2.500,2.500
2,no_pid,16.322,15.8411,-8.8183,-96.631,96.631,-8.8183,-0.2556,0.4722,15.8411,2.500,2.500
2,no_pid,16.372,15.8433,-8.8203,-96.639,96.639,-8.8203,-0.2358,0.4649,15.8433,2.500,2.500
2,no_pid,16.423,15.8453,-8.8223,-96.641,96.641,-8.8223,-0.2177,0.4552,15.8453,2.500,2.500
2,no_pid,16.473,15.8503,-8.8322,-96.642,96.642,-8.8322,-0.2157,0.4171,15.8503,2.500,2.500
2,no_pid,16.524,15.8551,-8.8445,-96.644,96.644,-8.8445,-0.2182,0.3741,15.8551,2.500,2.500
2,no_pid,16.575,15.8650,-8.8725,-96.648,96.648,-8.8725,-0.2491,0.2837,15.8650,2.500,2.500
2,no_pid,16.625,15.8776,-8.9081,-96.641,96.641,-8.9081,-0.2911,0.1815,15.8776,2.500,2.500
2,no_pid,16.675,15.8923,-8.9462,-96.596,96.596,-8.9462,-0.3334,0.0880,15.8923,2.500,2.500
2,no_pid,16.726,15.9082,-8.9846,-96.497,96.497,-8.9846,-0.3725,0.0089,15.9082,2.500,2.500
2,no_pid,16.777,15.9210,-9.0157,-96.382,96.382,-9.0157,-0.3947,-0.0323,15.9210,2.500,2.500
2,no_pid,16.827,15.9433,-9.0705,-96.115,96.115,-9.0705,-0.4581,-0.1446,15.9433,2.500,2.500
2,no_pid,16.878,15.9664,-9.1283,-95.751,95.751,-9.1283,-0.5213,-0.2461,15.9664,2.500,2.500
2,no_pid,16.928,15.9865,-9.1776,-95.364,95.364,-9.1776,-0.5631,-0.2995,15.9865,2.500,2.500
2,no_pid,16.978,16.0021,-9.2155,-95.016,95.016,-9.2155,-0.5802,-0.3031,16.0021,2.500,2.500
2,no_pid,17.029,16.0256,-9.2720,-94.426,94.426,-9.2720,-0.6296,-0.3649,16.0256,2.500,2.500
2,no_pid,17.080,16.0530,-9.3386,-93.636,93.636,-9.3386,-0.6927,-0.4460,16.0530,2.500,2.500
2,no_pid,17.130,16.0798,-9.4013,-92.764,92.764,-9.4013,-0.7431,-0.4967,16.0798,2.500,2.500
2,no_pid,17.180,16.1114,-9.4743,-91.615,91.615,-9.4743,-0.8078,-0.5687,16.1114,2.500,2.500
2,no_pid,17.231,16.1325,-9.5227,-90.799,90.799,-9.5227,-0.8216,-0.5417,16.1325,2.500,2.500
2,no_pid,17.281,16.1633,-9.5928,-89.531,89.531,-9.5928,-0.8737,-0.5866,16.1633,2.500,2.500
2,no_pid,17.332,16.1907,-9.6548,-88.326,88.326,-9.6548,-0.9063,-0.5923,16.1907,2.500,2.500
2,no_pid,17.382,16.2169,-9.7139,-87.157,87.157,-9.7139,-0.9302,-0.5812,16.2169,2.500,2.500
2,no_pid,17.433,16.2431,-9.7725,-86.042,86.042,-9.7725,-0.9511,-0.5656,16.2431,2.500,2.500
2,no_pid,17.483,16.2629,-9.8168,-85.260,85.260,-9.8168,-0.9448,-0.5026,16.2629,2.500,2.500
2,no_pid,17.534,16.2917,-9.8811,-84.225,84.225,-9.8811,-0.9749,-0.5110,16.2917,2.500,2.500
2,no_pid,17.584,16.3112,-9.9248,-83.649,83.649,-9.9248,-0.9646,-0.4454,16.3112,2.500,2.500
2,no_pid,17.635,16.3411,-9.9905,-83.068,83.068,-9.9905,-0.9956,-0.4608,16.3411,2.500,2.500
2,no_pid,17.685,16.3736,-10.0599,-82.782,82.782,-10.0599,-1.0307,-0.4826,16.3736,2.500,2.500
2,no_pid,17.735,16.4066,-10.1288,-82.749,82.749,-10.1288,-1.0618,-0.4951,16.4066,2.500,2.500
2,no_pid,17.786,16.4379,-10.1941,-82.888,82.888,-10.1941,-1.0834,-0.4891,16.4379,2.500,2.500
2,no_pid,17.836,16.4596,-10.2402,-83.066,83.066,-10.2402,-1.0675,-0.4151,16.4596,2.500,2.500
2,no_pid,17.887,16.4949,-10.3184,-83.496,83.496,-10.3184,-1.1118,-0.4577,16.4949,2.500,2.500
2,no_pid,17.937,16.5147,-10.3649,-83.824,83.824,-10.3649,-1.0947,-0.3847,16.5147,2.500,2.500
2,no_pid,17.987,16.5396,-10.4283,-84.367,84.367,-10.4283,-1.1100,-0.3775,16.5396,2.500,2.500
2,no_pid,18.038,16.5578,-10.4809,-84.912,84.912,-10.4809,-1.1038,-0.3315,16.5578,2.500,2.500
2,no_pid,18.088,16.5655,-10.5076,-85.222,85.222,-10.5076,-1.0515,-0.2063,16.5655,2.500,2.500
2,no_pid,18.138,16.5727,-10.5404,-85.618,85.618,-10.5404,-1.0148,-0.1207,16.5727,2.500,2.500
2,no_pid,18.189,16.5764,-10.5665,-85.915,85.915,-10.5665,-0.9691,-0.0265,16.5764,2.500,2.500
2,no_pid,18.239,16.5786,-10.5945,-86.177,86.177,-10.5945,-0.9311,0.0448,16.5786,2.500,2.500
2,no_pid,18.290,16.5795,-10.6126,-86.295,86.295,-10.6126,-0.8789,0.1356,16.5795,2.500,2.500
2,no_pid,18.340,16.5809,-10.6395,-86.378,86.378,-10.6395,-0.8474,0.1805,16.5809,2.500,2.500
2,no_pid,18.390,16.5835,-10.6689,-86.359,86.359,-10.6689,-0.8232,0.2079,16.5835,2.500,2.500
2,no_pid,18.441,16.5864,-10.6886,-86.294,86.294,-10.6886,-0.7836,0.2608,16.5864,2.500,2.500
2,no_pid,18.491,16.5938,-10.7210,-86.117,86.117,-10.7210,-0.7707,0.2604,16.5938,2.500,2.500
2,no_pid,18.542,16.6009,-10.7438,-85.949,85.949,-10.7438,-0.7416,0.2894,16.6009,2.500,2.500
2,no_pid,18.592,16.6148,-10.7796,-85.635,85.635,-10.7796,-0.7390,0.2679,16.6148,2.500,2.500
2,no_pid,18.642,16.6322,-10.8171,-85.261,85.261,-10.8171,-0.7397,0.2420,16.6322,2.500,2.500
2,no_pid,18.692,16.6461,-10.8432,-84.991,84.991,-10.8432,-0.7194,0.2567,16.6461,2.500,2.500
2,no_pid,18.743,16.6706,-10.8837,-84.569,84.569,-10.8837,-0.7272,0.2191,16.6706,2.500,2.500
2,no_pid,18.793,16.6901,-10.9120,-84.276,84.276,-10.9120,-0.7119,0.2268,16.6901,2.500,2.500
2,no_pid,18.844,16.7228,-10.9517,-83.863,83.863,-10.9517,-0.7190,0.1932,16.7228,2.500,2.500
2,no_pid,18.894,16.7487,-10.9773,-83.590,83.590,-10.9773,-0.6997,0.2105,16.7487,2.500,2.500
2,no_pid,18.944,16.7940,-11.0128,-83.182,83.182,-11.0128,-0.7002,0.1904,16.7940,2.500,2.500
2,no_pid,18.995,16.8267,-11.0325,-82.925,82.925,-11.0325,-0.6717,0.2246,16.8267,2.500,2.500
2,no_pid,19.045,16.8832,-11.0578,-82.521,82.521,-11.0578,-0.6562,0.2324,16.8832,2.500,2.500
2,no_pid,19.096,16.9477,-11.0772,-82.073,82.073,-11.0772,-0.6313,0.2562,16.9477,2.500,2.500
2,no_pid,19.146,16.9918,-11.0864,-81.755,81.755,-11.0864,-0.5902,0.3075,16.9918,2.500,2.500
2,no_pid,19.197,17.0608,-11.0967,-81.209,81.209,-11.0967,-0.5546,0.3438,17.0608,2.500,2.500
2,no_pid,19.247,17.1026,-11.1014,-80.830,80.830,-11.1014,-0.5126,0.3888,17.1026,2.500,2.500
2,no_pid,19.297,17.1617,-11.1076,-80.197,80.197,-11.1076,-0.4767,0.4182,17.1617,2.500,2.500
2,no_pid,19.348,17.2247,-11.1158,-79.300,79.300,-11.1158,-0.4479,0.4323,17.2247,2.500,2.500
2,no_pid,19.398,17.2783,-11.1254,-78.343,78.343,-11.1254,-0.4242,0.4357,17.2783,2.500,2.500
2,no_pid,19.449,17.3171,-11.1327,-77.516,77.516,-11.1327,-0.3986,0.4422,17.3171,2.500,2.500
2,no_pid,19.499,17.3561,-11.1380,-76.529,76.529,-11.1380,-0.3719,0.4503,17.3561,2.500,2.500
2,no_pid,19.550,17.3831,-11.1385,-75.761,75.761,-11.1385,-0.3387,0.4694,17.3831,2.500,2.500
2,no_pid,19.600,17.4273,-11.1307,-74.673,74.673,-11.1307,-0.2935,0.5085,17.4273,2.500,2.500
2,no_pid,19.650,17.4639,-11.1186,-73.958,73.958,-11.1186,-0.2446,0.5508,17.4639,2.500,2.500
2,no_pid,19.701,17.5208,-11.0978,-72.970,72.970,-11.0978,-0.1844,0.6097,17.5208,2.500,2.500
2,no_pid,19.751,17.5584,-11.0898,-72.385,72.385,-11.0898,-0.1531,0.6109,17.5584,2.500,2.500
2,no_pid,19.801,17.6177,-11.0887,-71.581,71.581,-11.0887,-0.1371,0.5841,17.6177,2.500,2.500
2,no_pid,19.852,17.6836,-11.0991,-70.830,70.830,-11.0991,-0.1434,0.5192,17.6836,2.500,2.500
2,no_pid,19.902,17.7285,-11.1114,-70.393,70.393,-11.1114,-0.1526,0.4550,17.7285,2.500,2.500
2,no_pid,19.952,17.8021,-11.1386,-69.784,69.784,-11.1386,-0.1881,0.3489,17.8021,2.500,2.500
2,no_pid,20.003,17.8699,-11.1699,-69.355,69.355,-11.1699,-0.2278,0.2449,17.8699,2.500,2.500
2,no_pid,20.053,17.9347,-11.2085,-69.180,69.180,-11.2085,-0.2770,0.1330,17.9347,2.500,2.500
2,no_pid,20.104,17.9719,-11.2371,-69.225,69.225,-11.2371,-0.3037,0.0724,17.9719,2.500,2.500
2,no_pid,20.154,18.0293,-11.2867,-69.431,69.431,-11.2867,-0.3659,-0.0474,18.0293,2.500,2.500
2,no_pid,20.204,18.0911,-11.3420,-69.674,69.674,-11.3420,-0.4329,-0.1648,18.0911,2.500,2.500
2,no_pid,20.255,18.1322,-11.3791,-69.798,69.798,-11.3791,-0.4608,-0.2004,18.1322,2.500,2.500
2,no_pid,20.305,18.1991,-11.4399,-69.917,69.917,-11.4399,-0.5291,-0.3062,18.1991,2.500,2.500
2,no_pid,20.355,18.2452,-11.4820,-69.946,69.946,-11.4820,-0.5573,-0.3294,18.2452,2.500,2.500
2,no_pid,20.406,18.3149,-11.5460,-69.906,69.906,-11.5460,-0.6227,-0.4181,18.3149,2.500,2.500
2,no_pid,20.456,18.3613,-11.5889,-69.788,69.788,-11.5889,-0.6435,-0.4176,18.3613,2.500,2.500
2,no_pid,20.506,18.4329,-11.6552,-69.395,69.395,-11.6552,-0.7051,-0.4914,18.4329,2.500,2.500
2,no_pid,20.557,18.5102,-11.7282,-68.664,68.664,-11.7282,-0.7734,-0.5706,18.5102,2.500,2.500
2,no_pid,20.607,18.5615,-11.7776,-68.013,68.013,-11.7776,-0.7924,-0.5528,18.5615,2.500,2.500
2,no_pid,20.657,18.6421,-11.8545,-66.690,66.690,-11.8545,-0.8596,-0.6244,18.6421,2.500,2.500
2,no_pid,20.708,18.6970,-11.9055,-65.577,65.577,-11.9055,-0.8737,-0.5930,18.6970,2.500,2.500
2,no_pid,20.758,18.7823,-11.9849,-63.589,63.589,-11.9849,-0.9381,-0.6558,18.7823,2.500,2.500
2,no_pid,20.808,18.8402,-12.0377,-62.072,62.072,-12.0377,-0.9481,-0.6139,18.8402,2.500,2.500
2,no_pid,20.859,18.9244,-12.1102,-59.555,59.555,-12.1102,-0.9929,-0.6391,18.9244,2.500,2.500
2,pid_xte,0.000,0.4273,0.0018,-0.479,0.479,0.0018,0.0000,0.0000,0.4273,0.000,6.000
2,pid_xte,0.050,0.4662,0.0100,-0.663,0.663,0.0100,0.0149,0.0271,0.4662,2.414,2.586
2,pid_xte,0.101,0.5122,0.0200,-0.791,0.791,0.0200,0.0317,0.0552,0.5122,2.457,2.543
2,pid_xte,0.151,0.5688,0.0320,-0.955,0.955,0.0320,0.0506,0.0845,0.5688,2.464,2.536
2,pid_xte,0.201,0.6433,0.0467,-1.167,1.167,0.0467,0.0727,0.1169,0.6433,2.470,2.530
2,pid_xte,0.252,0.7202,0.0609,-1.360,1.360,0.0609,0.0919,0.1411,0.7202,2.501,2.499
2,pid_xte,0.302,0.7855,0.0721,-1.496,1.496,0.0721,0.1039,0.1500,0.7855,2.541,2.459
2,pid_xte,0.352,0.8913,0.0885,-1.658,1.658,0.0885,0.1241,0.1729,0.8913,2.558,2.442
2,pid_xte,0.402,0.9678,0.0988,-1.732,1.732,0.0988,0.1316,0.1708,0.9678,2.609,2.391
2,pid_xte,0.453,1.0779,0.1120,-1.777,1.777,0.1120,0.1434,0.1767,1.0779,2.643,2.357
2,pid_xte,0.503,1.1836,0.1223,-1.748,1.748,0.1223,0.1491,0.1708,1.1836,2.692,2.308
2,pid_xte,0.553,1.2414,0.1267,-1.692,1.692,0.1267,0.1434,0.1449,1.2414,2.705,2.295
2,pid_xte,0.604,1.3162,0.1306,-1.556,1.556,0.1306,0.1374,0.1206,1.3162,2.743,2.257
2,pid_xte,0.654,1.3577,0.1315,-1.434,1.434,0.1315,0.1264,0.0897,1.3577,2.734,2.266
2,pid_xte,0.704,1.4123,0.1308,-1.212,1.212,0.1308,0.1137,0.0584,1.4123,2.773,2.227
2,pid_xte,0.754,1.4438,0.1297,-1.061,1.061,0.1297,0.1013,0.0306,1.4438,2.738,2.262
2,pid_xte,0.805,1.4908,0.1277,-0.831,0.831,0.1277,0.0883,0.0041,1.4908,2.768,2.232
2,pid_xte,0.855,1.5368,0.1261,-0.625,0.625,0.1261,0.0773,-0.0162,1.5368,2.756,2.244
2,pid_xte,0.906,1.5665,0.1256,-0.505,0.505,0.1256,0.0695,-0.0290,1.5665,2.719,2.281
2,pid_xte,0.956,1.6087,0.1258,-0.338,0.338,0.1258,0.0634,-0.0373,1.6087,2.741,2.259
2,pid_xte,1.006,1.6341,0.1263,-0.222,0.222,0.1263,0.0585,-0.0428,1.6341,2.722,2.278
2,pid_xte,1.057,1.6697,0.1276,-0.019,0.019,0.1276,0.0554,-0.0445,1.6697,2.766,2.234
2,pid_xte,1.107,1.6926,0.1284,0.145,-0.145,0.1284,0.0519,-0.0469,1.6926,2.756,2.244
2,pid_xte,1.158,1.7256,0.1289,0.437,-0.437,0.1289,0.0480,-0.0497,1.7256,2.821,2.179
2,pid_xte,1.208,1.7565,0.1280,0.777,-0.777,0.1280,0.0420,-0.0559,1.7565,2.852,2.148
2,pid_xte,1.259,1.7744,0.1270,0.997,-0.997,0.1270,0.0364,-0.0611,1.7744,2.807,2.193
2,pid_xte,1.309,1.7988,0.1240,1.324,-1.324,0.1240,0.0275,-0.0717,1.7988,2.857,2.143
2,pid_xte,1.360,1.8167,0.1185,1.590,-1.590,0.1185,0.0150,-0.0878,1.8167,2.827,2.173
2,pid_xte,1.410,1.8333,0.1073,1.872,-1.872,0.1073,-0.0067,-0.1191,1.8333,2.816,2.184
2,pid_xte,1.460,1.8469,0.0886,2.140,-2.140,0.0886,-0.0400,-0.1688,1.8469,2.772,2.228
2,pid_xte,1.511,1.8546,0.0697,2.310,-2.310,0.0697,-0.0707,-0.2090,1.8546,2.690,2.310
2,pid_xte,1.561,1.8631,0.0307,2.520,-2.520,0.0307,-0.1350,-0.3068,1.8631,2.615,2.385
2,pid_xte,1.612,1.8663,0.0016,2.611,-2.611,0.0016,-0.1755,-0.3523,1.8663,2.501,2.499
2,pid_xte,1.662,1.8688,-0.0422,2.675,-2.675,-0.0422,-0.2391,-0.4355,1.8688,2.385,2.615
2,pid_xte,1.712,1.8696,-0.0677,2.665,-2.665,-0.0677,-0.2635,-0.4399,1.8696,2.304,2.696
2,pid_xte,1.763,1.8707,-0.1023,2.583,-2.583,-0.1023,-0.3022,-0.4698,1.8707,2.197,2.803
2,pid_xte,1.813,1.8719,-0.1366,2.440,-2.440,-0.1366,-0.3369,-0.4899,1.8719,2.095,2.905
2,pid_xte,1.864,1.8728,-0.1670,2.289,-2.289,-0.1670,-0.3613,-0.4895,1.8728,2.028,2.972
2,pid_xte,1.914,1.8735,-0.1908,2.160,-2.160,-0.1908,-0.3715,-0.4632,1.8735,1.998,3.002
2,pid_xte,1.964,1.8744,-0.2321,1.922,-1.922,-0.2321,-0.4126,-0.4955,1.8744,1.857,3.143
2,pid_xte,2.015,1.8753,-0.2778,1.636,-1.636,-0.2778,-0.4579,-0.5326,1.8753,1.731,3.269
2,pid_xte,2.065,1.8758,-0.3095,1.428,-1.428,-0.3095,-0.4736,-0.5124,1.8758,1.705,3.295
2,pid_xte,2.115,1.8767,-0.3574,1.100,-1.100,-0.3574,-0.5173,-0.5449,1.8767,1.547,3.453
2,pid_xte,2.166,1.8775,-0.4024,0.779,-0.779,-0.4024,-0.5517,-0.5576,1.8775,1.453,3.547
2,pid_xte,2.216,1.8784,-0.4449,0.466,-0.466,-0.4449,-0.5785,-0.5552,1.8784,1.371,3.629
2,pid_xte,2.266,1.8796,-0.4934,0.101,-0.101,-0.4934,-0.6137,-0.5684,1.8796,1.246,3.754
2,pid_xte,2.317,1.8805,-0.5259,-0.147,0.147,-0.5259,-0.6165,-0.5215,1.8805,1.247,3.753
2,pid_xte,2.367,1.8820,-0.5752,-0.525,0.525,-0.5752,-0.6498,-0.5343,1.8820,1.090,3.910
2,pid_xte,2.417,1.8832,-0.6073,-0.769,0.769,-0.6073,-0.6487,-0.4834,1.8832,1.102,3.898
2,pid_xte,2.468,1.8856,-0.6548,-1.126,1.126,-0.6548,-0.6755,-0.4879,1.8856,0.963,4.037
2,pid_xte,2.518,1.8872,-0.6836,-1.343,1.343,-0.6836,-0.6660,-0.4259,1.8872,0.990,4.010
2,pid_xte,2.568,1.8900,-0.7253,-1.666,1.666,-0.7253,-0.6809,-0.4140,1.8900,0.872,4.128
2,pid_xte,2.619,1.8931,-0.7631,-1.974,1.974,-0.7631,-0.6873,-0.3879,1.8931,0.818,4.182
2,pid_xte,2.669,1.8953,-0.7854,-2.164,2.164,-0.7854,-0.6651,-0.3120,1.8953,0.857,4.143
2,pid_xte,2.719,1.8989,-0.8173,-2.446,2.446,-0.8173,-0.6624,-0.2787,1.8989,0.775,4.225
2,pid_xte,2.770,1.9021,-0.8439,-2.674,2.674,-0.8439,-0.6500,-0.2307,1.9021,0.771,4.229
2,pid_xte,2.820,1.9040,-0.8597,-2.796,2.796,-0.8597,-0.6195,-0.1541,1.9040,0.824,4.176
2,pid_xte,2.870,1.9069,-0.8885,-2.978,2.978,-0.8885,-0.6152,-0.1322,1.9069,0.765,4.235
2,pid_xte,2.920,1.9097,-0.9205,-3.132,3.132,-0.9205,-0.6170,-0.1235,1.9097,0.734,4.266
2,pid_xte,2.971,1.9110,-0.9381,-3.204,3.204,-0.9381,-0.5926,-0.0679,1.9110,0.772,4.228
2,pid_xte,3.021,1.9134,-0.9712,-3.325,3.325,-0.9712,-0.5986,-0.0726,1.9134,0.706,4.294
2,pid_xte,3.071,1.9159,-1.0040,-3.447,3.447,-1.0040,-0.6035,-0.0748,1.9159,0.661,4.339
2,pid_xte,3.122,1.9176,-1.0201,-3.520,3.520,-1.0201,-0.5775,-0.0207,1.9176,0.688,4.312
2,pid_xte,3.172,1.9195,-1.0310,-3.592,3.592,-1.0310,-0.5446,0.0410,1.9195,0.706,4.294
2,pid_xte,3.222,1.9240,-1.0342,-3.688,3.688,-1.0342,-0.5005,0.1174,1.9240,0.732,4.268
2,pid_xte,3.273,1.9316,-1.0218,-3.760,3.760,-1.0218,-0.4324,0.2305,1.9316,0.819,4.181
2,pid_xte,3.323,1.9371,-1.0124,-3.790,3.790,-1.0124,-0.3757,0.3124,1.9371,0.901,4.099
2,pid_xte,3.373,1.9456,-0.9983,-3.809,3.809,-0.9983,-0.3158,0.3927,1.9456,0.979,4.021
2,pid_xte,3.423,1.9510,-0.9899,-3.800,3.800,-0.9899,-0.2716,0.4371,1.9510,1.043,3.957
2,pid_xte,3.474,1.9574,-0.9808,-3.763,3.763,-0.9808,-0.2304,0.4721,1.9574,1.107,3.893
2,pid_xte,3.524,1.9626,-0.9759,-3.689,3.689,-0.9759,-0.2003,0.4835,1.9626,1.161,3.839
2,pid_xte,3.574,1.9634,-0.9809,-3.618,3.618,-0.9809,-0.1911,0.4562,1.9634,1.168,3.832
2,pid_xte,3.625,1.9667,-0.9979,-3.435,3.435,-0.9979,-0.2045,0.3900,1.9667,1.194,3.806
2,pid_xte,3.675,1.9836,-1.0151,-3.189,3.189,-1.0151,-0.2172,0.3314,1.9836,1.203,3.797
2,pid_xte,3.725,1.9995,-1.0244,-3.034,3.034,-1.0244,-0.2141,0.3066,1.9995,1.167,3.833
2,pid_xte,3.776,2.0359,-1.0395,-2.742,2.742,-1.0395,-0.2221,0.2642,2.0359,1.216,3.784
2,pid_xte,3.826,2.0810,-1.0533,-2.432,2.432,-1.0533,-0.2268,0.2315,2.0810,1.221,3.779
2,pid_xte,3.876,2.1445,-1.0683,-2.040,2.040,-1.0683,-0.2334,0.1983,2.1445,1.255,3.745
2,pid_xte,3.926,2.2140,-1.0816,-1.643,1.643,-1.0816,-0.2361,0.1752,2.2140,1.262,3.738
2,pid_xte,3.977,2.2647,-1.0899,-1.365,1.365,-1.0899,-0.2296,0.1710,2.2647,1.225,3.775
2,pid_xte,4.027,2.3462,-1.0994,-0.879,0.879,-1.0994,-0.2258,0.1622,2.3462,1.330,3.670
2,pid_xte,4.078,2.4133,-1.0995,-0.335,0.335,-1.0995,-0.2053,0.1847,2.4133,1.404,3.596
2,pid_xte,4.128,2.5021,-1.0923,0.524,-0.524,-1.0923,-0.1734,0.2256,2.5021,1.618,3.382
2,pid_xte,4.178,2.5974,-1.0833,1.454,-1.454,-1.0833,-0.1412,0.2636,2.5974,1.739,3.261
2,pid_xte,4.229,2.6780,-1.0759,2.210,-2.210,-1.0759,-0.1149,0.2873,2.6780,1.740,3.260
2,pid_xte,4.279,2.7997,-1.0652,3.297,-3.297,-1.0652,-0.0850,0.3153,2.7997,1.974,3.026
2,pid_xte,4.330,2.8999,-1.0563,4.155,-4.155,-1.0563,-0.0609,0.3301,2.8999,1.957,3.043
2,pid_xte,4.380,3.0439,-1.0361,5.402,-5.402,-1.0361,-0.0188,0.3766,3.0439,2.247,2.753
2,pid_xte,4.430,3.1472,-1.0185,6.282,-6.282,-1.0185,0.0149,0.4034,3.1472,2.192,2.808
2,pid_xte,4.480,3.3062,-0.9923,7.586,-7.586,-0.9923,0.0613,0.4508,3.3062,2.509,2.491
2,pid_xte,4.531,3.4459,-0.9693,8.680,-8.680,-0.9693,0.0973,0.4751,3.4459,2.538,2.462
2,pid_xte,4.581,3.6000,-0.9407,9.801,-9.801,-0.9407,0.1404,0.5100,3.6000,2.680,2.320
2,pid_xte,4.631,3.7086,-0.9194,10.553,-10.553,-0.9194,0.1663,0.5104,3.7086,2.612,2.388
2,pid_xte,4.682,3.8632,-0.8894,11.588,-11.588,-0.8894,0.2056,0.5351,3.8632,2.854,2.146
2,pid_xte,4.732,4.0197,-0.8593,12.601,-12.601,-0.8593,0.2415,0.5514,4.0197,2.963,2.037
2,pid_xte,4.782,4.2008,-0.8213,13.695,-13.695,-0.8213,0.2885,0.5864,4.2008,3.140,1.860
2,pid_xte,4.832,4.3193,-0.7945,14.359,-14.359,-0.7945,0.3110,0.5739,4.3193,3.045,1.955
2,pid_xte,4.883,4.5083,-0.7516,15.347,-15.347,-0.7516,0.3604,0.6111,4.5083,3.324,1.676
2,pid_xte,4.933,4.6976,-0.7062,16.244,-16.244,-0.7062,0.4100,0.6454,4.6976,3.428,1.572
2,pid_xte,4.983,4.8696,-0.6611,16.965,-16.965,-0.6611,0.4546,0.6674,4.8696,3.482,1.518
2,pid_xte,5.034,5.0385,-0.6163,17.600,-17.600,-0.6163,0.4944,0.6788,5.0385,3.564,1.436
2,pid_xte,5.084,5.1669,-0.5807,18.042,-18.042,-0.5807,0.5139,0.6524,5.1669,3.562,1.438
2,pid_xte,5.134,5.3039,-0.5382,18.493,-18.493,-0.5382,0.5441,0.6474,5.3039,3.661,1.339
2,pid_xte,5.185,5.5145,-0.4734,19.120,-19.120,-0.4734,0.6122,0.7119,5.5145,3.901,1.099
2,pid_xte,5.235,5.7309,-0.4073,19.682,-19.682,-0.4073,0.6763,0.7633,5.7309,4.033,0.967
2,pid_xte,5.285,5.8763,-0.3628,20.030,-20.030,-0.3628,0.6954,0.7283,5.8763,4.026,0.974
2,pid_xte,5.335,6.0859,-0.2978,20.525,-20.525,-0.2978,0.7499,0.7609,6.0859,4.233,0.767
2,pid_xte,5.386,6.2156,-0.2562,20.826,-20.826,-0.2562,0.7570,0.7042,6.2156,4.217,0.783
2,pid_xte,5.436,6.3836,-0.1975,21.215,-21.215,-0.1975,0.7945,0.7081,6.3836,4.370,0.630
2,pid_xte,5.486,6.5139,-0.1452,21.504,-21.504,-0.1452,0.8170,0.6843,6.5139,4.418,0.582
2,pid_xte,5.536,6.5830,-0.1144,21.635,-21.635,-0.1144,0.7983,0.5878,6.5830,4.371,0.629
2,pid_xte,5.587,6.6675,-0.0747,21.750,-21.750,-0.0747,0.7977,0.5330,6.6675,4.410,0.590
2,pid_xte,5.637,6.7147,-0.0524,21.787,-21.787,-0.0524,0.7652,0.4253,6.7147,4.369,0.631
2,pid_xte,5.687,6.7766,-0.0247,21.799,-21.799,-0.0247,0.7458,0.3511,6.7766,4.368,0.632
2,pid_xte,5.737,6.8160,-0.0090,21.786,-21.786,-0.0090,0.7061,0.2469,6.8160,4.332,0.668
2,pid_xte,5.788,6.8720,0.0099,21.743,-21.743,0.0099,0.6757,0.1691,6.8720,4.306,0.694
2,pid_xte,5.839,6.9231,0.0242,21.684,-21.684,0.0242,0.6395,0.0877,6.9231,4.275,0.725
2,pid_xte,5.889,6.9727,0.0359,21.612,-21.612,0.0359,0.6024,0.0124,6.9727,4.240,0.760
2,pid_xte,5.939,7.0146,0.0447,21.538,-21.538,0.0447,0.5634,-0.0597,7.0146,4.205,0.795
2,pid_xte,5.989,7.0553,0.0526,21.450,-21.450,0.0526,0.5262,-0.1218,7.0553,4.165,0.835
2,pid_xte,6.040,7.1060,0.0617,21.280,-21.280,0.0617,0.4948,-0.1678,7.1060,4.100,0.900
2,pid_xte,6.090,7.1388,0.0671,21.103,-21.103,0.0671,0.4594,-0.2168,7.1388,4.058,0.942
2,pid_xte,6.141,7.1723,0.0726,20.880,-20.880,0.0726,0.4269,-0.2558,7.1723,4.001,0.999
2,pid_xte,6.191,7.1952,0.0762,20.717,-20.717,0.0762,0.3944,-0.2914,7.1952,3.988,1.012
2,pid_xte,6.241,7.2339,0.0816,20.436,-20.436,0.0816,0.3683,-0.3123,7.2339,3.903,1.097
2,pid_xte,6.292,7.2602,0.0845,20.244,-20.244,0.0845,0.3399,-0.3353,7.2602,3.904,1.096
2,pid_xte,6.342,7.2915,0.0864,20.011,-20.011,0.0864,0.3122,-0.3549,7.2915,3.850,1.150
2,pid_xte,6.393,7.3252,0.0861,19.736,-19.736,0.0861,0.2830,-0.3753,7.3252,3.788,1.212
2,pid_xte,6.443,7.3561,0.0841,19.442,-19.442,0.0841,0.2535,-0.3947,7.3561,3.733,1.267
2,pid_xte,6.493,7.3803,0.0814,19.152,-19.152,0.0814,0.2253,-0.4099,7.3803,3.689,1.311
2,pid_xte,6.544,7.4009,0.0770,18.811,-18.811,0.0770,0.1968,-0.4242,7.4009,3.617,1.383
2,pid_xte,6.594,7.4129,0.0708,18.459,-18.459,0.0708,0.1675,-0.4386,7.4129,3.558,1.442
2,pid_xte,6.644,7.4177,0.0659,18.208,-18.208,0.0659,0.1433,-0.4426,7.4177,3.558,1.442
2,pid_xte,6.694,7.4219,0.0555,17.720,-17.720,0.0555,0.1113,-0.4602,7.4219,3.392,1.608
2,pid_xte,6.745,7.4236,0.0447,17.243,-17.243,0.0447,0.0816,-0.4722,7.4236,3.330,1.670
2,pid_xte,6.795,7.4244,0.0340,16.820,-16.820,0.0340,0.0547,-0.4780,7.4244,3.293,1.707
2,pid_xte,6.845,7.4254,0.0134,16.142,-16.142,0.0134,0.0122,-0.5116,7.4254,3.088,1.912
2,pid_xte,6.895,7.4265,-0.0051,15.641,-15.641,-0.0051,-0.0226,-0.5280,7.4265,3.082,1.918
2,pid_xte,6.946,7.4281,-0.0389,14.862,-14.862,-0.0389,-0.0819,-0.5875,7.4281,2.834,2.166
2,pid_xte,6.996,7.4285,-0.0779,13.985,-13.985,-0.0779,-0.1452,-0.6488,7.4285,2.644,2.356
2,pid_xte,7.046,7.4277,-0.1037,13.357,-13.357,-0.1037,-0.1789,-0.6507,7.4277,2.655,2.345
2,pid_xte,7.097,7.4262,-0.1271,12.698,-12.698,-0.1271,-0.2049,-0.6386,7.4262,2.559,2.441
2,pid_xte,7.147,7.4236,-0.1576,11.654,-11.654,-0.1576,-0.2419,-0.6474,7.4236,2.275,2.725
2,pid_xte,7.197,7.4217,-0.1848,10.551,-10.551,-0.1848,-0.2690,-0.6376,7.4217,2.139,2.861
2,pid_xte,7.247,7.4208,-0.2017,9.789,-9.789,-0.2017,-0.2752,-0.5906,7.4208,2.218,2.782
2,pid_xte,7.298,7.4204,-0.2267,8.613,-8.613,-0.2267,-0.2955,-0.5735,7.4204,1.939,3.061
2,pid_xte,7.348,7.4208,-0.2435,7.811,-7.811,-0.2435,-0.2990,-0.5274,7.4208,2.033,2.967
2,pid_xte,7.398,7.4224,-0.2664,6.713,-6.713,-0.2664,-0.3134,-0.5053,7.4224,1.815,3.185
2,pid_xte,7.449,7.4256,-0.2888,5.627,-5.627,-0.2888,-0.3254,-0.4810,7.4256,1.728,3.272
2,pid_xte,7.499,7.4301,-0.3108,4.539,-4.539,-0.3108,-0.3355,-0.4555,7.4301,1.639,3.361
2,pid_xte,7.549,7.4366,-0.3346,3.317,-3.317,-0.3346,-0.3483,-0.4370,7.4366,1.482,3.518
2,pid_xte,7.599,7.4415,-0.3497,2.517,-2.517,-0.3497,-0.3438,-0.3889,7.4415,1.605,3.395
2,pid_xte,7.650,7.4490,-0.3706,1.345,-1.345,-0.3706,-0.3504,-0.3654,7.4490,1.361,3.639
2,pid_xte,7.700,7.4540,-0.3833,0.583,-0.583,-0.3833,-0.3413,-0.3155,7.4540,1.489,3.511
2,pid_xte,7.750,7.4613,-0.4010,-0.552,0.552,-0.4010,-0.3424,-0.2886,7.4613,1.255,3.745
2,pid_xte,7.801,7.4657,-0.4116,-1.254,1.254,-0.4116,-0.3303,-0.2402,7.4657,1.400,3.600
2,pid_xte,7.851,7.4719,-0.4273,-2.309,2.309,-0.4273,-0.3288,-0.2155,7.4719,1.183,3.817
2,pid_xte,7.901,7.4765,-0.4413,-3.189,3.189,-0.4413,-0.3241,-0.1873,7.4765,1.201,3.799
2,pid_xte,7.952,7.4799,-0.4589,-4.104,4.104,-0.4589,-0.3264,-0.1744,7.4799,1.119,3.881
2,pid_xte,8.002,7.4811,-0.4795,-4.890,4.890,-0.4795,-0.3342,-0.1727,7.4811,1.102,3.898
2,pid_xte,8.052,7.4802,-0.4989,-5.458,5.458,-0.4989,-0.3390,-0.1656,7.4802,1.139,3.861
2,pid_xte,8.102,7.4759,-0.5334,-6.252,6.252,-0.5334,-0.3706,-0.2079,7.4759,0.938,4.062
2,pid_xte,8.152,7.4710,-0.5601,-6.750,6.750,-0.5601,-0.3852,-0.2155,7.4710,0.994,4.006
2,pid_xte,8.203,7.4607,-0.6051,-7.461,7.461,-0.6051,-0.4320,-0.2808,7.4607,0.776,4.224
2,pid_xte,8.253,7.4476,-0.6548,-8.153,8.153,-0.6548,-0.4828,-0.3475,7.4476,0.647,4.353
2,pid_xte,8.303,7.4379,-0.6889,-8.590,8.590,-0.6889,-0.5006,-0.3481,7.4379,0.678,4.322
2,pid_xte,8.353,7.4223,-0.7406,-9.215,9.215,-0.7406,-0.5490,-0.4043,7.4223,0.467,4.533
2,pid_xte,8.404,7.4111,-0.7762,-9.628,9.628,-0.7762,-0.5634,-0.3935,7.4111,0.484,4.516
2,pid_xte,8.454,7.3936,-0.8297,-10.226,10.226,-0.8297,-0.6092,-0.4408,7.3936,0.277,4.723
2,pid_xte,8.504,7.3816,-0.8656,-10.609,10.609,-0.8656,-0.6188,-0.4181,7.3816,0.300,4.700
2,pid_xte,8.555,7.3626,-0.9198,-11.157,11.157,-0.9198,-0.6607,-0.4560,7.3626,0.107,4.893
2,pid_xte,8.605,7.3431,-0.9733,-11.667,11.667,-0.9733,-0.6976,-0.4814,7.3431,0.005,4.995
2,pid_xte,8.655,7.3293,-1.0099,-11.992,11.992,-1.0099,-0.7004,-0.4424,7.3293,0.027,4.973
2,pid_xte,8.705,7.3087,-1.0627,-12.421,12.421,-1.0627,-0.7322,-0.4597,7.3087,0.000,5.124
2,pid_xte,8.756,7.2945,-1.0988,-12.690,12.690,-1.0988,-0.7309,-0.4155,7.2945,0.000,5.106
2,pid_xte,8.806,7.2720,-1.1550,-13.075,13.075,-1.1550,-0.7664,-0.4419,7.2720,0.000,5.266
2,pid_xte,8.856,7.2571,-1.1925,-13.310,13.310,-1.1925,-0.7644,-0.3980,7.2571,0.000,5.252
2,pid_xte,8.906,7.2331,-1.2536,-13.676,13.676,-1.2536,-0.8057,-0.4367,7.2331,0.000,5.428
2,pid_xte,8.957,7.2122,-1.3085,-14.014,14.014,-1.3085,-0.8316,-0.4437,7.2122,0.000,5.514
2,pid_xte,9.007,7.1890,-1.3715,-14.439,14.439,-1.3715,-0.8700,-0.4730,7.1890,0.000,5.674
2,pid_xte,9.058,7.1715,-1.4206,-14.802,14.802,-1.4206,-0.8797,-0.4473,7.1715,0.000,5.726
2,pid_xte,9.108,7.1454,-1.4964,-15.391,15.391,-1.4964,-0.9372,-0.5109,7.1454,0.000,5.985
2,pid_xte,9.158,7.1197,-1.5768,-15.981,15.981,-1.5768,-0.9975,-0.5739,7.1197,0.000,6.000
2,pid_xte,9.208,7.1040,-1.6301,-16.330,16.330,-1.6301,-1.0032,-0.5317,7.1040,0.000,6.000
2,pid_xte,9.259,7.0836,-1.7076,-16.762,16.762,-1.7076,-1.0519,-0.5714,7.0836,0.000,6.000
2,pid_xte,9.309,7.0672,-1.7831,-17.070,17.070,-1.7831,-1.0929,-0.5937,7.0672,0.000,6.000
2,pid_xte,9.359,7.0593,-1.8304,-17.184,17.184,-1.8304,-1.0793,-0.5148,7.0593,0.000,6.000
2,pid_xte,9.410,7.0527,-1.8970,-17.184,17.184,-1.8970,-1.1016,-0.5082,7.0527,0.000,6.000
2,pid_xte,9.460,7.0523,-1.9385,-17.057,17.057,-1.9385,-1.0764,-0.4160,7.0523,0.000,6.000
2,pid_xte,9.510,7.0591,-1.9971,-16.673,16.673,-1.9971,-1.0845,-0.3926,7.0591,0.000,6.000
2,pid_xte,9.561,7.0696,-2.0352,-16.278,16.278,-2.0352,-1.0545,-0.3023,7.0696,0.000,6.000
2,pid_xte,9.611,7.0933,-2.0868,-15.532,15.532,-2.0868,-1.0519,-0.2699,7.0933,0.000,6.000
2,pid_xte,9.661,7.1277,-2.1364,-14.556,14.556,-2.1364,-1.0459,-0.2344,7.1277,0.000,6.000
2,pid_xte,9.711,7.1569,-2.1686,-13.765,13.765,-2.1686,-1.0090,-0.1460,7.1569,0.000,6.000
2,pid_xte,9.762,7.2052,-2.2122,-12.476,12.476,-2.2122,-0.9961,-0.1090,7.2052,0.000,5.824
2,pid_xte,9.812,7.2415,-2.2401,-11.503,11.503,-2.2401,-0.9557,-0.0257,7.2415,0.000,5.893
2,pid_xte,9.862,7.2999,-2.2789,-9.915,9.915,-2.2789,-0.9388,0.0073,7.2999,0.000,5.576
2,pid_xte,9.913,7.3621,-2.3135,-8.194,8.194,-2.3135,-0.9161,0.0478,7.3621,0.000,5.441
2,pid_xte,9.963,7.4053,-2.3342,-6.986,6.986,-2.3342,-0.8700,0.1274,7.4053,0.000,5.566
2,pid_xte,10.013,7.4703,-2.3602,-5.170,5.170,-2.3602,-0.8377,0.1743,7.4703,0.000,5.212
2,pid_xte,10.063,7.5308,-2.3792,-3.512,3.512,-2.3792,-0.7957,0.2348,7.5308,0.000,5.168
2,pid_xte,10.114,7.5961,-2.3949,-1.757,1.757,-2.3949,-0.7511,0.2942,7.5961,0.000,5.012
2,pid_xte,10.164,7.6497,-2.4046,-0.361,0.361,-2.4046,-0.7001,0.3600,7.6497,0.000,5.042
2,pid_xte,10.215,7.7374,-2.4161,1.859,-1.859,-2.4161,-0.6571,0.4053,7.7374,0.449,4.551
2,pid_xte,10.265,7.7984,-2.4219,3.373,-3.373,-2.4219,-0.6077,0.4580,7.7984,0.279,4.721
2,pid_xte,10.315,7.8923,-2.4290,5.700,-5.700,-2.4290,-0.5650,0.4938,7.8923,0.773,4.227
2,pid_xte,10.365,7.9903,-2.4346,8.157,-8.157,-2.4346,-0.5234,0.5241,7.9903,0.991,4.009
2,pid_xte,10.416,8.0738,-2.4379,10.302,-10.302,-2.4379,-0.4816,0.5522,8.0738,1.013,3.987
2,pid_xte,10.466,8.1308,-2.4395,11.817,-11.817,-2.4395,-0.4405,0.5765,8.1308,0.870,4.130
2,pid_xte,10.516,8.2248,-2.4407,14.435,-14.435,-2.4407,-0.4025,0.5928,8.2248,1.502,3.498
2,pid_xte,10.567,8.3203,-2.4398,17.174,-17.174,-2.4398,-0.3640,0.6084,8.3203,1.734,3.266
2,pid_xte,10.617,8.4111,-2.4366,19.778,-19.778,-2.4366,-0.3249,0.6239,8.4111,1.859,3.141
2,pid_xte,10.667,8.4925,-2.4315,22.105,-22.105,-2.4315,-0.2860,0.6376,8.4925,1.908,3.092
2,pid_xte,10.718,8.5868,-2.4228,24.791,-24.791,-2.4228,-0.2439,0.6557,8.5868,2.249,2.751
2,pid_xte,10.768,8.6517,-2.4148,26.621,-26.621,-2.4148,-0.2071,0.6627,8.6517,2.035,2.965
2,pid_xte,10.818,8.7474,-2.3998,29.245,-29.245,-2.3998,-0.1610,0.6860,8.7474,2.564,2.436
2,pid_xte,10.869,8.8370,-2.3824,31.583,-31.583,-2.3824,-0.1145,0.7076,8.8370,2.629,2.371
2,pid_xte,10.919,8.9308,-2.3606,33.886,-33.886,-2.3606,-0.0645,0.7339,8.9308,2.809,2.191
2,pid_xte,10.969,8.9896,-2.3451,35.264,-35.264,-2.3451,-0.0304,0.7288,8.9896,2.545,2.455
2,pid_xte,11.019,9.0911,-2.3157,37.484,-37.484,-2.3157,0.0257,0.7643,9.0911,3.098,1.902
2,pid_xte,11.070,9.2069,-2.2791,39.781,-39.781,-2.2791,0.0900,0.8113,9.2069,3.352,1.648
2,pid_xte,11.120,9.2879,-2.2508,41.254,-41.254,-2.2508,0.1330,0.8153,9.2879,3.155,1.845
2,pid_xte,11.170,9.4130,-2.2008,43.323,-43.323,-2.2008,0.2119,0.8842,9.4130,3.642,1.358
2,pid_xte,11.220,9.5000,-2.1629,44.619,-44.619,-2.1629,0.2613,0.8933,9.5000,3.476,1.524
2,pid_xte,11.271,9.6383,-2.0983,46.481,-46.481,-2.0983,0.3550,0.9820,9.6383,3.967,1.033
2,pid_xte,11.321,9.7306,-2.0499,47.641,-47.641,-2.0499,0.4105,0.9932,9.7306,3.838,1.162
2,pid_xte,11.371,9.8660,-1.9739,49.280,-49.280,-1.9739,0.5111,1.0851,9.8660,4.300,0.700
2,pid_xte,11.421,10.0030,-1.8972,50.869,-50.869,-1.8972,0.6037,1.1544,10.0030,4.532,0.468
2,pid_xte,11.472,10.0903,-1.8509,51.847,-51.847,-1.8509,0.6326,1.1013,10.0903,4.403,0.597
2,pid_xte,11.522,10.2035,-1.7957,53.095,-53.095,-1.7957,0.6749,1.0772,10.2035,4.678,0.322
2,pid_xte,11.572,10.3068,-1.7503,54.243,-54.243,-1.7503,0.6958,1.0168,10.3068,4.764,0.236
2,pid_xte,11.623,10.4263,-1.7021,55.619,-55.619,-1.7021,0.7197,0.9673,10.4263,5.003,0.000
2,pid_xte,11.673,10.4967,-1.6761,56.475,-56.475,-1.6761,0.7014,0.8457,10.4967,4.839,0.161
2,pid_xte,11.723,10.5960,-1.6428,57.783,-57.783,-1.6428,0.6977,0.7614,10.5960,5.124,0.000
2,pid_xte,11.774,10.6857,-1.6174,59.112,-59.112,-1.6174,0.6800,0.6597,10.6857,5.211,0.000
2,pid_xte,11.824,10.7386,-1.6053,59.978,-59.978,-1.6053,0.6397,0.5262,10.7386,5.035,0.000
2,pid_xte,11.874,10.8096,-1.5939,61.239,-61.239,-1.5939,0.6020,0.4096,10.8096,5.240,0.000
2,pid_xte,11.925,10.8544,-1.5897,62.082,-62.082,-1.5897,0.5547,0.2862,10.8544,5.067,0.000
2,pid_xte,11.975,10.9198,-1.5872,63.335,-63.335,-1.5872,0.5086,0.1763,10.9198,5.260,0.000
2,pid_xte,12.025,10.9804,-1.5874,64.484,-64.484,-1.5874,0.4617,0.0749,10.9804,5.229,0.000
2,pid_xte,12.075,11.0209,-1.5882,65.228,-65.228,-1.5882,0.4181,-0.0111,11.0209,5.055,0.000
2,pid_xte,12.126,11.0820,-1.5898,66.304,-66.304,-1.5898,0.3769,-0.0849,11.0820,5.206,0.000
2,pid_xte,12.176,11.1204,-1.5910,66.947,-66.947,-1.5910,0.3403,-0.1436,11.1204,5.022,0.000
2,pid_xte,12.226,11.1791,-1.5931,67.878,-67.878,-1.5931,0.3054,-0.1941,11.1791,5.154,0.000
2,pid_xte,12.277,11.2177,-1.5951,68.455,-68.455,-1.5951,0.2739,-0.2336,11.2177,5.004,0.000
2,pid_xte,12.327,11.2751,-1.5993,69.254,-69.254,-1.5993,0.2412,-0.2716,11.2751,5.101,0.000
2,pid_xte,12.377,11.3250,-1.6044,69.895,-69.895,-1.6044,0.2099,-0.3037,11.3250,5.032,0.000
2,pid_xte,12.427,11.3707,-1.6110,70.442,-70.442,-1.6110,0.1788,-0.3324,11.3707,4.984,0.016
2,pid_xte,12.478,11.4048,-1.6176,70.828,-70.828,-1.6176,0.1504,-0.3536,11.4048,4.902,0.098
2,pid_xte,12.528,11.4575,-1.6313,71.389,-71.389,-1.6313,0.1118,-0.3916,11.4575,4.952,0.048
2,pid_xte,12.578,11.5037,-1.6465,71.839,-71.839,-1.6465,0.0740,-0.4245,11.5037,4.876,0.124
2,pid_xte,12.629,11.5447,-1.6617,72.201,-72.201,-1.6617,0.0396,-0.4480,11.5447,4.808,0.192
2,pid_xte,12.679,11.5902,-1.6799,72.559,-72.559,-1.6799,0.0028,-0.4738,11.5902,4.771,0.229
2,pid_xte,12.729,11.6217,-1.6932,72.780,-72.780,-1.6932,-0.0215,-0.4747,11.6217,4.688,0.312
2,pid_xte,12.780,11.6675,-1.7132,73.064,-73.064,-1.7132,-0.0559,-0.4938,11.6675,4.675,0.325
2,pid_xte,12.830,11.6968,-1.7264,73.223,-73.223,-1.7264,-0.0748,-0.4831,11.6968,4.599,0.401
2,pid_xte,12.880,11.7391,-1.7455,73.419,-73.419,-1.7455,-0.1026,-0.4894,11.7391,4.578,0.422
2,pid_xte,12.931,11.7659,-1.7573,73.523,-73.523,-1.7573,-0.1148,-0.4667,11.7659,4.521,0.479
2,pid_xte,12.981,11.8026,-1.7731,73.644,-73.644,-1.7731,-0.1330,-0.4571,11.8026,4.500,0.500
2,pid_xte,13.031,11.8305,-1.7845,73.724,-73.724,-1.7845,-0.1416,-0.4310,11.8305,4.468,0.532
2,pid_xte,13.082,11.8548,-1.7931,73.798,-73.798,-1.7931,-0.1443,-0.3965,11.8548,4.457,0.543
2,pid_xte,13.132,11.8780,-1.7974,73.902,-73.902,-1.7974,-0.1389,-0.3503,11.8780,4.477,0.523
2,pid_xte,13.182,11.8924,-1.7967,74.002,-74.002,-1.7967,-0.1248,-0.2926,11.8924,4.495,0.505
2,pid_xte,13.233,11.9137,-1.7907,74.200,-74.200,-1.7907,-0.1026,-0.2256,11.9137,4.574,0.426
2,pid_xte,13.283,11.9272,-1.7844,74.346,-74.346,-1.7844,-0.0817,-0.1670,11.9272,4.587,0.413
2,pid_xte,13.333,11.9489,-1.7715,74.587,-74.587,-1.7715,-0.0509,-0.0957,11.9489,4.683,0.317
2,pid_xte,13.384,11.9638,-1.7615,74.745,-74.745,-1.7615,-0.0279,-0.0452,11.9638,4.690,0.310
2,pid_xte,13.434,11.9842,-1.7468,74.934,-74.934,-1.7468,0.0013,0.0120,11.9842,4.757,0.243
2,pid_xte,13.484,12.0058,-1.7306,75.083,-75.083,-1.7306,0.0307,0.0642,12.0058,4.794,0.206
2,pid_xte,13.535,12.0275,-1.7138,75.163,-75.163,-1.7138,0.0583,0.1086,12.0275,4.813,0.187
2,pid_xte,13.585,12.0478,-1.6972,75.170,-75.170,-1.6972,0.0832,0.1438,12.0478,4.825,0.175
2,pid_xte,13.635,12.0748,-1.6740,75.082,-75.082,-1.6740,0.1178,0.1936,12.0748,4.839,0.161
2,pid_xte,13.685,12.1048,-1.6466,74.858,-74.858,-1.6466,0.1568,0.2469,12.1048,4.836,0.164
2,pid_xte,13.736,12.1261,-1.6263,74.614,-74.614,-1.6263,0.1793,0.2651,12.1261,4.859,0.141
2,pid_xte,13.786,12.1598,-1.5933,74.081,-74.081,-1.5933,0.2228,0.3199,12.1598,4.786,0.214
2,pid_xte,13.836,12.1822,-1.5708,73.616,-73.616,-1.5708,0.2433,0.3280,12.1822,4.834,0.166
2,pid_xte,13.887,12.2153,-1.5368,72.758,-72.758,-1.5368,0.2829,0.3699,12.2153,4.699,0.301
2,pid_xte,13.937,12.2497,-1.5005,71.643,-71.643,-1.5005,0.3229,0.4087,12.2497,4.609,0.391
2,pid_xte,13.987,12.2716,-1.4773,70.823,-70.823,-1.4773,0.3357,0.3947,12.2716,4.725,0.275
2,pid_xte,14.038,12.2943,-1.4530,69.893,-69.893,-1.4530,0.3491,0.3829,12.2943,4.668,0.332
2,pid_xte,14.088,12.3286,-1.4163,68.349,-68.349,-1.4163,0.3839,0.4112,12.3286,4.404,0.596
2,pid_xte,14.138,12.3637,-1.3790,66.657,-66.657,-1.3790,0.4167,0.4332,12.3637,4.322,0.678
2,pid_xte,14.189,12.3878,-1.3538,65.465,-65.465,-1.3538,0.4241,0.4068,12.3878,4.505,0.495
2,pid_xte,14.239,12.4252,-1.3157,63.603,-63.603,-1.3157,0.4544,0.4245,12.4252,4.196,0.804
2,pid_xte,14.290,12.4507,-1.2903,62.319,-62.319,-1.2903,0.4591,0.3944,12.4507,4.397,0.603
2,pid_xte,14.340,12.4910,-1.2517,60.305,-60.305,-1.2517,0.4871,0.4090,12.4910,4.059,0.941
2,pid_xte,14.390,12.5180,-1.2268,58.958,-58.958,-1.2268,0.4878,0.3729,12.5180,4.286,0.714
2,pid_xte,14.441,12.5592,-1.1907,56.933,-56.933,-1.1907,0.5090,0.3773,12.5592,3.955,1.045
2,pid_xte,14.491,12.6039,-1.1536,54.792,-54.792,-1.1536,0.5298,0.3808,12.6039,3.853,1.147
2,pid_xte,14.541,12.6362,-1.1280,53.299,-53.299,-1.1280,0.5279,0.3425,12.6362,4.070,0.930
2,pid_xte,14.592,12.6874,-1.0875,50.880,-50.880,-1.0875,0.5531,0.3570,12.6874,3.622,1.378
2,pid_xte,14.642,12.7206,-1.0609,49.122,-49.122,-1.0609,0.5509,0.3203,12.7206,3.830,1.170
2,pid_xte,14.692,12.7655,-1.0253,46.217,-46.217,-1.0253,0.5653,0.3173,12.7655,3.248,1.752
2,pid_xte,14.742,12.8002,-0.9996,43.180,-43.180,-0.9996,0.5604,0.2794,12.8002,3.057,1.943
2,pid_xte,14.793,12.8195,-0.9871,40.990,-40.990,-0.9871,0.5319,0.2021,12.8195,3.277,1.723
2,pid_xte,14.843,12.8437,-0.9749,37.455,-37.455,-0.9749,0.5056,0.1357,12.8437,2.520,2.480
2,pid_xte,14.893,12.8570,-0.9705,35.106,-35.106,-0.9705,0.4675,0.0541,12.8570,2.856,2.144
2,pid_xte,14.943,12.8763,-0.9675,31.353,-31.353,-0.9675,0.4302,-0.0186,12.8763,2.039,2.961
2,pid_xte,14.994,12.8888,-0.9678,28.784,-28.784,-0.9678,0.3904,-0.0892,12.8888,2.360,2.640
2,pid_xte,15.044,12.9079,-0.9714,24.803,-24.803,-0.9714,0.3480,-0.1581,12.9079,1.518,3.482
2,pid_xte,15.094,12.9253,-0.9789,20.959,-20.959,-0.9789,0.3027,-0.2260,12.9253,1.318,3.682
2,pid_xte,15.144,12.9358,-0.9863,18.378,-18.378,-0.9863,0.2615,-0.2802,12.9358,1.662,3.338
2,pid_xte,15.195,12.9467,-0.9985,15.183,-15.183,-0.9985,0.2155,-0.3382,12.9467,1.181,3.819
2,pid_xte,15.245,12.9546,-1.0141,12.012,-12.012,-1.0141,0.1674,-0.3947,12.9546,0.963,4.037
2,pid_xte,15.295,12.9589,-1.0351,8.637,-8.637,-1.0351,0.1140,-0.4556,12.9589,0.625,4.375
2,pid_xte,15.346,12.9575,-1.0612,5.262,-5.262,-1.0612,0.0562,-0.5191,12.9575,0.364,4.636
2,pid_xte,15.396,12.9537,-1.0795,3.239,-3.239,-1.0795,0.0178,-0.5414,12.9537,0.766,4.234
2,pid_xte,15.446,12.9451,-1.1098,0.291,-0.291,-1.1098,-0.0389,-0.5950,12.9451,0.138,4.862
2,pid_xte,15.496,12.9386,-1.1309,-1.558,1.558,-1.1309,-0.0737,-0.6038,12.9386,0.445,4.555
2,pid_xte,15.547,12.9296,-1.1639,-4.203,4.203,-1.1639,-0.1270,-0.6455,12.9296,0.000,5.113
2,pid_xte,15.597,12.9249,-1.1952,-6.503,6.503,-1.1952,-0.1721,-0.6682,12.9249,0.000,5.161
2,pid_xte,15.648,12.9247,-1.2203,-8.239,8.239,-1.2203,-0.2020,-0.6614,12.9247,0.000,5.076
2,pid_xte,15.698,12.9271,-1.2380,-9.420,9.420,-1.2380,-0.2158,-0.6262,12.9271,0.060,4.940
2,pid_xte,15.748,12.9377,-1.2685,-11.394,11.394,-1.2685,-0.2515,-0.6339,12.9377,0.000,5.439
2,pid_xte,15.798,12.9495,-1.2877,-12.596,12.596,-1.2877,-0.2633,-0.5974,12.9495,0.000,5.211
2,pid_xte,15.849,12.9741,-1.3145,-14.258,14.258,-1.3145,-0.2880,-0.5877,12.9741,0.000,5.541
2,pid_xte,15.899,13.0063,-1.3379,-15.854,15.854,-1.3379,-0.3043,-0.5635,13.0063,0.000,5.637
2,pid_xte,15.949,13.0314,-1.3505,-16.865,16.865,-1.3505,-0.2993,-0.5029,13.0314,0.000,5.453
2,pid_xte,16.000,13.0731,-1.3662,-18.280,18.280,-1.3662,-0.3005,-0.4592,13.0731,0.000,5.713
2,pid_xte,16.050,13.1027,-1.3756,-19.147,19.147,-1.3756,-0.2902,-0.3985,13.1027,0.000,5.530
2,pid_xte,16.100,13.1500,-1.3888,-20.347,20.347,-1.3888,-0.2875,-0.3572,13.1500,0.000,5.741
2,pid_xte,16.150,13.1968,-1.4005,-21.351,21.351,-1.4005,-0.2825,-0.3155,13.1968,0.000,5.719
2,pid_xte,16.201,13.2293,-1.4082,-21.946,21.946,-1.4082,-0.2706,-0.2651,13.2293,0.000,5.576
2,pid_xte,16.251,13.2784,-1.4195,-22.700,22.700,-1.4195,-0.2666,-0.2334,13.2784,0.000,5.689
2,pid_xte,16.301,13.3240,-1.4305,-23.249,23.249,-1.4305,-0.2620,-0.2038,13.3240,0.000,5.638
2,pid_xte,16.352,13.3638,-1.4408,-23.610,23.610,-1.4408,-0.2568,-0.1757,13.3638,0.000,5.584
2,pid_xte,16.402,13.4104,-1.4543,-23.896,23.896,-1.4543,-0.2579,-0.1616,13.4104,0.000,5.582
2,pid_xte,16.452,13.4433,-1.4650,-24.008,24.008,-1.4650,-0.2538,-0.1395,13.4433,0.000,5.523
2,pid_xte,16.502,13.4921,-1.4832,-24.041,24.041,-1.4832,-0.2637,-0.1447,13.4921,0.000,5.519
2,pid_xte,16.553,13.5241,-1.4969,-23.983,23.983,-1.4969,-0.2645,-0.1330,13.5241,0.000,5.493
2,pid_xte,16.603,13.5715,-1.5189,-23.811,23.811,-1.5189,-0.2804,-0.1496,13.5715,0.000,5.475
2,pid_xte,16.653,13.6028,-1.5344,-23.662,23.662,-1.5344,-0.2829,-0.1405,13.6028,0.000,5.494
2,pid_xte,16.704,13.6481,-1.5603,-23.402,23.402,-1.5603,-0.3040,-0.1661,13.6481,0.000,5.482
2,pid_xte,16.754,13.6765,-1.5797,-23.217,23.217,-1.5797,-0.3116,-0.1646,13.6765,0.000,5.530
2,pid_xte,16.804,13.7138,-1.6111,-22.941,22.941,-1.6111,-0.3400,-0.2012,13.7138,0.000,5.538
2,pid_xte,16.855,13.7418,-1.6409,-22.703,22.703,-1.6409,-0.3630,-0.2246,13.7418,0.000,5.594
2,pid_xte,16.905,13.7640,-1.6701,-22.482,22.482,-1.6701,-0.3829,-0.2402,13.7640,0.000,5.638
2,pid_xte,16.955,13.7781,-1.6921,-22.310,22.310,-1.6921,-0.3879,-0.2274,13.7781,0.000,5.677
2,pid_xte,17.006,13.7930,-1.7189,-22.089,22.089,-1.7189,-0.4012,-0.2308,13.7930,0.000,5.685
2,pid_xte,17.056,13.8054,-1.7445,-21.848,21.848,-1.7445,-0.4110,-0.2274,13.8054,0.000,5.699
2,pid_xte,17.106,13.8160,-1.7680,-21.580,21.580,-1.7680,-0.4160,-0.2157,13.8160,0.000,5.702
2,pid_xte,17.157,13.8245,-1.7865,-21.307,21.307,-1.7865,-0.4117,-0.1882,13.8245,0.000,5.700
2,pid_xte,17.207,13.8323,-1.8019,-20.979,20.979,-1.8019,-0.4020,-0.1533,13.8323,0.000,5.666
2,pid_xte,17.257,13.8367,-1.8091,-20.722,20.722,-1.8091,-0.3783,-0.0962,13.8367,0.000,5.665
2,pid_xte,17.307,13.8416,-1.8153,-20.303,20.303,-1.8153,-0.3551,-0.0452,13.8416,0.000,5.559
2,pid_xte,17.358,13.8472,-1.8240,-19.811,19.811,-1.8240,-0.3385,-0.0110,13.8472,0.000,5.495
2,pid_xte,17.408,13.8569,-1.8320,-19.407,19.407,-1.8320,-0.3220,0.0199,13.8569,0.000,5.502
2,pid_xte,17.458,13.8837,-1.8467,-18.747,18.747,-1.8467,-0.3194,0.0229,13.8837,0.000,5.373
2,pid_xte,17.509,13.9105,-1.8588,-18.244,18.244,-1.8588,-0.3122,0.0339,13.9105,0.000,5.417
2,pid_xte,17.559,13.9639,-1.8803,-17.390,17.390,-1.8803,-0.3227,0.0118,13.9639,0.000,5.258
2,pid_xte,17.609,14.0054,-1.8956,-16.796,16.796,-1.8956,-0.3211,0.0136,14.0054,0.000,5.349
2,pid_xte,17.659,14.0805,-1.9212,-15.794,15.794,-1.9212,-0.3382,-0.0188,14.0805,0.000,5.169
2,pid_xte,17.710,14.1670,-1.9430,-14.632,14.632,-1.9430,-0.3468,-0.0326,14.1670,0.000,5.072
2,pid_xte,17.760,14.2297,-1.9538,-13.754,13.754,-1.9538,-0.3348,-0.0079,14.2297,0.000,5.144
2,pid_xte,17.811,14.3325,-1.9697,-12.313,12.313,-1.9697,-0.3328,-0.0036,14.3325,0.150,4.850
2,pid_xte,17.861,14.4071,-1.9810,-11.282,11.282,-1.9810,-0.3229,0.0147,14.4071,0.034,4.966
2,pid_xte,17.911,14.5279,-1.9987,-9.630,9.630,-1.9987,-0.3257,0.0084,14.5279,0.360,4.640
2,pid_xte,17.962,14.6135,-2.0087,-8.432,8.432,-2.0087,-0.3139,0.0290,14.6135,0.233,4.767
2,pid_xte,18.012,14.7477,-2.0165,-6.445,6.445,-2.0165,-0.2994,0.0528,14.7477,0.673,4.327
2,pid_xte,18.062,14.8895,-2.0204,-4.257,4.257,-2.0204,-0.2791,0.0847,14.8895,0.888,4.112
2,pid_xte,18.113,14.9889,-2.0226,-2.709,2.709,-2.0226,-0.2576,0.1161,14.9889,0.723,4.277
2,pid_xte,18.163,15.1367,-2.0203,-0.318,0.318,-2.0203,-0.2298,0.1559,15.1367,1.229,3.771
2,pid_xte,18.213,15.2626,-2.0106,1.797,-1.797,-2.0106,-0.1912,0.2120,15.2626,1.274,3.726
2,pid_xte,18.264,15.4140,-1.9997,4.294,-4.294,-1.9997,-0.1539,0.2602,15.4140,1.609,3.391
2,pid_xte,18.314,15.5265,-1.9903,6.129,-6.129,-1.9903,-0.1228,0.2931,15.5265,1.473,3.527
2,pid_xte,18.364,15.6888,-1.9687,8.823,-8.823,-1.9687,-0.0724,0.3579,15.6888,2.042,2.958
2,pid_xte,18.415,15.8595,-1.9416,11.615,-11.615,-1.9416,-0.0164,0.4269,15.8595,2.313,2.687
2,pid_xte,18.465,15.9708,-1.9231,13.372,-13.372,-1.9231,0.0187,0.4517,15.9708,2.027,2.973
2,pid_xte,18.515,16.1255,-1.8936,15.781,-15.781,-1.8936,0.0706,0.5048,16.1255,2.507,2.493
2,pid_xte,18.565,16.2673,-1.8614,17.983,-17.983,-1.8614,0.1226,0.5531,16.2673,2.620,2.380
2,pid_xte,18.616,16.4262,-1.8243,20.363,-20.363,-1.8243,0.1789,0.6048,16.4262,2.912,2.088
2,pid_xte,18.666,16.5408,-1.7957,22.032,-22.032,-1.7957,0.2144,0.6142,16.5408,2.769,2.231
2,pid_xte,18.716,16.7142,-1.7504,24.468,-24.468,-1.7504,0.2773,0.6724,16.7142,3.324,1.676
2,pid_xte,18.766,16.8850,-1.7034,26.766,-26.766,-1.7034,0.3373,0.7199,16.8850,3.492,1.508
2,pid_xte,18.817,17.0493,-1.6548,28.911,-28.911,-1.6548,0.3949,0.7589,17.0493,3.648,1.352
2,pid_xte,18.867,17.1958,-1.6093,30.822,-30.822,-1.6093,0.4416,0.7744,17.1958,3.742,1.258
2,pid_xte,18.917,17.2962,-1.5775,32.170,-32.170,-1.5775,0.4589,0.7352,17.2962,3.627,1.373
2,pid_xte,18.967,17.4290,-1.5351,34.119,-34.119,-1.5351,0.4940,0.7317,17.4290,4.057,0.943
2,pid_xte,19.018,17.5344,-1.5016,35.995,-35.995,-1.5016,0.5099,0.6937,17.5344,4.174,0.826
2,pid_xte,19.068,17.6074,-1.4782,37.708,-37.708,-1.4782,0.5058,0.6229,17.6074,4.215,0.785
2,pid_xte,19.118,17.6634,-1.4600,39.563,-39.563,-1.4600,0.4926,0.5420,17.6634,4.376,0.624
2,pid_xte,19.169,17.6979,-1.4486,41.218,-41.218,-1.4486,0.4683,0.4483,17.6979,4.367,0.633
2,pid_xte,19.219,17.7185,-1.4414,42.527,-42.527,-1.4414,0.4385,0.3533,17.7185,4.269,0.731
2,pid_xte,19.269,17.7334,-1.4357,43.625,-43.625,-1.4357,0.4088,0.2670,17.7334,4.215,0.785
2,pid_xte,19.319,17.7544,-1.4268,45.237,-45.237,-1.4268,0.3877,0.2042,17.7544,4.501,0.499
2,pid_xte,19.370,17.7682,-1.4207,46.249,-46.249,-1.4207,0.3634,0.1414,17.7682,4.286,0.714
2,pid_xte,19.420,17.7883,-1.4120,47.676,-47.676,-1.4120,0.3460,0.0970,17.7883,4.525,0.475
2,pid_xte,19.470,17.8074,-1.4053,49.066,-49.066,-1.4053,0.3266,0.0528,17.8074,4.570,0.430
2,pid_xte,19.520,17.8184,-1.4032,49.958,-49.958,-1.4032,0.3005,0.0006,17.8184,4.384,0.616
2,pid_xte,19.571,17.8320,-1.4044,51.255,-51.255,-1.4044,0.2709,-0.0533,17.8320,4.590,0.410
2,pid_xte,19.621,17.8393,-1.4078,52.099,-52.099,-1.4078,0.2399,-0.1048,17.8393,4.412,0.588
2,pid_xte,19.671,17.8488,-1.4162,53.363,-53.363,-1.4162,0.2028,-0.1625,17.8488,4.607,0.393
2,pid_xte,19.722,17.8573,-1.4264,54.562,-54.562,-1.4264,0.1656,-0.2153,17.8573,4.595,0.405
2,pid_xte,19.772,17.8634,-1.4343,55.372,-55.372,-1.4343,0.1361,-0.2492,17.8634,4.438,0.562
2,pid_xte,19.822,17.8728,-1.4474,56.612,-56.612,-1.4474,0.0999,-0.2923,17.8728,4.634,0.366
2,pid_xte,19.873,17.8789,-1.4558,57.403,-57.403,-1.4558,0.0756,-0.3098,17.8789,4.455,0.545
2,pid_xte,19.923,17.8883,-1.4669,58.624,-58.624,-1.4669,0.0485,-0.3306,17.8883,4.660,0.340
2,pid_xte,19.973,17.8983,-1.4745,59.827,-59.827,-1.4745,0.0303,-0.3336,17.8983,4.689,0.311
2,pid_xte,20.023,17.9062,-1.4770,60.602,-60.602,-1.4770,0.0228,-0.3166,17.9062,4.542,0.458
2,pid_xte,20.074,17.9208,-1.4770,61.689,-61.689,-1.4770,0.0209,-0.2912,17.9208,4.727,0.273
2,pid_xte,20.124,17.9365,-1.4733,62.548,-62.548,-1.4733,0.0257,-0.2558,17.9365,4.684,0.316
2,pid_xte,20.174,17.9560,-1.4658,63.368,-63.368,-1.4658,0.0370,-0.2119,17.9560,4.731,0.269
2,pid_xte,20.225,17.9817,-1.4525,64.192,-64.192,-1.4525,0.0577,-0.1550,17.9817,4.809,0.191
2,pid_xte,20.275,18.0087,-1.4361,64.870,-64.870,-1.4361,0.0823,-0.0961,18.0087,4.825,0.175
2,pid_xte,20.325,18.0294,-1.4220,65.293,-65.293,-1.4220,0.1003,-0.0545,18.0294,4.773,0.227
2,pid_xte,20.375,18.0692,-1.3925,65.920,-65.920,-1.3925,0.1448,0.0312,18.0692,4.965,0.035
2,pid_xte,20.426,18.1119,-1.3587,66.388,-66.388,-1.3587,0.1931,0.1162,18.1119,5.006,0.000
2,pid_xte,20.476,18.1430,-1.3331,66.624,-66.624,-1.3331,0.2219,0.1580,18.1430,4.976,0.024
2,pid_xte,20.526,18.1827,-1.2995,66.812,-66.812,-1.2995,0.2627,0.2176,18.1827,5.040,0.000
2,pid_xte,20.576,18.2269,-1.2610,66.861,-66.861,-1.2610,0.3087,0.2814,18.2269,5.069,0.000
2,pid_xte,20.627,18.2654,-1.2270,66.726,-66.726,-1.2270,0.3422,0.3164,18.2654,5.053,0.000
2,pid_xte,20.677,18.3009,-1.1954,66.428,-66.428,-1.1954,0.3683,0.3351,18.3009,5.027,0.000
2,pid_xte,20.727,18.3373,-1.1623,65.966,-65.966,-1.1623,0.3947,0.3524,18.3373,4.994,0.006
2,pid_xte,20.778,18.3610,-1.1405,65.596,-65.596,-1.1405,0.3982,0.3265,18.3610,5.038,0.000
2,pid_xte,20.828,18.4031,-1.1017,64.804,-64.804,-1.1017,0.4324,0.3587,18.4031,4.894,0.106
2,pid_xte,20.878,18.4309,-1.0754,64.139,-64.139,-1.0754,0.4408,0.3412,18.4309,4.946,0.054
2,pid_xte,20.929,18.4599,-1.0473,63.220,-63.220,-1.0473,0.4516,0.3296,18.4599,4.832,0.168
2,pid_xte,20.979,18.4867,-1.0221,62.026,-62.026,-1.0221,0.4560,0.3076,18.4867,4.684,0.316
2,pid_xte,21.029,18.5093,-1.0039,60.583,-60.583,-1.0039,0.4475,0.2641,18.5093,4.515,0.485
2,pid_xte,21.079,18.5190,-0.9977,59.768,-59.768,-0.9977,0.4179,0.1861,18.5190,4.710,0.290
2,pid_xte,21.130,18.5348,-0.9910,58.164,-58.164,-0.9910,0.3918,0.1217,18.5348,4.278,0.722
2,pid_xte,21.180,18.5446,-0.9893,57.010,-57.010,-0.9893,0.3590,0.0510,18.5446,4.375,0.625
2,pid_xte,21.231,18.5508,-0.9891,56.238,-56.238,-0.9891,0.3262,-0.0132,18.5508,4.465,0.535
2,pid_xte,21.282,18.5562,-0.9893,55.565,-55.565,-0.9893,0.2957,-0.0675,18.5562,4.438,0.562
2,pid_xte,21.332,18.5672,-0.9911,54.176,-54.176,-0.9911,0.2654,-0.1164,18.5672,4.035,0.965
2,pid_xte,21.383,18.5825,-0.9957,52.303,-52.303,-0.9957,0.2328,-0.1649,18.5825,3.696,1.304
2,pid_xte,21.433,18.5962,-1.0015,50.680,-50.680,-1.0015,0.2008,-0.2079,18.5962,3.679,1.321
2,pid_xte,21.484,18.6044,-1.0057,49.744,-49.744,-1.0057,0.1747,-0.2360,18.6044,3.889,1.111
2,pid_xte,21.534,18.6233,-1.0166,47.667,-47.667,-1.0166,0.1389,-0.2796,18.6233,3.254,1.746
2,pid_xte,21.585,18.6404,-1.0278,45.888,-45.888,-1.0278,0.1057,-0.3140,18.6404,3.246,1.754
2,pid_xte,21.636,18.6599,-1.0415,43.976,-43.976,-1.0415,0.0712,-0.3478,18.6599,3.040,1.960
2,pid_xte,21.686,18.6747,-1.0519,42.621,-42.621,-1.0519,0.0457,-0.3624,18.6747,3.161,1.839
2,pid_xte,21.736,18.6979,-1.0681,40.614,-40.614,-1.0681,0.0121,-0.3905,18.6979,2.734,2.266
2,pid_xte,21.787,18.7176,-1.0809,39.040,-39.040,-1.0809,-0.0123,-0.3990,18.7176,2.796,2.204
2,pid_xte,21.837,18.7485,-1.0980,36.830,-36.830,-1.0980,-0.0422,-0.4170,18.7485,2.367,2.633
2,pid_xte,21.887,18.7706,-1.1077,35.432,-35.432,-1.1077,-0.0560,-0.4040,18.7706,2.608,2.392
2,pid_xte,21.937,18.8062,-1.1193,33.450,-33.450,-1.1193,-0.0719,-0.3960,18.8062,2.235,2.765
2,pid_xte,21.988,18.8328,-1.1252,32.151,-32.151,-1.1252,-0.0761,-0.3673,18.8328,2.441,2.559
2,pid_xte,22.038,18.8613,-1.1295,30.893,-30.893,-1.1295,-0.0769,-0.3352,18.8613,2.387,2.613
2,pid_xte,22.088,18.9061,-1.1326,29.142,-29.142,-1.1326,-0.0755,-0.3021,18.9061,2.088,2.912
2,pid_xte,22.139,18.9527,-1.1321,27.554,-27.554,-1.1321,-0.0676,-0.2601,18.9527,2.082,2.918
2,pid_no_xte,0.000,0.4231,0.0018,-0.434,0.434,0.0018,0.0000,0.0000,0.4231,0.000,6.000
2,pid_no_xte,0.050,0.4657,0.0103,-0.613,0.613,0.0103,0.0155,0.0281,0.4657,2.393,2.607
2,pid_no_xte,0.100,0.5115,0.0197,-0.733,0.733,0.0197,0.0312,0.0542,0.5115,2.412,2.588
2,pid_no_xte,0.151,0.5481,0.0273,-0.837,0.837,0.0273,0.0422,0.0692,0.5481,2.413,2.587
2,pid_no_xte,0.201,0.6163,0.0409,-1.032,1.032,0.0409,0.0629,0.1005,0.6163,2.364,2.636
2,pid_no_xte,0.251,0.6827,0.0533,-1.211,1.211,0.0533,0.0798,0.1221,0.6827,2.362,2.638
2,pid_no_xte,0.302,0.7740,0.0694,-1.418,1.418,0.0694,0.1017,0.1506,0.7740,2.339,2.661
2,pid_no_xte,0.352,0.8727,0.0850,-1.580,1.580,0.0850,0.1207,0.1714,0.8727,2.350,2.650
2,pid_no_xte,0.402,0.9869,0.1005,-1.686,1.686,0.1005,0.1380,0.1871,0.9869,2.368,2.632
2,pid_no_xte,0.453,1.0606,0.1093,-1.709,1.709,0.1093,0.1414,0.1762,1.0606,2.401,2.599
2,pid_no_xte,0.503,1.1690,0.1204,-1.674,1.674,0.1204,0.1485,0.1731,1.1690,2.427,2.573
2,pid_no_xte,0.553,1.2328,0.1256,-1.604,1.604,0.1256,0.1444,0.1498,1.2328,2.445,2.555
2,pid_no_xte,0.603,1.3146,0.1303,-1.434,1.434,0.1303,0.1399,0.1279,1.3146,2.496,2.504
2,pid_no_xte,0.654,1.3576,0.1317,-1.288,1.288,0.1317,0.1295,0.0974,1.3576,2.493,2.507
2,pid_no_xte,0.704,1.4138,0.1317,-1.015,1.015,0.1317,0.1177,0.0670,1.4138,2.560,2.440
2,pid_no_xte,0.754,1.4562,0.1305,-0.751,0.751,0.1305,0.1048,0.0375,1.4562,2.570,2.430
2,pid_no_xte,0.805,1.4973,0.1289,-0.475,0.475,0.1289,0.0923,0.0112,1.4973,2.589,2.411
2,pid_no_xte,0.857,1.5397,0.1275,-0.198,0.198,0.1275,0.0810,-0.0102,1.5397,2.602,2.398
2,pid_no_xte,0.907,1.5696,0.1270,-0.012,0.012,0.1270,0.0728,-0.0242,1.5696,2.577,2.423
2,pid_no_xte,0.958,1.6129,0.1274,0.250,-0.250,0.1274,0.0667,-0.0330,1.6129,2.620,2.380
2,pid_no_xte,1.010,1.6472,0.1284,0.484,-0.484,0.1284,0.0622,-0.0381,1.6472,2.620,2.380
2,pid_no_xte,1.062,1.6759,0.1297,0.717,-0.717,0.1297,0.0588,-0.0406,1.6759,2.632,2.368
2,pid_no_xte,1.112,1.7087,0.1314,1.041,-1.041,0.1314,0.0565,-0.0411,1.7087,2.688,2.312
2,pid_no_xte,1.163,1.7379,0.1324,1.394,-1.394,0.1324,0.0531,-0.0436,1.7379,2.720,2.280
2,pid_no_xte,1.215,1.7626,0.1325,1.742,-1.742,0.1325,0.0482,-0.0483,1.7626,2.732,2.268
2,pid_no_xte,1.265,1.7810,0.1321,2.030,-2.030,0.1321,0.0431,-0.0531,1.7810,2.726,2.274
2,pid_no_xte,1.315,1.8068,0.1304,2.473,-2.473,0.1304,0.0360,-0.0612,1.8068,2.814,2.186
2,pid_no_xte,1.366,1.8294,0.1253,2.907,-2.907,0.1253,0.0235,-0.0782,1.8294,2.831,2.169
2,pid_no_xte,1.417,1.8422,0.1188,3.187,-3.187,0.1188,0.0096,-0.0963,1.8422,2.783,2.217
2,pid_no_xte,1.468,1.8584,0.1022,3.595,-3.595,0.1022,-0.0214,-0.1436,1.8584,2.855,2.145
2,pid_no_xte,1.519,1.8670,0.0859,3.843,-3.843,0.0859,-0.0491,-0.1808,1.8670,2.804,2.196
2,pid_no_xte,1.570,1.8768,0.0524,4.163,-4.163,0.0524,-0.1052,-0.2655,1.8768,2.848,2.152
2,pid_no_xte,1.621,1.8831,0.0091,4.410,-4.410,0.0091,-0.1743,-0.3667,1.8831,2.834,2.166
2,pid_no_xte,1.672,1.8861,-0.0283,4.538,-4.538,-0.0283,-0.2257,-0.4256,1.8861,2.790,2.210
2,pid_no_xte,1.723,1.8880,-0.0590,4.583,-4.583,-0.0590,-0.2609,-0.4507,1.8880,2.759,2.241
2,pid_no_xte,1.774,1.8894,-0.0820,4.567,-4.567,-0.0820,-0.2781,-0.4397,1.8894,2.733,2.267
2,pid_no_xte,1.825,1.8914,-0.1162,4.468,-4.468,-0.1162,-0.3146,-0.4655,1.8914,2.693,2.307
2,pid_no_xte,1.877,1.8931,-0.1441,4.342,-4.342,-0.1441,-0.3357,-0.4601,1.8931,2.676,2.324
2,pid_no_xte,1.927,1.8949,-0.1798,4.143,-4.143,-0.1798,-0.3699,-0.4801,1.8949,2.634,2.366
2,pid_no_xte,1.979,1.8964,-0.2080,3.963,-3.963,-0.2080,-0.3865,-0.4653,1.8964,2.634,2.366
2,pid_no_xte,2.029,1.8985,-0.2528,3.642,-3.642,-0.2528,-0.4324,-0.5059,1.8985,2.558,2.442
2,pid_no_xte,2.081,1.9005,-0.2971,3.286,-3.286,-0.2971,-0.4722,-0.5309,1.9005,2.527,2.473
2,pid_no_xte,2.131,1.9023,-0.3361,2.944,-2.944,-0.3361,-0.4996,-0.5320,1.9023,2.512,2.488
2,pid_no_xte,2.183,1.9042,-0.3817,2.512,-2.512,-0.3817,-0.5358,-0.5480,1.9042,2.455,2.545
2,pid_no_xte,2.233,1.9058,-0.4161,2.165,-2.165,-0.4161,-0.5494,-0.5225,1.9058,2.469,2.531
2,pid_no_xte,2.284,1.9079,-0.4635,1.660,-1.660,-0.4635,-0.5841,-0.5369,1.9079,2.381,2.619
2,pid_no_xte,2.335,1.9094,-0.4989,1.264,-1.264,-0.4989,-0.5946,-0.5065,1.9094,2.403,2.597
2,pid_no_xte,2.386,1.9117,-0.5484,0.686,-0.686,-0.5484,-0.6290,-0.5216,1.9117,2.300,2.700
2,pid_no_xte,2.437,1.9133,-0.5807,0.293,-0.293,-0.5807,-0.6297,-0.4749,1.9133,2.353,2.647
2,pid_no_xte,2.489,1.9159,-0.6251,-0.268,0.268,-0.6251,-0.6514,-0.4698,1.9159,2.257,2.743
2,pid_no_xte,2.539,1.9183,-0.6605,-0.746,0.746,-0.6605,-0.6556,-0.4342,1.9183,2.264,2.736
2,pid_no_xte,2.591,1.9212,-0.6989,-1.306,1.306,-0.6989,-0.6640,-0.4088,1.9212,2.204,2.796
2,pid_no_xte,2.642,1.9238,-0.7291,-1.792,1.792,-0.7291,-0.6572,-0.3587,1.9238,2.207,2.793
2,pid_no_xte,2.694,1.9259,-0.7514,-2.185,2.185,-0.7514,-0.6360,-0.2864,1.9259,2.227,2.773
2,pid_no_xte,2.745,1.9294,-0.7831,-2.806,2.806,-0.7831,-0.6346,-0.2574,1.9294,2.098,2.902
2,pid_no_xte,2.796,1.9321,-0.8055,-3.295,3.295,-0.8055,-0.6159,-0.1994,1.9321,2.129,2.871
2,pid_no_xte,2.847,1.9354,-0.8336,-3.934,3.934,-0.8336,-0.6101,-0.1705,1.9354,2.031,2.969
2,pid_no_xte,2.898,1.9381,-0.8605,-4.518,4.518,-0.8605,-0.6022,-0.1404,1.9381,2.025,2.975
2,pid_no_xte,2.949,1.9395,-0.8795,-4.900,4.900,-0.8795,-0.5815,-0.0899,1.9395,2.085,2.915
2,pid_no_xte,3.000,1.9412,-0.9136,-5.537,5.537,-0.9136,-0.5890,-0.0952,1.9412,1.951,3.049
2,pid_no_xte,3.051,1.9422,-0.9503,-6.191,6.191,-0.9503,-0.6010,-0.1081,1.9422,1.907,3.093
2,pid_no_xte,3.103,1.9426,-0.9745,-6.633,6.633,-0.9745,-0.5891,-0.0764,1.9426,1.972,3.028
2,pid_no_xte,3.154,1.9431,-1.0037,-7.261,7.261,-1.0037,-0.5877,-0.0668,1.9431,1.862,3.138
2,pid_no_xte,3.205,1.9445,-1.0224,-7.909,7.909,-1.0224,-0.5670,-0.0231,1.9445,1.821,3.179
2,pid_no_xte,3.255,1.9467,-1.0266,-8.359,8.359,-1.0266,-0.5226,0.0598,1.9467,1.876,3.124
2,pid_no_xte,3.306,1.9527,-1.0189,-8.983,8.983,-1.0189,-0.4607,0.1667,1.9527,1.770,3.230
2,pid_no_xte,3.357,1.9597,-1.0070,-9.424,9.424,-1.0070,-0.3965,0.2677,1.9597,1.825,3.175
2,pid_no_xte,3.408,1.9644,-0.9994,-9.640,9.640,-0.9994,-0.3458,0.3348,1.9644,1.907,3.093
2,pid_no_xte,3.459,1.9720,-0.9878,-9.924,9.924,-0.9878,-0.2926,0.4003,1.9720,1.864,3.136
2,pid_no_xte,3.510,1.9794,-0.9776,-10.172,10.172,-0.9776,-0.2471,0.4457,1.9794,1.866,3.134
2,pid_no_xte,3.562,1.9855,-0.9718,-10.398,10.398,-0.9718,-0.2136,0.4650,1.9855,1.863,3.137
2,pid_no_xte,3.613,1.9860,-0.9777,-10.522,10.522,-0.9777,-0.2044,0.4385,1.9860,1.898,3.102
2,pid_no_xte,3.664,1.9876,-0.9942,-10.670,10.670,-0.9942,-0.2153,0.3778,1.9876,1.881,3.119
2,pid_no_xte,3.715,1.9992,-1.0107,-10.780,10.780,-1.0107,-0.2253,0.3247,1.9992,1.891,3.109
2,pid_no_xte,3.767,2.0263,-1.0307,-10.890,10.890,-1.0307,-0.2405,0.2669,2.0263,1.885,3.115
2,pid_no_xte,3.818,2.0520,-1.0443,-10.951,10.951,-1.0443,-0.2428,0.2379,2.0520,1.901,3.099
2,pid_no_xte,3.869,2.1034,-1.0659,-11.030,11.030,-1.0659,-0.2597,0.1852,2.1034,1.890,3.110
2,pid_no_xte,3.920,2.1694,-1.0889,-11.090,11.090,-1.0889,-0.2773,0.1362,2.1694,1.895,3.105
2,pid_no_xte,3.971,2.2199,-1.1043,-11.118,11.118,-1.1043,-0.2796,0.1193,2.2199,1.906,3.094
2,pid_no_xte,4.022,2.3037,-1.1275,-11.138,11.138,-1.1275,-0.2957,0.0791,2.3037,1.909,3.091
2,pid_no_xte,4.073,2.3992,-1.1448,-10.984,10.984,-1.1448,-0.2998,0.0644,2.3992,1.988,3.012
2,pid_no_xte,4.124,2.4667,-1.1492,-10.714,10.714,-1.1492,-0.2800,0.0943,2.4667,2.050,2.950
2,pid_no_xte,4.175,2.5747,-1.1531,-10.207,10.207,-1.1531,-0.2610,0.1200,2.5747,2.174,2.826
2,pid_no_xte,4.226,2.6525,-1.1560,-9.848,9.848,-1.1560,-0.2421,0.1432,2.6525,2.132,2.868
2,pid_no_xte,4.277,2.7628,-1.1608,-9.363,9.363,-1.1608,-0.2284,0.1548,2.7628,2.209,2.791
2,pid_no_xte,4.328,2.8838,-1.1666,-8.855,8.855,-1.1666,-0.2178,0.1597,2.8838,2.245,2.755
2,pid_no_xte,4.379,3.0099,-1.1684,-8.298,8.298,-1.1684,-0.2009,0.1755,3.0099,2.294,2.706
2,pid_no_xte,4.431,3.1610,-1.1634,-7.605,7.605,-1.1634,-0.1732,0.2096,3.1610,2.385,2.615
2,pid_no_xte,4.481,3.2670,-1.1608,-7.133,7.133,-1.1608,-0.1526,0.2277,3.2670,2.322,2.678
2,pid_no_xte,4.532,3.4326,-1.1576,-6.421,6.421,-1.1576,-0.1327,0.2431,3.4326,2.460,2.540
2,pid_no_xte,4.582,3.5433,-1.1538,-5.988,5.988,-1.1538,-0.1137,0.2552,3.5433,2.366,2.634
2,pid_no_xte,4.632,3.7141,-1.1470,-5.373,5.373,-1.1470,-0.0908,0.2733,3.7141,2.474,2.526
2,pid_no_xte,4.683,3.8745,-1.1411,-4.818,4.818,-1.1411,-0.0719,0.2829,3.8745,2.479,2.521
2,pid_no_xte,4.733,4.0208,-1.1353,-4.345,4.345,-1.1353,-0.0548,0.2880,4.0208,2.469,2.531
2,pid_no_xte,4.783,4.1749,-1.1265,-3.908,3.908,-1.1265,-0.0337,0.3000,4.1749,2.477,2.523
2,pid_no_xte,4.834,4.3325,-1.1156,-3.526,3.526,-1.1156,-0.0109,0.3139,4.3325,2.474,2.526
2,pid_no_xte,4.884,4.4380,-1.1085,-3.297,3.297,-1.1085,0.0031,0.3107,4.4380,2.423,2.577
2,pid_no_xte,4.934,4.5954,-1.0971,-2.995,2.995,-1.0971,0.0236,0.3195,4.5954,2.469,2.531
2,pid_no_xte,4.985,4.7805,-1.0793,-2.716,2.716,-1.0793,0.0537,0.3451,4.7805,2.474,2.526
2,pid_no_xte,5.035,4.9033,-1.0663,-2.566,2.566,-1.0663,0.0724,0.3473,4.9033,2.428,2.572
2,pid_no_xte,5.086,5.0845,-1.0459,-2.386,2.386,-1.0459,0.1028,0.3708,5.0845,2.450,2.550
2,pid_no_xte,5.136,5.2366,-1.0258,-2.235,2.235,-1.0258,0.1300,0.3863,5.2366,2.446,2.554
2,pid_no_xte,5.186,5.4129,-1.0033,-2.065,2.065,-1.0033,0.1588,0.4034,5.4129,2.462,2.538
2,pid_no_xte,5.237,5.5930,-0.9788,-1.863,1.863,-0.9788,0.1889,0.4211,5.5930,2.486,2.514
2,pid_no_xte,5.287,5.7621,-0.9527,-1.636,1.636,-0.9527,0.2192,0.4377,5.7621,2.509,2.491
2,pid_no_xte,5.337,5.9664,-0.9175,-1.327,1.327,-0.9175,0.2631,0.4775,5.9664,2.560,2.440
2,pid_no_xte,5.387,6.1005,-0.8923,-1.103,1.103,-0.8923,0.2847,0.4731,6.1005,2.535,2.465
2,pid_no_xte,5.438,6.2933,-0.8538,-0.750,0.750,-0.8538,0.3286,0.5095,6.2933,2.607,2.393
2,pid_no_xte,5.488,6.4210,-0.8282,-0.495,0.495,-0.8282,0.3452,0.4931,6.4210,2.580,2.420
2,pid_no_xte,5.539,6.6100,-0.7922,-0.085,0.085,-0.7922,0.3789,0.5091,6.6100,2.666,2.334
2,pid_no_xte,5.589,6.7896,-0.7609,0.333,-0.333,-0.7609,0.4011,0.5028,6.7896,2.691,2.309
2,pid_no_xte,5.639,6.9114,-0.7410,0.630,-0.630,-0.7410,0.4006,0.4559,6.9114,2.657,2.343
2,pid_no_xte,5.690,7.0684,-0.7160,1.043,-1.043,-0.7160,0.4094,0.4302,7.0684,2.726,2.274
2,pid_no_xte,5.740,7.2117,-0.6932,1.489,-1.489,-0.6932,0.4133,0.3979,7.2117,2.763,2.237
2,pid_no_xte,5.791,7.3203,-0.6769,1.910,-1.910,-0.6769,0.4051,0.3465,7.3203,2.775,2.225
2,pid_no_xte,5.841,7.4289,-0.6616,2.410,-2.410,-0.6616,0.3957,0.2978,7.4289,2.834,2.166
2,pid_no_xte,5.891,7.4938,-0.6531,2.746,-2.746,-0.6531,0.3749,0.2328,7.4938,2.784,2.216
2,pid_no_xte,5.942,7.5758,-0.6436,3.241,-3.241,-0.6436,0.3580,0.1808,7.5758,2.876,2.124
2,pid_no_xte,5.992,7.6451,-0.6367,3.742,-3.742,-0.6367,0.3377,0.1273,7.6451,2.905,2.095
2,pid_no_xte,6.042,7.7180,-0.6314,4.391,-4.391,-0.6314,0.3165,0.0772,7.7180,3.000,2.000
2,pid_no_xte,6.093,7.7585,-0.6295,4.831,-4.831,-0.6295,0.2910,0.0237,7.7585,2.936,2.064
2,pid_no_xte,6.143,7.8070,-0.6286,5.454,-5.454,-0.6286,0.2660,-0.0239,7.8070,3.045,1.955
2,pid_no_xte,6.193,7.8431,-0.6288,5.973,-5.973,-0.6288,0.2413,-0.0665,7.8431,3.029,1.971
2,pid_no_xte,6.244,7.8765,-0.6303,6.533,-6.533,-0.6303,0.2166,-0.1054,7.8765,3.075,1.925
2,pid_no_xte,6.294,7.8946,-0.6318,6.890,-6.890,-0.6318,0.1940,-0.1367,7.8946,3.009,1.991
2,pid_no_xte,6.344,7.9218,-0.6346,7.463,-7.463,-0.6346,0.1711,-0.1658,7.9218,3.128,1.872
2,pid_no_xte,6.395,7.9473,-0.6385,8.019,-8.019,-0.6385,0.1483,-0.1921,7.9473,3.150,1.850
2,pid_no_xte,6.445,7.9636,-0.6425,8.391,-8.391,-0.6425,0.1275,-0.2122,7.9636,3.094,1.906
2,pid_no_xte,6.496,7.9848,-0.6508,8.911,-8.911,-0.6508,0.1008,-0.2413,7.9848,3.183,1.817
2,pid_no_xte,6.546,8.0039,-0.6631,9.444,-9.444,-0.6631,0.0691,-0.2768,8.0039,3.216,1.784
2,pid_no_xte,6.596,8.0140,-0.6724,9.776,-9.776,-0.6724,0.0459,-0.2938,8.0140,3.150,1.850
2,pid_no_xte,6.647,8.0254,-0.6870,10.233,-10.233,-0.6870,0.0153,-0.3224,8.0254,3.226,1.774
2,pid_no_xte,6.697,8.0319,-0.7000,10.607,-10.607,-0.7000,-0.0098,-0.3382,8.0319,3.210,1.790
2,pid_no_xte,6.748,8.0347,-0.7106,10.894,-10.894,-0.7106,-0.0282,-0.3407,8.0347,3.190,1.810
2,pid_no_xte,6.798,8.0361,-0.7279,11.333,-11.333,-0.7279,-0.0571,-0.3621,8.0361,3.276,1.724
2,pid_no_xte,6.849,8.0361,-0.7455,11.713,-11.713,-0.7455,-0.0838,-0.3775,8.0361,3.271,1.729
2,pid_no_xte,6.899,8.0367,-0.7592,11.944,-11.944,-0.7592,-0.1011,-0.3745,8.0367,3.222,1.778
2,pid_no_xte,6.949,8.0397,-0.7844,12.242,-12.242,-0.7844,-0.1376,-0.4066,8.0397,3.265,1.735
2,pid_no_xte,6.999,8.0455,-0.8151,12.471,-12.471,-0.8151,-0.1808,-0.4479,8.0455,3.248,1.752
2,pid_no_xte,7.050,8.0540,-0.8521,12.637,-12.637,-0.8521,-0.2314,-0.4988,8.0540,3.231,1.769
2,pid_no_xte,7.100,8.0665,-0.9029,12.743,-12.743,-0.9029,-0.3026,-0.5825,8.0665,3.211,1.789
2,pid_no_xte,7.150,8.0765,-0.9434,12.748,-12.748,-0.9434,-0.3486,-0.6128,8.0765,3.169,1.831
2,pid_no_xte,7.201,8.0919,-1.0060,12.623,-12.623,-1.0060,-0.4304,-0.7055,8.0919,3.109,1.891
2,pid_no_xte,7.251,8.1011,-1.0430,12.454,-12.454,-1.0430,-0.4581,-0.6912,8.1011,3.082,1.918
2,pid_no_xte,7.302,8.1138,-1.0914,12.090,-12.090,-1.0914,-0.5043,-0.7119,8.1138,2.981,2.019
2,pid_no_xte,7.352,8.1219,-1.1208,11.789,-11.789,-1.1208,-0.5115,-0.6597,8.1219,2.992,2.008
2,pid_no_xte,7.402,8.1337,-1.1634,11.268,-11.268,-1.1634,-0.5421,-0.6550,8.1337,2.873,2.127
2,pid_no_xte,7.453,8.1443,-1.2023,10.754,-10.754,-1.2023,-0.5632,-0.6336,8.1443,2.849,2.151
2,pid_no_xte,7.503,8.1558,-1.2451,10.187,-10.187,-1.2451,-0.5895,-0.6233,8.1558,2.797,2.203
2,pid_no_xte,7.553,8.1677,-1.2916,9.594,-9.594,-1.2916,-0.6201,-0.6219,8.1677,2.756,2.244
2,pid_no_xte,7.604,8.1771,-1.3285,9.117,-9.117,-1.3285,-0.6304,-0.5839,8.1771,2.779,2.221
2,pid_no_xte,7.654,8.1903,-1.3822,8.369,-8.369,-1.3822,-0.6704,-0.6032,8.1903,2.627,2.373
2,pid_no_xte,7.704,8.2015,-1.4278,7.643,-7.643,-1.4278,-0.6918,-0.5869,8.2015,2.598,2.402
2,pid_no_xte,7.754,8.2115,-1.4676,6.943,-6.943,-1.4676,-0.7012,-0.5502,8.2115,2.572,2.428
2,pid_no_xte,7.805,8.2222,-1.5109,6.118,-6.118,-1.5109,-0.7156,-0.5262,8.2222,2.476,2.524
2,pid_no_xte,7.855,8.2291,-1.5396,5.547,-5.547,-1.5396,-0.7023,-0.4540,8.2291,2.553,2.447
2,pid_no_xte,7.905,8.2393,-1.5836,4.643,-4.643,-1.5836,-0.7183,-0.4416,8.2393,2.366,2.634
2,pid_no_xte,7.956,8.2457,-1.6129,4.026,-4.026,-1.6129,-0.7057,-0.3782,8.2457,2.454,2.546
2,pid_no_xte,8.006,8.2543,-1.6549,3.120,-3.120,-1.6549,-0.7174,-0.3649,8.2543,2.287,2.713
2,pid_no_xte,8.056,8.2618,-1.6959,2.215,-2.215,-1.6959,-0.7264,-0.3479,8.2618,2.239,2.761
2,pid_no_xte,8.107,8.2679,-1.7327,1.395,-1.395,-1.7327,-0.7267,-0.3166,8.2679,2.232,2.768
2,pid_no_xte,8.157,8.2718,-1.7583,0.820,-0.820,-1.7583,-0.7067,-0.2513,8.2718,2.304,2.696
2,pid_no_xte,8.207,8.2775,-1.8010,-0.140,0.140,-1.8010,-0.7196,-0.2517,8.2775,2.093,2.907
2,pid_no_xte,8.258,8.2819,-1.8400,-1.019,1.019,-1.8400,-0.7247,-0.2379,8.2819,2.081,2.919
2,pid_no_xte,8.308,8.2853,-1.8763,-1.829,1.829,-1.8763,-0.7243,-0.2155,8.2853,2.067,2.933
2,pid_no_xte,8.358,8.2885,-1.9173,-2.736,2.736,-1.9173,-0.7326,-0.2108,8.2885,1.980,3.020
2,pid_no_xte,8.409,8.2901,-1.9447,-3.333,3.333,-1.9447,-0.7153,-0.1602,8.2901,2.077,2.923
2,pid_no_xte,8.459,8.2916,-1.9867,-4.234,4.234,-1.9867,-0.7261,-0.1651,8.2916,1.904,3.096
2,pid_no_xte,8.510,8.2922,-2.0226,-4.991,4.991,-2.0226,-0.7250,-0.1479,8.2922,1.924,3.076
2,pid_no_xte,8.560,8.2922,-2.0616,-5.797,5.797,-2.0616,-0.7295,-0.1426,8.2922,1.861,3.139
2,pid_no_xte,8.610,8.2919,-2.0858,-6.290,6.290,-2.0858,-0.7068,-0.0884,8.2919,1.965,3.035
2,pid_no_xte,8.661,8.2908,-2.1245,-7.066,7.066,-2.1245,-0.7122,-0.0899,8.2908,1.809,3.191
2,pid_no_xte,8.711,8.2893,-2.1607,-7.778,7.778,-2.1607,-0.7128,-0.0829,8.2893,1.796,3.204
2,pid_no_xte,8.762,8.2872,-2.1984,-8.507,8.507,-2.1984,-0.7160,-0.0812,8.2872,1.752,3.248
2,pid_no_xte,8.812,8.2851,-2.2336,-9.173,9.173,-2.2336,-0.7146,-0.0712,8.2851,1.742,3.258
2,pid_no_xte,8.862,8.2832,-2.2607,-9.677,9.677,-2.2607,-0.6986,-0.0355,8.2832,1.784,3.216
2,pid_no_xte,8.912,8.2802,-2.3004,-10.400,10.400,-2.3004,-0.7068,-0.0473,8.2802,1.654,3.346
2,pid_no_xte,8.963,8.2775,-2.3343,-11.003,11.003,-2.3343,-0.7037,-0.0373,8.2775,1.673,3.327
2,pid_no_xte,9.013,8.2749,-2.3679,-11.586,11.586,-2.3679,-0.7004,-0.0278,8.2749,1.651,3.349
2,pid_no_xte,9.063,8.2717,-2.4081,-12.260,12.260,-2.4081,-0.7095,-0.0418,8.2717,1.577,3.423
2,pid_no_xte,9.114,8.2695,-2.4346,-12.678,12.678,-2.4346,-0.6927,-0.0074,8.2695,1.663,3.337
2,pid_no_xte,9.164,8.2659,-2.4748,-13.211,13.211,-2.4748,-0.7025,-0.0246,8.2659,1.586,3.414
2,pid_no_xte,9.214,8.2614,-2.5164,-13.612,13.612,-2.5164,-0.7137,-0.0428,8.2614,1.621,3.379
2,pid_no_xte,9.265,8.2535,-2.5757,-14.007,14.007,-2.5757,-0.7563,-0.1162,8.2535,1.602,3.398
2,pid_no_xte,9.315,8.2463,-2.6236,-14.288,14.288,-2.6236,-0.7740,-0.1378,8.2463,1.635,3.365
2,pid_no_xte,9.365,8.2340,-2.7021,-14.780,14.780,-2.7021,-0.8459,-0.2558,8.2340,1.521,3.479
2,pid_no_xte,9.416,8.2210,-2.7821,-15.348,15.348,-2.7821,-0.9140,-0.3562,8.2210,1.460,3.540
2,pid_no_xte,9.466,8.2140,-2.8299,-15.717,15.717,-2.8299,-0.9172,-0.3293,8.2140,1.524,3.476
2,pid_no_xte,9.516,8.2070,-2.9002,-16.216,16.216,-2.9002,-0.9610,-0.3788,8.2070,1.443,3.557
2,pid_no_xte,9.567,8.2068,-2.9435,-16.488,16.488,-2.9435,-0.9518,-0.3276,8.2068,1.523,3.477
2,pid_no_xte,9.617,8.2164,-3.0016,-16.819,16.819,-3.0016,-0.9706,-0.3318,8.2164,1.482,3.518
2,pid_no_xte,9.667,8.2360,-3.0456,-17.038,17.038,-3.0456,-0.9617,-0.2853,8.2360,1.516,3.484
2,pid_no_xte,9.718,8.2644,-3.0818,-17.186,17.186,-3.0818,-0.9396,-0.2190,8.2644,1.539,3.461
2,pid_no_xte,9.768,8.2948,-3.1089,-17.267,17.267,-3.1089,-0.9028,-0.1320,8.2948,1.562,3.438
2,pid_no_xte,9.818,8.3514,-3.1460,-17.311,17.311,-3.1460,-0.8876,-0.0924,8.3514,1.576,3.424
2,pid_no_xte,9.869,8.3920,-3.1677,-17.281,17.281,-3.1677,-0.8460,-0.0083,8.3920,1.608,3.392
2,pid_no_xte,9.919,8.4588,-3.1994,-17.135,17.135,-3.1994,-0.8260,0.0287,8.4588,1.663,3.337
2,pid_no_xte,9.969,8.5286,-3.2302,-16.863,16.863,-3.2302,-0.8064,0.0617,8.5286,1.730,3.270
2,pid_no_xte,10.020,8.5727,-3.2493,-16.634,16.634,-3.2493,-0.7674,0.1269,8.5727,1.724,3.276
2,pid_no_xte,10.070,8.6409,-3.2779,-16.226,16.226,-3.2779,-0.7491,0.1486,8.6409,1.820,3.180
2,pid_no_xte,10.120,8.7113,-3.3053,-15.789,15.789,-3.3053,-0.7305,0.1689,8.7113,1.855,3.145
2,pid_no_xte,10.171,8.7577,-3.3215,-15.523,15.523,-3.3215,-0.6933,0.2210,8.7577,1.798,3.202
2,pid_no_xte,10.221,8.8079,-3.3374,-15.261,15.261,-3.3374,-0.6588,0.2635,8.8079,1.810,3.190
2,pid_no_xte,10.271,8.8874,-3.3603,-14.894,14.894,-3.3603,-0.6398,0.2738,8.8874,1.872,3.128
2,pid_no_xte,10.322,8.9600,-3.3801,-14.596,14.596,-3.3801,-0.6173,0.2897,8.9600,1.860,3.140
2,pid_no_xte,10.372,9.0474,-3.4038,-14.263,14.263,-3.4038,-0.6039,0.2875,9.0474,1.892,3.108
2,pid_no_xte,10.422,9.1429,-3.4300,-13.914,13.914,-3.4300,-0.5964,0.2749,9.1429,1.917,3.083
2,pid_no_xte,10.473,9.2508,-3.4602,-13.520,13.520,-3.4602,-0.5967,0.2492,9.2508,1.956,3.044
2,pid_no_xte,10.523,9.3259,-3.4816,-13.242,13.242,-3.4816,-0.5810,0.2549,9.3259,1.923,3.077
2,pid_no_xte,10.573,9.4425,-3.5152,-12.798,12.798,-3.5152,-0.5890,0.2172,9.4425,2.015,2.985
2,pid_no_xte,10.624,9.5232,-3.5382,-12.483,12.483,-3.5382,-0.5770,0.2192,9.5232,1.977,3.023
2,pid_no_xte,10.674,9.6481,-3.5733,-11.992,11.992,-3.5733,-0.5880,0.1790,9.6481,2.077,2.923
2,pid_no_xte,10.724,9.7331,-3.5969,-11.659,11.659,-3.5969,-0.5773,0.1822,9.7331,2.028,2.972
2,pid_no_xte,10.775,9.8630,-3.6325,-11.172,11.172,-3.6325,-0.5890,0.1442,9.8630,2.118,2.882
2,pid_no_xte,10.825,9.9968,-3.6680,-10.714,10.714,-3.6680,-0.5999,0.1113,9.9968,2.130,2.870
2,pid_no_xte,10.875,10.0887,-3.6917,-10.437,10.437,-3.6917,-0.5880,0.1227,10.0887,2.069,2.931
2,pid_no_xte,10.925,10.1823,-3.7151,-10.192,10.192,-3.7151,-0.5768,0.1319,10.1823,2.069,2.931
2,pid_no_xte,10.976,10.3262,-3.7491,-9.867,9.867,-3.7491,-0.5860,0.1031,10.3262,2.119,2.881
2,pid_no_xte,11.026,10.4767,-3.7821,-9.535,9.535,-3.7821,-0.5924,0.0819,10.4767,2.139,2.861
2,pid_no_xte,11.076,10.5736,-3.8019,-9.299,9.299,-3.8019,-0.5742,0.1076,10.5736,2.111,2.889
2,pid_no_xte,11.126,10.7260,-3.8304,-8.874,8.874,-3.8304,-0.5736,0.0989,10.7260,2.213,2.787
2,pid_no_xte,11.177,10.8831,-3.8567,-8.369,8.369,-3.8567,-0.5690,0.0982,10.8831,2.272,2.728
2,pid_no_xte,11.227,10.9914,-3.8732,-7.991,7.991,-3.8732,-0.5470,0.1292,10.9914,2.239,2.761
2,pid_no_xte,11.277,11.1027,-3.8887,-7.584,7.584,-3.8887,-0.5252,0.1571,11.1027,2.273,2.727
2,pid_no_xte,11.328,11.2750,-3.9090,-6.935,6.935,-3.9090,-0.5140,0.1630,11.2750,2.406,2.594
2,pid_no_xte,11.378,11.4560,-3.9235,-6.275,6.275,-3.9235,-0.4935,0.1854,11.4560,2.446,2.554
2,pid_no_xte,11.428,11.5740,-3.9308,-5.868,5.868,-3.9308,-0.4616,0.2264,11.5740,2.362,2.638
2,pid_no_xte,11.478,11.7621,-3.9415,-5.253,5.253,-3.9415,-0.4388,0.2472,11.7621,2.481,2.519
2,pid_no_xte,11.529,11.8901,-3.9470,-4.869,4.869,-3.9470,-0.4086,0.2793,11.8901,2.405,2.595
2,pid_no_xte,11.579,12.0849,-3.9473,-4.368,4.368,-3.9473,-0.3719,0.3206,12.0849,2.480,2.520
2,pid_no_xte,11.629,12.2119,-3.9431,-4.090,4.090,-3.9431,-0.3303,0.3668,12.2119,2.401,2.599
2,pid_no_xte,11.680,12.4017,-3.9349,-3.729,3.729,-3.9349,-0.2852,0.4152,12.4017,2.455,2.545
2,pid_no_xte,11.730,12.6000,-3.9249,-3.407,3.407,-3.9249,-0.2408,0.4579,12.6000,2.455,2.545
2,pid_no_xte,11.780,12.7336,-3.9155,-3.218,3.218,-3.9155,-0.2018,0.4870,12.7336,2.410,2.590
2,pid_no_xte,11.831,12.9364,-3.8976,-2.941,2.941,-3.8976,-0.1508,0.5350,12.9364,2.461,2.539
2,pid_no_xte,11.881,13.0743,-3.8849,-2.744,2.744,-3.8849,-0.1139,0.5531,13.0743,2.439,2.561
2,pid_no_xte,11.931,13.2882,-3.8647,-2.365,2.365,-3.8647,-0.0668,0.5882,13.2882,2.534,2.466
2,pid_no_xte,11.982,13.4224,-3.8502,-1.992,1.992,-3.8502,-0.0343,0.5934,13.4224,2.551,2.449
2,pid_no_xte,12.032,13.5972,-3.8304,-1.380,1.380,-3.8304,0.0048,0.6102,13.5972,2.683,2.317
2,pid_no_xte,12.082,13.7440,-3.8119,-0.799,0.799,-3.8119,0.0379,0.6147,13.7440,2.700,2.300
2,pid_no_xte,12.133,13.9129,-3.7883,-0.091,0.091,-3.7883,0.0774,0.6303,13.9129,2.790,2.210
2,pid_no_xte,12.183,14.0857,-3.7611,0.653,-0.653,-3.7611,0.1198,0.6498,14.0857,2.844,2.156
2,pid_no_xte,12.233,14.2018,-3.7412,1.149,-1.149,-3.7412,0.1450,0.6362,14.2018,2.767,2.233
2,pid_no_xte,12.283,14.3741,-3.7096,1.860,-1.860,-3.7096,0.1891,0.6582,14.3741,2.893,2.107
2,pid_no_xte,12.334,14.5476,-3.6778,2.515,-2.515,-3.6778,0.2296,0.6716,14.5476,2.905,2.095
2,pid_no_xte,12.384,14.6658,-3.6575,2.921,-2.921,-3.6575,0.2455,0.6392,14.6658,2.822,2.178
2,pid_no_xte,12.434,14.8523,-3.6282,3.499,-3.499,-3.6282,0.2763,0.6366,14.8523,2.924,2.076
2,pid_no_xte,12.485,14.9763,-3.6120,3.840,-3.840,-3.6120,0.2806,0.5862,14.9763,2.843,2.157
2,pid_no_xte,12.535,15.1595,-3.5926,4.301,-4.301,-3.5926,0.2899,0.5493,15.1595,2.916,2.084
2,pid_no_xte,12.586,15.3240,-3.5780,4.702,-4.702,-3.5780,0.2899,0.4990,15.3240,2.913,2.087
2,pid_no_xte,12.636,15.4871,-3.5659,5.095,-5.095,-3.5659,0.2854,0.4451,15.4871,2.931,2.069
2,pid_no_xte,12.686,15.6131,-3.5580,5.396,-5.396,-3.5580,0.2737,0.3834,15.6131,2.908,2.092
2,pid_no_xte,12.737,15.8068,-3.5471,5.860,-5.860,-3.5471,0.2685,0.3388,15.8068,3.000,2.000
2,pid_no_xte,12.787,15.9390,-3.5409,6.184,-6.184,-3.5409,0.2552,0.2836,15.9390,2.959,2.041
2,pid_no_xte,12.837,16.1345,-3.5335,6.715,-6.715,-3.5335,0.2453,0.2397,16.1345,3.073,1.927
2,pid_no_xte,12.888,16.3287,-3.5258,7.233,-7.233,-3.5258,0.2368,0.2022,16.3287,3.094,1.906
2,pid_no_xte,12.938,16.4832,-3.5188,7.611,-7.611,-3.5188,0.2280,0.1678,16.4832,3.056,1.944
2,pid_no_xte,12.988,16.6011,-3.5117,7.906,-7.906,-3.5117,0.2200,0.1379,16.6011,3.037,1.963
2,pid_no_xte,13.038,16.7961,-3.4971,8.406,-8.406,-3.4971,0.2264,0.1370,16.7961,3.148,1.852
2,pid_no_xte,13.089,16.9653,-3.4838,8.928,-8.928,-3.4838,0.2299,0.1309,16.9653,3.185,1.815
2,pid_no_xte,13.139,17.0776,-3.4769,9.476,-9.476,-3.4769,0.2213,0.1033,17.0776,3.224,1.776
2,pid_no_xte,13.189,17.1658,-3.4761,10.234,-10.234,-3.4761,0.2026,0.0598,17.1658,3.352,1.648
2,pid_no_xte,13.240,17.2076,-3.4815,10.800,-10.800,-3.4815,0.1743,0.0029,17.2076,3.301,1.699
2,pid_no_xte,13.290,17.2558,-3.4979,11.675,-11.675,-3.4979,0.1285,-0.0805,17.2558,3.475,1.525
2,pid_no_xte,13.340,17.2836,-3.5122,12.263,-12.263,-3.5122,0.0908,-0.1418,17.2836,3.387,1.613
2,pid_no_xte,13.391,17.3186,-3.5329,13.030,-13.030,-3.5329,0.0448,-0.2123,17.3186,3.502,1.498
2,pid_no_xte,13.441,17.3526,-3.5552,13.792,-13.792,-3.5552,0.0002,-0.2740,17.3526,3.539,1.461
2,pid_no_xte,13.491,17.3817,-3.5780,14.507,-14.507,-3.5780,-0.0412,-0.3243,17.3817,3.557,1.443
2,pid_no_xte,13.542,17.4058,-3.6039,15.278,-15.278,-3.6039,-0.0845,-0.3732,17.4058,3.620,1.380
2,pid_no_xte,13.592,17.4183,-3.6200,15.761,-15.761,-3.6200,-0.1059,-0.3779,17.4183,3.526,1.474
2,pid_no_xte,13.642,17.4361,-3.6424,16.435,-16.435,-3.6424,-0.1369,-0.3996,17.4361,3.641,1.359
2,pid_no_xte,13.693,17.4487,-3.6570,16.856,-16.856,-3.6570,-0.1510,-0.3887,17.4487,3.558,1.442
2,pid_no_xte,13.743,17.4671,-3.6776,17.401,-17.401,-3.6776,-0.1746,-0.3959,17.4671,3.637,1.363
2,pid_no_xte,13.793,17.4873,-3.7007,17.948,-17.948,-3.7007,-0.2005,-0.4068,17.4873,3.667,1.333
2,pid_no_xte,13.844,17.5071,-3.7241,18.454,-18.454,-3.7241,-0.2247,-0.4136,17.5071,3.677,1.323
2,pid_no_xte,13.894,17.5313,-3.7556,19.067,-19.067,-3.7556,-0.2615,-0.4426,17.5313,3.753,1.247
2,pid_no_xte,13.944,17.5471,-3.7788,19.477,-19.477,-3.7788,-0.2798,-0.4354,17.5471,3.691,1.309
2,pid_no_xte,13.995,17.5697,-3.8166,20.077,-20.077,-3.8166,-0.3229,-0.4740,17.5697,3.801,1.199
2,pid_no_xte,14.045,17.5883,-3.8518,20.559,-20.559,-3.8518,-0.3573,-0.4932,17.5883,3.777,1.223
2,pid_no_xte,14.095,17.5989,-3.8736,20.819,-20.819,-3.8736,-0.3642,-0.4606,17.5989,3.698,1.302
2,pid_no_xte,14.146,17.6196,-3.9178,21.259,-21.259,-3.9178,-0.4113,-0.5041,17.6196,3.796,1.204
2,pid_no_xte,14.196,17.6391,-3.9602,21.575,-21.575,-3.9602,-0.4507,-0.5297,17.6391,3.761,1.239
2,pid_no_xte,14.246,17.6519,-3.9875,21.719,-21.719,-3.9875,-0.4593,-0.4969,17.6519,3.697,1.303
2,pid_no_xte,14.296,17.6706,-4.0260,21.816,-21.816,-4.0260,-0.4871,-0.5020,17.6706,3.683,1.317
2,pid_no_xte,14.347,17.6836,-4.0511,21.804,-21.804,-4.0511,-0.4884,-0.4585,17.6836,3.637,1.363
2,pid_no_xte,14.397,17.7046,-4.0897,21.669,-21.669,-4.0897,-0.5137,-0.4625,17.7046,3.579,1.421
2,pid_no_xte,14.447,17.7285,-4.1307,21.392,-21.392,-4.1307,-0.5413,-0.4704,17.7285,3.505,1.495
2,pid_no_xte,14.498,17.7475,-4.1626,21.117,-21.117,-4.1626,-0.5498,-0.4428,17.7475,3.491,1.509
2,pid_no_xte,14.548,17.7770,-4.2119,20.596,-20.596,-4.2119,-0.5891,-0.4738,17.7770,3.361,1.639
2,pid_no_xte,14.598,17.8090,-4.2649,19.892,-19.892,-4.2649,-0.6316,-0.5077,17.8090,3.248,1.752
2,pid_no_xte,14.648,17.8303,-4.2981,19.351,-19.351,-4.2981,-0.6343,-0.4663,17.8303,3.288,1.712
2,pid_no_xte,14.699,17.8619,-4.3396,18.473,-18.473,-4.3396,-0.6517,-0.4552,17.8619,3.102,1.898
2,pid_no_xte,14.749,17.8852,-4.3613,17.835,-17.835,-4.3613,-0.6315,-0.3771,17.8852,3.168,1.832
2,pid_no_xte,14.799,17.9286,-4.3868,16.807,-16.807,-4.3868,-0.6202,-0.3221,17.9286,2.952,2.048
2,pid_no_xte,14.850,17.9626,-4.3992,16.123,-16.123,-4.3992,-0.5861,-0.2307,17.9626,3.059,1.941
2,pid_no_xte,14.900,18.0254,-4.4137,15.019,-15.019,-4.4137,-0.5587,-0.1598,18.0254,2.828,2.172
2,pid_no_xte,14.950,18.0726,-4.4178,14.249,-14.249,-4.4178,-0.5152,-0.0660,18.0726,2.925,2.075
2,pid_no_xte,15.000,18.1479,-4.4115,13.067,-13.067,-4.4115,-0.4567,0.0462,18.1479,2.692,2.308
2,pid_no_xte,15.051,18.2017,-4.4017,12.283,-12.283,-4.4017,-0.3972,0.1502,18.2017,2.816,2.184
2,pid_no_xte,15.101,18.2885,-4.3833,11.157,-11.157,-4.3833,-0.3274,0.2633,18.2885,2.615,2.385
2,pid_no_xte,15.151,18.3685,-4.3646,10.246,-10.246,-4.3646,-0.2636,0.3551,18.3685,2.657,2.343
2,pid_no_xte,15.202,18.4621,-4.3410,9.309,-9.309,-4.3410,-0.1965,0.4446,18.4621,2.597,2.403
2,pid_no_xte,15.252,18.5679,-4.3130,8.392,-8.392,-4.3130,-0.1278,0.5290,18.5679,2.557,2.443
2,pid_no_xte,15.302,18.6448,-4.2924,7.802,-7.802,-4.2924,-0.0786,0.5701,18.6448,2.663,2.337
2,pid_no_xte,15.352,18.7670,-4.2578,6.966,-6.966,-4.2578,-0.0086,0.6452,18.7670,2.516,2.484
2,pid_no_xte,15.402,18.8828,-4.2223,6.230,-6.230,-4.2223,0.0568,0.7051,18.8828,2.519,2.481
2,pid_no_xte,15.453,18.9828,-4.1912,5.616,-5.616,-4.1912,0.1080,0.7339,18.9828,2.538,2.462
3,no_pid,0.000,0.1450,0.0104,0.076,-0.076,0.0104,0.0000,0.0000,0.1450,2.500,2.500
3,no_pid,0.050,0.1673,0.0135,0.108,-0.108,0.0135,0.0056,0.0103,0.1673,2.500,2.500
3,no_pid,0.101,0.1878,0.0154,0.163,-0.163,0.0154,0.0086,0.0147,0.1878,2.500,2.500
3,no_pid,0.151,0.2258,0.0176,0.298,-0.298,0.0176,0.0117,0.0190,0.2258,2.500,2.500
3,no_pid,0.201,0.2539,0.0183,0.415,-0.415,0.0183,0.0119,0.0177,0.2539,2.500,2.500
3,no_pid,0.252,0.2991,0.0188,0.610,-0.610,0.0188,0.0117,0.0156,0.2991,2.500,2.500
3,no_pid,0.302,0.3491,0.0190,0.819,-0.819,0.0190,0.0111,0.0131,0.3491,2.500,2.500
3,no_pid,0.352,0.3843,0.0192,0.956,-0.956,0.0192,0.0105,0.0108,0.3843,2.500,2.500
3,no_pid,0.403,0.4403,0.0198,1.149,-1.149,0.0198,0.0106,0.0100,0.4403,2.500,2.500
3,no_pid,0.453,0.4800,0.0204,1.265,-1.265,0.0204,0.0107,0.0093,0.4800,2.500,2.500
3,no_pid,0.503,0.5452,0.0217,1.415,-1.415,0.0217,0.0121,0.0109,0.5452,2.500,2.500
3,no_pid,0.554,0.5904,0.0227,1.485,-1.485,0.0227,0.0127,0.0112,0.5904,2.500,2.500
3,no_pid,0.604,0.6676,0.0241,1.534,-1.534,0.0241,0.0141,0.0127,0.6676,2.500,2.500
3,no_pid,0.654,0.7439,0.0253,1.482,-1.482,0.0253,0.0151,0.0132,0.7439,2.500,2.500
3,no_pid,0.704,0.8209,0.0274,1.341,-1.341,0.0274,0.0174,0.0163,0.8209,2.500,2.500
3,no_pid,0.755,0.8706,0.0295,1.202,-1.202,0.0295,0.0197,0.0189,0.8706,2.500,2.500
3,no_pid,0.805,0.9416,0.0345,0.916,-0.916,0.0345,0.0270,0.0304,0.9416,2.500,2.500
3,no_pid,0.855,0.9931,0.0405,0.624,-0.624,0.0405,0.0355,0.0432,0.9931,2.500,2.500
3,no_pid,0.905,1.0431,0.0496,0.266,-0.266,0.0496,0.0487,0.0631,1.0431,2.500,2.500
3,no_pid,0.956,1.0852,0.0597,-0.045,0.045,0.0597,0.0627,0.0828,1.0852,2.500,2.500
3,no_pid,1.006,1.1158,0.0678,-0.236,0.236,0.0678,0.0716,0.0915,1.1158,2.500,2.500
3,no_pid,1.056,1.1634,0.0800,-0.428,0.428,0.0800,0.0873,0.1117,1.1634,2.500,2.500
3,no_pid,1.106,1.1943,0.0871,-0.473,0.473,0.0871,0.0922,0.1104,1.1943,2.500,2.500
3,no_pid,1.157,1.2432,0.0960,-0.415,0.415,0.0960,0.1000,0.1144,1.2432,2.500,2.500
3,no_pid,1.207,1.2940,0.1021,-0.222,0.222,0.1021,0.1018,0.1073,1.2940,2.500,2.500
3,no_pid,1.257,1.3304,0.1049,-0.026,0.026,0.1049,0.0977,0.0899,1.3304,2.500,2.500
3,no_pid,1.308,1.3850,0.1080,0.318,-0.318,0.1080,0.0944,0.0758,1.3850,2.500,2.500
3,no_pid,1.358,1.4243,0.1100,0.583,-0.583,0.1100,0.0894,0.0598,1.4243,2.500,2.500
3,no_pid,1.408,1.4880,0.1133,1.009,-1.009,0.1133,0.0873,0.0505,1.4880,2.500,2.500
3,no_pid,1.458,1.5585,0.1170,1.451,-1.451,0.1170,0.0860,0.0436,1.5585,2.500,2.500
3,no_pid,1.509,1.6095,0.1196,1.747,-1.747,0.1196,0.0828,0.0338,1.6095,2.500,2.500
3,no_pid,1.559,1.6817,0.1231,2.131,-2.131,0.1231,0.0817,0.0286,1.6817,2.500,2.500
3,no_pid,1.609,1.7573,0.1268,2.492,-2.492,0.1268,0.0809,0.0246,1.7573,2.500,2.500
3,no_pid,1.660,1.8398,0.1306,2.834,-2.834,0.1306,0.0804,0.0214,1.8398,2.500,2.500
3,no_pid,1.710,1.9221,0.1335,3.091,-3.091,0.1335,0.0783,0.0156,1.9221,2.500,2.500
3,no_pid,1.760,2.0171,0.1371,3.265,-3.265,0.1371,0.0778,0.0132,2.0171,2.500,2.500
3,no_pid,1.811,2.0880,0.1410,3.316,-3.316,0.1410,0.0777,0.0120,2.0880,2.500,2.500
3,no_pid,1.861,2.1860,0.1494,3.255,-3.255,0.1494,0.0859,0.0257,2.1860,2.500,2.500
3,no_pid,1.911,2.2441,0.1569,3.112,-3.112,0.1569,0.0916,0.0337,2.2441,2.500,2.500
3,no_pid,1.961,2.3086,0.1688,2.790,-2.790,0.1688,0.1049,0.0549,2.3086,2.500,2.500
3,no_pid,2.012,2.3594,0.1840,2.331,-2.331,0.1840,0.1230,0.0827,2.3594,2.500,2.500
3,no_pid,2.062,2.3967,0.2014,1.807,-1.807,0.2014,0.1433,0.1119,2.3967,2.500,2.500
3,no_pid,2.113,2.4338,0.2246,1.126,-1.126,0.2246,0.1723,0.1545,2.4338,2.500,2.500
3,no_pid,2.163,2.4572,0.2412,0.648,-0.648,0.2412,0.1866,0.1663,2.4572,2.500,2.500
3,no_pid,2.213,2.4927,0.2661,-0.057,0.057,0.2661,0.2149,0.2025,2.4927,2.500,2.500
3,no_pid,2.264,2.5317,0.2916,-0.742,0.742,0.2916,0.2415,0.2323,2.5317,2.500,2.500
3,no_pid,2.314,2.5585,0.3076,-1.147,1.147,0.3076,0.2486,0.2240,2.5585,2.500,2.500
3,no_pid,2.364,2.5967,0.3285,-1.625,1.625,0.3285,0.2637,0.2310,2.5967,2.500,2.500
3,no_pid,2.415,2.6333,0.3459,-1.956,1.956,0.3459,0.2711,0.2233,2.6333,2.500,2.500
3,no_pid,2.465,2.6761,0.3628,-2.179,2.179,0.3628,0.2771,0.2137,2.6761,2.500,2.500
3,no_pid,2.515,2.7233,0.3767,-2.231,2.231,0.3767,0.2770,0.1941,2.7233,2.500,2.500
3,no_pid,2.566,2.7671,0.3858,-2.137,2.137,0.3858,0.2683,0.1604,2.7671,2.500,2.500
3,no_pid,2.616,2.8216,0.3940,-1.890,1.890,0.3940,0.2586,0.1282,2.8216,2.500,2.500
3,no_pid,2.666,2.8755,0.4004,-1.563,1.563,0.4004,0.2467,0.0947,2.8755,2.500,2.500
3,no_pid,2.716,2.9316,0.4061,-1.188,1.188,0.4061,0.2345,0.0640,2.9316,2.500,2.500
3,no_pid,2.767,2.9782,0.4103,-0.873,0.873,0.4103,0.2206,0.0329,2.9782,2.500,2.500
3,no_pid,2.817,3.0525,0.4162,-0.378,0.378,0.4162,0.2112,0.0127,3.0525,2.500,2.500
3,no_pid,2.868,3.1272,0.4218,0.113,-0.113,0.4218,0.2021,-0.0049,3.1272,2.500,2.500
3,no_pid,2.918,3.1975,0.4271,0.561,-0.561,0.4271,0.1933,-0.0205,3.1975,2.500,2.500
3,no_pid,2.968,3.2797,0.4331,1.037,-1.037,0.4331,0.1864,-0.0311,3.2797,2.500,2.500
3,no_pid,3.018,3.3429,0.4374,1.358,-1.358,0.4374,0.1773,-0.0449,3.3429,2.500,2.500
3,no_pid,3.069,3.4370,0.4437,1.742,-1.742,0.4437,0.1725,-0.0495,3.4370,2.500,2.500
3,no_pid,3.119,3.5336,0.4508,2.003,-2.003,0.4508,0.1697,-0.0501,3.5336,2.500,2.500
3,no_pid,3.169,3.5879,0.4555,2.094,-2.094,0.4555,0.1627,-0.0581,3.5879,2.500,2.500
3,no_pid,3.220,3.6683,0.4641,2.137,-2.137,0.4641,0.1634,-0.0516,3.6683,2.500,2.500
3,no_pid,3.270,3.7320,0.4730,2.067,-2.067,0.4730,0.1645,-0.0448,3.7320,2.500,2.500
3,no_pid,3.320,3.7931,0.4839,1.876,-1.876,0.4839,0.1694,-0.0319,3.7931,2.500,2.500
3,no_pid,3.370,3.8295,0.4919,1.696,-1.696,0.4919,0.1685,-0.0305,3.8295,2.500,2.500
3,no_pid,3.421,3.8767,0.5038,1.407,-1.407,0.5038,0.1747,-0.0165,3.8767,2.500,2.500
3,no_pid,3.471,3.9172,0.5146,1.151,-1.151,0.5146,0.1783,-0.0084,3.9172,2.500,2.500
3,no_pid,3.521,3.9628,0.5265,0.896,-0.896,0.5265,0.1836,0.0019,3.9628,2.500,2.500
3,no_pid,3.572,4.0067,0.5369,0.719,-0.719,0.5369,0.1857,0.0056,4.0067,2.500,2.500
3,no_pid,3.622,4.0496,0.5454,0.644,-0.644,0.5454,0.1843,0.0025,4.0496,2.500,2.500
3,no_pid,3.672,4.0927,0.5519,0.697,-0.697,0.5519,0.1792,-0.0070,4.0927,2.500,2.500
3,no_pid,3.722,4.1208,0.5548,0.807,-0.807,0.5548,0.1681,-0.0266,4.1208,2.500,2.500
3,no_pid,3.773,4.1674,0.5575,1.105,-1.105,0.5575,0.1576,-0.0431,4.1674,2.500,2.500
3,no_pid,3.823,4.2173,0.5589,1.531,-1.531,0.5589,0.1458,-0.0607,4.2173,2.500,2.500
3,no_pid,3.874,4.2495,0.5596,1.837,-1.837,0.5596,0.1338,-0.0769,4.2495,2.500,2.500
3,no_pid,3.924,4.2948,0.5610,2.285,-2.285,0.5610,0.1240,-0.0877,4.2948,2.500,2.500
3,no_pid,3.974,4.3405,0.5629,2.733,-2.733,0.5629,0.1161,-0.0940,4.3405,2.500,2.500
3,no_pid,4.024,4.3984,0.5662,3.263,-3.263,0.5662,0.1115,-0.0938,4.3984,2.500,2.500
3,no_pid,4.075,4.4372,0.5689,3.582,-3.582,0.5689,0.1062,-0.0949,4.4372,2.500,2.500
3,no_pid,4.125,4.5012,0.5737,4.027,-4.027,0.5737,0.1053,-0.0877,4.5012,2.500,2.500
3,no_pid,4.175,4.5722,0.5794,4.389,-4.389,0.5794,0.1059,-0.0787,4.5722,2.500,2.500
3,no_pid,4.226,4.6243,0.5834,4.569,-4.569,0.5834,0.1037,-0.0756,4.6243,2.500,2.500
3,no_pid,4.276,4.7110,0.5899,4.717,-4.717,0.5899,0.1059,-0.0646,4.7110,2.500,2.500
3,no_pid,4.326,4.7962,0.5960,4.709,-4.709,0.5960,0.1074,-0.0560,4.7962,2.500,2.500
3,no_pid,4.376,4.8906,0.6029,4.581,-4.581,0.6029,0.1101,-0.0459,4.8906,2.500,2.500
3,no_pid,4.427,4.9549,0.6078,4.441,-4.441,0.6078,0.1090,-0.0437,4.9549,2.500,2.500
3,no_pid,4.477,5.0613,0.6165,4.137,-4.137,0.6165,0.1147,-0.0294,5.0613,2.500,2.500
3,no_pid,4.527,5.1661,0.6256,3.733,-3.733,0.6256,0.1209,-0.0155,5.1661,2.500,2.500
3,no_pid,4.577,5.2246,0.6309,3.445,-3.445,0.6309,0.1195,-0.0166,5.2246,2.500,2.500
3,no_pid,4.628,5.2949,0.6376,3.021,-3.021,0.6376,0.1206,-0.0130,5.2949,2.500,2.500
3,no_pid,4.678,5.3337,0.6415,2.749,-2.749,0.6415,0.1167,-0.0190,5.3337,2.500,2.500
3,no_pid,4.728,5.3826,0.6468,2.407,-2.407,0.6468,0.1158,-0.0189,5.3826,2.500,2.500
3,no_pid,4.779,5.4226,0.6515,2.193,-2.193,0.6515,0.1137,-0.0209,5.4226,2.500,2.500
3,no_pid,4.829,5.4609,0.6560,2.091,-2.091,0.6560,0.1115,-0.0231,5.4609,2.500,2.500
3,no_pid,4.879,5.5084,0.6612,2.125,-2.125,0.6612,0.1108,-0.0222,5.5084,2.500,2.500
3,no_pid,4.929,5.5383,0.6642,2.244,-2.244,0.6642,0.1061,-0.0288,5.5383,2.500,2.500
3,no_pid,4.980,5.5849,0.6681,2.571,-2.571,0.6681,0.1035,-0.0308,5.5849,2.500,2.500
3,no_pid,5.030,5.6163,0.6706,2.871,-2.871,0.6706,0.0985,-0.0371,5.6163,2.500,2.500
3,no_pid,5.080,5.6642,0.6745,3.405,-3.405,0.6745,0.0966,-0.0371,5.6642,2.500,2.500
3,no_pid,5.130,5.6966,0.6774,3.795,-3.795,0.6774,0.0931,-0.0402,5.6966,2.500,2.500
3,no_pid,5.181,5.7458,0.6823,4.396,-4.396,0.6823,0.0934,-0.0359,5.7458,2.500,2.500
3,no_pid,5.231,5.7956,0.6877,4.980,-4.980,0.6877,0.0948,-0.0302,5.7956,2.500,2.500
3,no_pid,5.281,5.8277,0.6914,5.322,-5.322,0.6914,0.0928,-0.0310,5.8277,2.500,2.500
3,no_pid,5.332,5.8739,0.6969,5.755,-5.755,0.6969,0.0943,-0.0254,5.8739,2.500,2.500
3,no_pid,5.382,5.9185,0.7023,6.096,-6.096,0.7023,0.0955,-0.0209,5.9185,2.500,2.500
3,no_pid,5.432,5.9763,0.7093,6.422,-6.422,0.7093,0.0995,-0.0118,5.9763,2.500,2.500
3,no_pid,5.483,6.0163,0.7140,6.577,-6.577,0.7140,0.0990,-0.0115,6.0163,2.500,2.500
3,no_pid,5.533,6.0801,0.7215,6.724,-6.724,0.7215,0.1035,-0.0022,6.0801,2.500,2.500
3,no_pid,5.583,6.1566,0.7304,6.788,-6.788,0.7304,0.1102,0.0100,6.1566,2.500,2.500
3,no_pid,5.634,6.2114,0.7366,6.784,-6.784,0.7366,0.1114,0.0113,6.2114,2.500,2.500
3,no_pid,5.684,6.3055,0.7467,6.715,-6.715,0.7467,0.1196,0.0253,6.3055,2.500,2.500
3,no_pid,5.734,6.3741,0.7537,6.627,-6.627,0.7537,0.1215,0.0263,6.3741,2.500,2.500
3,no_pid,5.784,6.4847,0.7649,6.435,-6.435,0.7649,0.1306,0.0405,6.4847,2.500,2.500
3,no_pid,5.835,6.5651,0.7732,6.265,-6.265,0.7732,0.1337,0.0425,6.5651,2.500,2.500
3,no_pid,5.885,6.6829,0.7861,5.980,-5.980,0.7861,0.1451,0.0592,6.6829,2.500,2.500
3,no_pid,5.935,6.8010,0.8007,5.650,-5.650,0.8007,0.1583,0.0778,6.8010,2.500,2.500
3,no_pid,5.985,6.8745,0.8106,5.416,-5.416,0.8106,0.1618,0.0771,6.8745,2.500,2.500
3,no_pid,6.036,6.9689,0.8241,5.061,-5.061,0.8241,0.1716,0.0878,6.9689,2.500,2.500
3,no_pid,6.086,7.0356,0.8342,4.747,-4.747,0.8342,0.1744,0.0849,7.0356,2.500,2.500
3,no_pid,6.136,7.0918,0.8435,4.440,-4.440,0.8435,0.1753,0.0787,7.0918,2.500,2.500
3,no_pid,6.187,7.1372,0.8516,4.206,-4.206,0.8516,0.1740,0.0691,7.1372,2.500,2.500
3,no_pid,6.237,7.1684,0.8572,4.097,-4.097,0.8572,0.1682,0.0523,7.1684,2.500,2.500
3,no_pid,6.287,7.2098,0.8640,4.057,-4.057,0.8640,0.1652,0.0422,7.2098,2.500,2.500
3,no_pid,6.337,7.2522,0.8700,4.153,-4.153,0.8700,0.1610,0.0306,7.2522,2.500,2.500
3,no_pid,6.388,7.2916,0.8745,4.352,-4.352,0.8745,0.1545,0.0160,7.2916,2.500,2.500
3,no_pid,6.438,7.3394,0.8792,4.688,-4.688,0.8792,0.1489,0.0044,7.3394,2.500,2.500
3,no_pid,6.488,7.3713,0.8823,4.941,-4.941,0.8823,0.1409,-0.0105,7.3713,2.500,2.500
3,no_pid,6.538,7.4177,0.8870,5.320,-5.320,0.8870,0.1366,-0.0173,7.4177,2.500,2.500
3,no_pid,6.589,7.4592,0.8916,5.651,-5.651,0.8916,0.1324,-0.0234,7.4592,2.500,2.500
3,no_pid,6.639,7.5102,0.8976,6.028,-6.028,0.8976,0.1312,-0.0234,7.5102,2.500,2.500
3,no_pid,6.689,7.5479,0.9022,6.275,-6.275,0.9022,0.1277,-0.0277,7.5479,2.500,2.500
3,no_pid,6.740,7.6044,0.9095,6.581,-6.581,0.9095,0.1292,-0.0225,7.6044,2.500,2.500
3,no_pid,6.790,7.6656,0.9174,6.819,-6.819,0.9174,0.1317,-0.0158,7.6656,2.500,2.500
3,no_pid,6.840,7.7054,0.9225,6.924,-6.924,0.9225,0.1289,-0.0194,7.7054,2.500,2.500
3,no_pid,6.891,7.7723,0.9308,7.017,-7.017,0.9308,0.1323,-0.0115,7.7723,2.500,2.500
3,no_pid,6.941,7.8440,0.9393,7.017,-7.017,0.9393,0.1357,-0.0044,7.8440,2.500,2.500
3,no_pid,6.991,7.9385,0.9501,6.891,-6.891,0.9501,0.1430,0.0094,7.9385,2.500,2.500
3,no_pid,7.041,8.0047,0.9579,6.738,-6.738,0.9579,0.1440,0.0104,8.0047,2.500,2.500
3,no_pid,7.092,8.1060,0.9704,6.421,-6.421,0.9704,0.1536,0.0268,8.1060,2.500,2.500
3,no_pid,7.142,8.1755,0.9797,6.151,-6.151,0.9797,0.1565,0.0296,8.1755,2.500,2.500
3,no_pid,7.192,8.2753,0.9944,5.684,-5.684,0.9944,0.1689,0.0496,8.2753,2.500,2.500
3,no_pid,7.243,8.3637,1.0091,5.172,-5.172,1.0091,0.1802,0.0655,8.3637,2.500,2.500
3,no_pid,7.293,8.4293,1.0214,4.709,-4.709,1.0214,0.1861,0.0702,8.4293,2.500,2.500
3,no_pid,7.343,8.4635,1.0284,4.438,-4.438,1.0284,0.1818,0.0559,8.4635,2.500,2.500
3,no_pid,7.393,8.5173,1.0403,3.996,-3.996,1.0403,0.1868,0.0600,8.5173,2.500,2.500
3,no_pid,7.444,8.5684,1.0522,3.633,-3.633,1.0522,0.1913,0.0627,8.5684,2.500,2.500
3,no_pid,7.494,8.6168,1.0630,3.412,-3.412,1.0630,0.1935,0.0609,8.6168,2.500,2.500
3,no_pid,7.544,8.6451,1.0687,3.355,-3.355,1.0687,0.1862,0.0420,8.6451,2.500,2.500
3,no_pid,7.595,8.6921,1.0765,3.387,-3.387,1.0765,0.1833,0.0330,8.6921,2.500,2.500
3,no_pid,7.645,8.7358,1.0817,3.539,-3.539,1.0817,0.1759,0.0166,8.7358,2.500,2.500
3,no_pid,7.695,8.7883,1.0859,3.830,-3.830,1.0859,0.1676,-0.0001,8.7883,2.500,2.500
3,no_pid,7.745,8.8232,1.0885,4.061,-4.061,1.0885,0.1569,-0.0196,8.8232,2.500,2.500
3,no_pid,7.796,8.8752,1.0924,4.434,-4.434,1.0924,0.1496,-0.0310,8.8752,2.500,2.500
3,no_pid,7.846,8.9305,1.0969,4.835,-4.835,1.0969,0.1441,-0.0381,8.9305,2.500,2.500
3,no_pid,7.896,8.9662,1.1000,5.085,-5.085,1.1000,0.1366,-0.0483,8.9662,2.500,2.500
3,no_pid,7.947,9.0218,1.1051,5.438,-5.438,1.1051,0.1334,-0.0497,9.0218,2.500,2.500
3,no_pid,7.997,9.0693,1.1096,5.692,-5.692,1.1096,0.1294,-0.0524,9.0693,2.500,2.500
3,no_pid,8.047,9.1267,1.1152,5.921,-5.921,1.1152,0.1277,-0.0507,9.1267,2.500,2.500
3,no_pid,8.098,9.1731,1.1196,6.042,-6.042,1.1196,0.1240,-0.0527,9.1731,2.500,2.500
3,no_pid,8.148,9.2478,1.1264,6.115,-6.115,1.1264,0.1252,-0.0459,9.2478,2.500,2.500
3,no_pid,8.198,9.3338,1.1344,6.042,-6.042,1.1344,0.1283,-0.0360,9.3338,2.500,2.500
3,no_pid,8.248,9.3919,1.1403,5.924,-5.924,1.1403,0.1272,-0.0348,9.3919,2.500,2.500
3,no_pid,8.298,9.4848,1.1501,5.660,-5.660,1.1501,0.1335,-0.0201,9.4848,2.500,2.500
3,no_pid,8.349,9.5476,1.1569,5.447,-5.447,1.1569,0.1337,-0.0179,9.5476,2.500,2.500
3,no_pid,8.399,9.6381,1.1667,5.110,-5.110,1.1667,0.1392,-0.0062,9.6381,2.500,2.500
3,no_pid,8.449,9.6970,1.1728,4.879,-4.879,1.1728,0.1375,-0.0087,9.6970,2.500,2.500
3,no_pid,8.500,9.7717,1.1798,4.580,-4.580,1.1798,0.1378,-0.0075,9.7717,2.500,2.500
3,no_pid,8.550,9.8360,1.1850,4.328,-4.328,1.1850,0.1345,-0.0127,9.8360,2.500,2.500
3,no_pid,8.600,9.9034,1.1893,4.086,-4.086,1.1893,0.1302,-0.0194,9.9034,2.500,2.500
3,no_pid,8.650,9.9455,1.1917,3.951,-3.951,1.1917,0.1226,-0.0314,9.9455,2.500,2.500
3,no_pid,8.701,10.0064,1.1948,3.791,-3.791,1.1948,0.1170,-0.0387,10.0064,2.500,2.500
3,no_pid,8.751,10.0623,1.1975,3.689,-3.689,1.1975,0.1113,-0.0456,10.0623,2.500,2.500
3,no_pid,8.801,10.1116,1.2002,3.640,-3.640,1.2002,0.1060,-0.0510,10.1116,2.500,2.500
3,no_pid,8.851,10.1566,1.2031,3.631,-3.631,1.2031,0.1015,-0.0545,10.1566,2.500,2.500
3,no_pid,8.902,10.1886,1.2053,3.646,-3.646,1.2053,0.0963,-0.0590,10.1886,2.500,2.500
3,no_pid,8.952,10.2417,1.2096,3.701,-3.701,1.2096,0.0953,-0.0554,10.2417,2.500,2.500
3,no_pid,9.002,10.2748,1.2128,3.752,-3.752,1.2128,0.0923,-0.0558,10.2748,2.500,2.500
3,no_pid,9.053,10.3249,1.2182,3.843,-3.843,1.2182,0.0938,-0.0480,10.3249,2.500,2.500
3,no_pid,9.103,10.3739,1.2244,3.939,-3.939,1.2244,0.0964,-0.0390,10.3739,2.500,2.500
3,no_pid,9.153,10.4065,1.2286,4.000,-4.000,1.2286,0.0953,-0.0373,10.4065,2.500,2.500
3,no_pid,9.204,10.4558,1.2351,4.081,-4.081,1.2351,0.0983,-0.0284,10.4558,2.500,2.500
3,no_pid,9.254,10.4890,1.2392,4.125,-4.125,1.2392,0.0968,-0.0286,10.4890,2.500,2.500
3,no_pid,9.304,10.5396,1.2448,4.179,-4.179,1.2448,0.0981,-0.0236,10.5396,2.500,2.500
3,no_pid,9.354,10.5739,1.2480,4.208,-4.208,1.2480,0.0951,-0.0269,10.5739,2.500,2.500
3,no_pid,9.405,10.6267,1.2522,4.246,-4.246,1.2522,0.0940,-0.0265,10.6267,2.500,2.500
3,no_pid,9.455,10.6802,1.2558,4.284,-4.284,1.2558,0.0919,-0.0280,10.6802,2.500,2.500
3,no_pid,9.505,10.7325,1.2587,4.329,-4.329,1.2587,0.0887,-0.0311,10.7325,2.500,2.500
3,no_pid,9.555,10.7660,1.2603,4.366,-4.366,1.2603,0.0836,-0.0377,10.7660,2.500,2.500
3,no_pid,9.605,10.8193,1.2626,4.436,-4.436,1.2626,0.0802,-0.0402,10.8193,2.500,2.500
3,no_pid,9.656,10.8860,1.2656,4.540,-4.540,1.2656,0.0784,-0.0399,10.8860,2.500,2.500
3,no_pid,9.706,10.9344,1.2679,4.619,-4.619,1.2679,0.0753,-0.0419,10.9344,2.500,2.500
3,no_pid,9.756,11.0141,1.2716,4.745,-4.745,1.2716,0.0751,-0.0384,11.0141,2.500,2.500
3,no_pid,9.807,11.0924,1.2752,4.855,-4.855,1.2752,0.0748,-0.0355,11.0924,2.500,2.500
3,no_pid,9.857,11.1800,1.2793,4.957,-4.957,1.2793,0.0755,-0.0310,11.1800,2.500,2.500
3,no_pid,9.907,11.2714,1.2842,5.049,-5.049,1.2842,0.0775,-0.0245,11.2714,2.500,2.500
3,no_pid,9.957,11.3425,1.2887,5.114,-5.114,1.2887,0.0787,-0.0201,11.3425,2.500,2.500
3,no_pid,10.007,11.4343,1.2959,5.183,-5.183,1.2959,0.0845,-0.0076,11.4343,2.500,2.500
3,no_pid,10.058,11.5219,1.3041,5.228,-5.228,1.3041,0.0918,0.0062,11.5219,2.500,2.500
3,no_pid,10.108,11.5879,1.3110,5.247,-5.247,1.3110,0.0959,0.0131,11.5879,2.500,2.500
3,no_pid,10.158,11.6520,1.3183,5.262,-5.262,1.3183,0.1004,0.0201,11.6520,2.500,2.500
3,no_pid,10.209,11.6878,1.3226,5.280,-5.280,1.3226,0.0989,0.0156,11.6878,2.500,2.500
3,no_pid,10.259,11.7322,1.3277,5.325,-5.325,1.3277,0.0993,0.0148,11.7322,2.500,2.500
3,no_pid,10.309,11.7738,1.3321,5.402,-5.402,1.3321,0.0982,0.0115,11.7738,2.500,2.500
3,no_pid,10.359,11.8258,1.3371,5.541,-5.541,1.3371,0.0982,0.0105,11.8258,2.500,2.500
3,no_pid,10.410,11.8605,1.3401,5.656,-5.656,1.3401,0.0947,0.0032,11.8605,2.500,2.500
3,no_pid,10.460,11.9133,1.3442,5.850,-5.850,1.3442,0.0935,0.0008,11.9133,2.500,2.500
3,no_pid,10.510,11.9706,1.3487,6.067,-6.067,1.3487,0.0931,-0.0001,11.9706,2.500,2.500
3,no_pid,10.560,12.0100,1.3520,6.213,-6.213,1.3520,0.0907,-0.0045,12.0100,2.500,2.500
3,no_pid,10.611,12.0730,1.3581,6.423,-6.423,1.3581,0.0934,0.0009,12.0730,2.500,2.500
3,no_pid,10.661,12.1210,1.3630,6.557,-6.557,1.3630,0.0939,0.0018,12.1210,2.500,2.500
3,no_pid,10.711,12.1932,1.3706,6.714,-6.714,1.3706,0.0991,0.0110,12.1932,2.500,2.500
3,no_pid,10.761,12.2731,1.3787,6.824,-6.824,1.3787,0.1048,0.0203,12.2731,2.500,2.500
3,no_pid,10.812,12.3567,1.3869,6.863,-6.863,1.3869,0.1102,0.0282,12.3567,2.500,2.500
3,no_pid,10.862,12.4613,1.3975,6.829,-6.829,1.3975,0.1193,0.0423,12.4613,2.500,2.500
3,no_pid,10.912,12.5278,1.4046,6.764,-6.764,1.4046,0.1213,0.0421,12.5278,2.500,2.500
3,no_pid,10.962,12.6233,1.4154,6.608,-6.608,1.4154,0.1298,0.0536,12.6233,2.500,2.500
3,no_pid,11.013,12.6783,1.4218,6.477,-6.477,1.4218,0.1296,0.0483,12.6783,2.500,2.500
3,no_pid,11.063,12.7480,1.4300,6.256,-6.256,1.4300,0.1327,0.0495,12.7480,2.500,2.500
3,no_pid,11.113,12.8029,1.4364,6.062,-6.062,1.4364,0.1323,0.0443,12.8029,2.500,2.500
3,no_pid,11.163,12.8438,1.4410,5.944,-5.944,1.4410,0.1284,0.0332,12.8438,2.500,2.500
3,no_pid,11.214,12.8748,1.4442,5.883,-5.883,1.4442,0.1225,0.0195,12.8748,2.500,2.500
3,no_pid,11.264,12.9194,1.4486,5.848,-5.848,1.4486,0.1194,0.0120,12.9194,2.500,2.500
3,no_pid,11.314,12.9675,1.4532,5.876,-5.876,1.4532,0.1168,0.0063,12.9675,2.500,2.500
3,no_pid,11.364,13.0179,1.4579,5.957,-5.957,1.4579,0.1148,0.0019,13.0179,2.500,2.500
3,no_pid,11.415,13.0692,1.4630,6.067,-6.067,1.4630,0.1134,-0.0007,13.0692,2.500,2.500
3,no_pid,11.465,13.1251,1.4689,6.191,-6.191,1.4689,0.1139,0.0002,13.1251,2.500,2.500
3,no_pid,11.515,13.1805,1.4752,6.299,-6.299,1.4752,0.1147,0.0018,13.1805,2.500,2.500
3,no_pid,11.566,13.2279,1.4806,6.371,-6.371,1.4806,0.1141,0.0005,13.2279,2.500,2.500
3,no_pid,11.616,13.3036,1.4893,6.437,-6.437,1.4893,0.1196,0.0104,13.3036,2.500,2.500
3,no_pid,11.666,13.3789,1.4979,6.447,-6.447,1.4979,0.1243,0.0179,13.3789,2.500,2.500
3,no_pid,11.717,13.4519,1.5058,6.421,-6.421,1.5058,0.1273,0.0218,13.4519,2.500,2.500
3,no_pid,11.767,13.5337,1.5138,6.369,-6.369,1.5138,0.1303,0.0252,13.5337,2.500,2.500
3,no_pid,11.817,13.5856,1.5183,6.330,-6.330,1.5183,0.1264,0.0159,13.5856,2.500,2.500
3,no_pid,11.867,13.6604,1.5234,6.278,-6.278,1.5234,0.1243,0.0106,13.6604,2.500,2.500
3,no_pid,11.917,13.7300,1.5268,6.247,-6.247,1.5268,0.1190,-0.0000,13.7300,2.500,2.500
3,no_pid,11.968,13.7747,1.5282,6.244,-6.244,1.5282,0.1106,-0.0152,13.7747,2.500,2.500
3,no_pid,12.018,13.8413,1.5294,6.265,-6.265,1.5294,0.1028,-0.0281,13.8413,2.500,2.500
3,no_pid,12.068,13.8861,1.5299,6.295,-6.295,1.5299,0.0943,-0.0408,13.8861,2.500,2.500
3,no_pid,12.119,13.9548,1.5307,6.360,-6.360,1.5307,0.0872,-0.0501,13.9548,2.500,2.500
3,no_pid,12.169,14.0039,1.5315,6.413,-6.413,1.5315,0.0806,-0.0575,14.0039,2.500,2.500
3,no_pid,12.219,14.0796,1.5330,6.489,-6.489,1.5330,0.0760,-0.0606,14.0796,2.500,2.500
3,no_pid,12.269,14.1677,1.5352,6.552,-6.552,1.5352,0.0730,-0.0605,14.1677,2.500,2.500
3,no_pid,12.320,14.2319,1.5368,6.573,-6.573,1.5368,0.0693,-0.0617,14.2319,2.500,2.500
3,no_pid,12.370,14.3350,1.5402,6.561,-6.561,1.5402,0.0692,-0.0563,14.3350,2.500,2.500
3,no_pid,12.420,14.4228,1.5445,6.511,-6.511,1.5445,0.0706,-0.0487,14.4228,2.500,2.500
3,no_pid,12.470,14.5198,1.5508,6.413,-6.413,1.5508,0.0756,-0.0350,14.5198,2.500,2.500
3,no_pid,12.521,14.5752,1.5553,6.333,-6.333,1.5553,0.0769,-0.0296,14.5752,2.500,2.500
3,no_pid,12.571,14.6542,1.5630,6.173,-6.173,1.5630,0.0838,-0.0143,14.6542,2.500,2.500
3,no_pid,12.621,14.7174,1.5697,6.008,-6.008,1.5697,0.0883,-0.0048,14.7174,2.500,2.500
3,no_pid,12.672,14.7698,1.5749,5.873,-5.873,1.5749,0.0898,-0.0017,14.7698,2.500,2.500
3,no_pid,12.722,14.8010,1.5777,5.809,-5.809,1.5777,0.0867,-0.0072,14.8010,2.500,2.500
3,no_pid,12.772,14.8444,1.5811,5.751,-5.751,1.5811,0.0849,-0.0097,14.8444,2.500,2.500
3,no_pid,12.822,14.8972,1.5844,5.735,-5.735,1.5844,0.0831,-0.0120,14.8972,2.500,2.500
3,no_pid,12.873,14.9340,1.5862,5.753,-5.753,1.5862,0.0789,-0.0186,14.9340,2.500,2.500
3,no_pid,12.923,14.9878,1.5886,5.813,-5.813,1.5886,0.0760,-0.0223,14.9878,2.500,2.500
3,no_pid,12.973,15.0432,1.5909,5.895,-5.895,1.5909,0.0733,-0.0250,15.0432,2.500,2.500
3,no_pid,13.023,15.0978,1.5936,5.979,-5.979,1.5936,0.0715,-0.0260,15.0978,2.500,2.500
3,no_pid,13.074,15.1463,1.5964,6.042,-6.042,1.5964,0.0700,-0.0264,15.1463,2.500,2.500
3,no_pid,13.124,15.1918,1.5991,6.084,-6.084,1.5991,0.0686,-0.0266,15.1918,2.500,2.500
3,no_pid,13.174,15.2674,1.6036,6.104,-6.104,1.6036,0.0704,-0.0209,15.2674,2.500,2.500
3,no_pid,13.225,15.3232,1.6067,6.071,-6.071,1.6067,0.0696,-0.0204,15.3232,2.500,2.500
3,no_pid,13.275,15.4136,1.6121,5.937,-5.937,1.6121,0.0729,-0.0124,15.4136,2.500,2.500
3,no_pid,13.325,15.5110,1.6190,5.706,-5.706,1.6190,0.0788,-0.0006,15.5110,2.500,2.500
3,no_pid,13.377,15.5735,1.6241,5.523,-5.523,1.6241,0.0808,0.0030,15.5735,2.500,2.500
3,no_pid,13.427,15.6645,1.6324,5.222,-5.222,1.6324,0.0884,0.0167,15.6645,2.500,2.500
3,no_pid,13.478,15.7353,1.6390,4.958,-4.958,1.6390,0.0924,0.0223,15.7353,2.500,2.500
3,no_pid,13.530,15.8110,1.6461,4.639,-4.639,1.6461,0.0965,0.0276,15.8110,2.500,2.500
3,no_pid,13.581,15.8660,1.6510,4.381,-4.381,1.6510,0.0964,0.0248,15.8660,2.500,2.500
3,no_pid,13.633,15.9376,1.6570,4.020,-4.020,1.6570,0.0982,0.0258,15.9376,2.500,2.500
3,no_pid,13.683,16.0072,1.6621,3.659,-3.659,1.6621,0.0984,0.0239,16.0072,2.500,2.500
3,no_pid,13.735,16.0524,1.6649,3.428,-3.428,1.6649,0.0943,0.0142,16.0524,2.500,2.500
3,no_pid,13.785,16.1178,1.6683,3.105,-3.105,1.6683,0.0918,0.0083,16.1178,2.500,2.500
3,no_pid,13.836,16.1794,1.6706,2.820,-2.820,1.6706,0.0876,-0.0001,16.1794,2.500,2.500
3,no_pid,13.886,16.2172,1.6715,2.659,-2.659,1.6715,0.0813,-0.0115,16.2172,2.500,2.500
3,no_pid,13.937,16.2741,1.6722,2.444,-2.444,1.6722,0.0751,-0.0218,16.2741,2.500,2.500
3,no_pid,13.988,16.3098,1.6721,2.331,-2.331,1.6721,0.0680,-0.0327,16.3098,2.500,2.500
3,no_pid,14.038,16.3617,1.6712,2.201,-2.201,1.6712,0.0602,-0.0437,16.3617,2.500,2.500
3,no_pid,14.089,16.3965,1.6703,2.140,-2.140,1.6703,0.0530,-0.0528,16.3965,2.500,2.500
3,no_pid,14.139,16.4455,1.6688,2.090,-2.090,1.6688,0.0453,-0.0619,16.4455,2.500,2.500
3,no_pid,14.190,16.4949,1.6672,2.081,-2.081,1.6672,0.0384,-0.0689,16.4949,2.500,2.500
3,no_pid,14.240,16.5250,1.6665,2.096,-2.096,1.6665,0.0335,-0.0713,16.5250,2.500,2.500
3,no_pid,14.291,16.5693,1.6659,2.140,-2.140,1.6659,0.0294,-0.0724,16.5693,2.500,2.500
3,no_pid,14.342,16.6128,1.6660,2.202,-2.202,1.6660,0.0268,-0.0704,16.6128,2.500,2.500
3,no_pid,14.392,16.6662,1.6668,2.279,-2.279,1.6668,0.0257,-0.0658,16.6662,2.500,2.500
3,no_pid,14.443,16.7033,1.6675,2.319,-2.319,1.6675,0.0248,-0.0615,16.7033,2.500,2.500
3,no_pid,14.493,16.7615,1.6688,2.341,-2.341,1.6688,0.0249,-0.0558,16.7615,2.500,2.500
3,no_pid,14.543,16.8261,1.6700,2.292,-2.292,1.6700,0.0248,-0.0507,16.8261,2.500,2.500
3,no_pid,14.594,16.8712,1.6707,2.212,-2.212,1.6707,0.0238,-0.0480,16.8712,2.500,2.500
3,no_pid,14.644,16.9488,1.6718,1.995,-1.995,1.6718,0.0235,-0.0440,16.9488,2.500,2.500
3,no_pid,14.694,17.0060,1.6726,1.776,-1.776,1.6726,0.0228,-0.0413,17.0060,2.500,2.500
3,no_pid,14.745,17.0998,1.6742,1.319,-1.319,1.6742,0.0237,-0.0360,17.0998,2.500,2.500
3,no_pid,14.795,17.1676,1.6756,0.939,-0.939,1.6756,0.0241,-0.0319,17.1676,2.500,2.500
3,no_pid,14.846,17.2722,1.6777,0.306,-0.306,1.6777,0.0256,-0.0261,17.2722,2.500,2.500
3,no_pid,14.897,17.3577,1.6786,-0.246,0.246,1.6786,0.0249,-0.0250,17.3577,2.500,2.500
3,no_pid,14.947,17.4444,1.6781,-0.847,0.847,1.6781,0.0218,-0.0284,17.4444,2.500,2.500
3,no_pid,14.998,17.5260,1.6758,-1.480,1.480,1.6758,0.0156,-0.0371,17.5260,2.500,2.500
3,no_pid,15.048,17.5699,1.6735,-1.851,1.851,1.6735,0.0100,-0.0439,17.5699,2.500,2.500
3,no_pid,15.099,17.6253,1.6688,-2.325,2.325,1.6688,0.0004,-0.0572,17.6253,2.500,2.500
3,no_pid,15.149,17.6576,1.6648,-2.567,2.567,1.6648,-0.0068,-0.0650,17.6576,2.500,2.500
3,no_pid,15.201,17.7044,1.6580,-2.823,2.823,1.6580,-0.0186,-0.0804,17.7044,2.500,2.500
3,no_pid,15.252,17.7538,1.6503,-2.960,2.960,1.6503,-0.0307,-0.0950,17.7538,2.500,2.500
3,no_pid,15.303,17.7858,1.6455,-2.985,2.985,1.6455,-0.0366,-0.0968,17.7858,2.500,2.500
3,no_pid,15.354,17.8316,1.6391,-2.955,2.955,1.6391,-0.0449,-0.1028,17.8316,2.500,2.500
3,no_pid,15.405,17.8754,1.6338,-2.872,2.872,1.6338,-0.0503,-0.1031,17.8754,2.500,2.500
3,no_pid,15.457,17.9311,1.6282,-2.718,2.718,1.6282,-0.0557,-0.1034,17.9311,2.500,2.500
3,no_pid,15.508,17.9683,1.6250,-2.603,2.603,1.6250,-0.0564,-0.0950,17.9683,2.500,2.500
3,no_pid,15.558,18.0247,1.6204,-2.435,2.435,1.6204,-0.0595,-0.0919,18.0247,2.500,2.500
3,no_pid,15.609,18.0828,1.6159,-2.298,2.298,1.6159,-0.0624,-0.0888,18.0828,2.500,2.500
3,no_pid,15.660,18.1423,1.6111,-2.216,2.216,1.6111,-0.0653,-0.0858,18.1423,2.500,2.500
3,no_pid,15.711,18.1981,1.6064,-2.204,2.204,1.6064,-0.0676,-0.0820,18.1981,2.500,2.500
3,no_pid,15.762,18.2708,1.6004,-2.294,2.294,1.6004,-0.0722,-0.0827,18.2708,2.500,2.500
3,no_pid,15.814,18.3224,1.5965,-2.433,2.433,1.5965,-0.0727,-0.0759,18.3224,2.500,2.500
3,no_pid,15.864,18.4004,1.5916,-2.750,2.750,1.5916,-0.0750,-0.0731,18.4004,2.500,2.500
3,no_pid,15.915,18.4507,1.5891,-3.010,3.010,1.5891,-0.0725,-0.0617,18.4507,2.500,2.500
3,no_pid,15.966,18.5211,1.5861,-3.433,3.433,1.5861,-0.0712,-0.0538,18.5211,2.500,2.500
3,no_pid,16.017,18.5847,1.5834,-3.866,3.866,1.5834,-0.0696,-0.0459,18.5847,2.500,2.500
3,no_pid,16.067,18.6243,1.5814,-4.149,4.149,1.5814,-0.0669,-0.0367,18.6243,2.500,2.500
3,no_pid,16.119,18.6833,1.5775,-4.565,4.565,1.5775,-0.0677,-0.0347,18.6833,2.500,2.500
3,no_pid,16.170,18.7224,1.5744,-4.825,4.825,1.5744,-0.0670,-0.0304,18.7224,2.500,2.500
3,no_pid,16.221,18.7832,1.5690,-5.188,5.188,1.5690,-0.0705,-0.0339,18.7832,2.500,2.500
3,no_pid,16.272,18.8544,1.5629,-5.545,5.545,1.5629,-0.0750,-0.0390,18.8544,2.500,2.500
3,no_pid,16.323,18.9051,1.5586,-5.765,5.765,1.5586,-0.0759,-0.0369,18.9051,2.500,2.500
3,no_pid,16.374,18.9910,1.5512,-6.097,6.097,1.5512,-0.0824,-0.0453,18.9910,2.500,2.500
3,pid_xte,0.000,0.3540,0.0210,0.414,-0.414,0.0210,0.0000,0.0000,0.3540,6.000,0.000
3,pid_xte,0.050,0.3862,0.0204,0.468,-0.468,0.0204,-0.0011,-0.0019,0.3862,2.566,2.434
3,pid_xte,0.101,0.4158,0.0198,0.475,-0.475,0.0198,-0.0021,-0.0036,0.4158,2.546,2.454
3,pid_xte,0.151,0.4682,0.0185,0.462,-0.462,0.0185,-0.0043,-0.0072,0.4682,2.533,2.467
3,pid_xte,0.202,0.5239,0.0171,0.416,-0.416,0.0171,-0.0064,-0.0104,0.5239,2.513,2.487
3,pid_xte,0.252,0.5838,0.0161,0.336,-0.336,0.0161,-0.0075,-0.0116,0.5838,2.493,2.507
3,pid_xte,0.302,0.6320,0.0161,0.247,-0.247,0.0161,-0.0070,-0.0095,0.6320,2.485,2.515
3,pid_xte,0.353,0.6997,0.0176,0.069,-0.069,0.0176,-0.0035,-0.0023,0.6997,2.444,2.556
3,pid_xte,0.403,0.7575,0.0215,-0.150,0.150,0.0215,0.0038,0.0112,0.7575,2.427,2.573
3,pid_xte,0.454,0.8004,0.0264,-0.353,0.353,0.0264,0.0125,0.0258,0.8004,2.437,2.563
3,pid_xte,0.505,0.8460,0.0336,-0.586,0.586,0.0336,0.0243,0.0450,0.8460,2.431,2.569
3,pid_xte,0.556,0.8750,0.0388,-0.726,0.726,0.0388,0.0314,0.0537,0.8750,2.474,2.526
3,pid_xte,0.606,0.9222,0.0472,-0.920,0.920,0.0472,0.0439,0.0713,0.9222,2.463,2.537
3,pid_xte,0.657,0.9691,0.0546,-1.057,1.057,0.0546,0.0532,0.0818,0.9691,2.496,2.504
3,pid_xte,0.708,1.0121,0.0596,-1.130,1.130,0.0596,0.0574,0.0817,1.0121,2.528,2.472
3,pid_xte,0.759,1.0555,0.0626,-1.160,1.160,0.0626,0.0575,0.0745,1.0555,2.547,2.453
3,pid_xte,0.809,1.0910,0.0640,-1.159,1.159,0.0640,0.0549,0.0628,1.0910,2.558,2.442
3,pid_xte,0.860,1.1405,0.0654,-1.132,1.132,0.0654,0.0524,0.0526,1.1405,2.570,2.430
3,pid_xte,0.910,1.1916,0.0669,-1.083,1.083,0.0669,0.0503,0.0440,1.1916,2.581,2.419
3,pid_xte,0.961,1.2546,0.0688,-1.002,1.002,0.0688,0.0492,0.0379,1.2546,2.599,2.401
3,pid_xte,1.011,1.3298,0.0709,-0.883,0.883,0.0709,0.0485,0.0332,1.3298,2.623,2.377
3,pid_xte,1.062,1.3821,0.0722,-0.782,0.782,0.0722,0.0463,0.0262,1.3821,2.619,2.381
3,pid_xte,1.112,1.4576,0.0737,-0.606,0.606,0.0737,0.0448,0.0210,1.4576,2.660,2.340
3,pid_xte,1.162,1.5282,0.0746,-0.411,0.411,0.0746,0.0424,0.0148,1.5282,2.677,2.323
3,pid_xte,1.213,1.6115,0.0751,-0.153,0.153,0.0751,0.0394,0.0080,1.6115,2.714,2.286
3,pid_xte,1.263,1.6745,0.0749,0.048,-0.048,0.0749,0.0354,-0.0001,1.6745,2.696,2.304
3,pid_xte,1.314,1.7717,0.0732,0.311,-0.311,0.0732,0.0292,-0.0113,1.7717,2.728,2.272
3,pid_xte,1.364,1.8724,0.0726,0.490,-0.490,0.0726,0.0253,-0.0174,1.8724,2.698,2.302
3,pid_xte,1.415,1.9633,0.0747,0.559,-0.559,0.0747,0.0268,-0.0130,1.9633,2.659,2.341
3,pid_xte,1.465,2.0303,0.0791,0.527,-0.527,0.0791,0.0324,-0.0016,2.0303,2.626,2.374
3,pid_xte,1.516,2.0802,0.0849,0.431,-0.431,0.0849,0.0399,0.0122,2.0802,2.607,2.393
3,pid_xte,1.566,2.1409,0.0974,0.171,-0.171,0.0974,0.0590,0.0458,2.1409,2.558,2.442
3,pid_xte,1.617,2.1713,0.1080,-0.056,0.056,0.1080,0.0728,0.0665,2.1713,2.584,2.416
3,pid_xte,1.667,2.2092,0.1267,-0.462,0.462,0.1267,0.1001,0.1100,2.2092,2.535,2.465
3,pid_xte,1.718,2.2371,0.1437,-0.841,0.841,0.1437,0.1219,0.1395,2.2371,2.564,2.436
3,pid_xte,1.768,2.2709,0.1650,-1.333,1.333,0.1650,0.1492,0.1762,2.2709,2.541,2.459
3,pid_xte,1.819,2.3090,0.1870,-1.868,1.868,0.1870,0.1755,0.2079,2.3090,2.544,2.456
3,pid_xte,1.870,2.3461,0.2062,-2.351,2.351,0.2062,0.1940,0.2223,2.3461,2.578,2.422
3,pid_xte,1.920,2.3868,0.2245,-2.837,2.837,0.2245,0.2098,0.2306,2.3868,2.583,2.417
3,pid_xte,1.971,2.4128,0.2347,-3.116,3.116,0.2347,0.2090,0.2081,2.4128,2.664,2.336
3,pid_xte,2.021,2.4585,0.2489,-3.535,3.535,0.2489,0.2156,0.2011,2.4585,2.605,2.395
3,pid_xte,2.071,2.5097,0.2591,-3.893,3.893,0.2591,0.2146,0.1808,2.5097,2.621,2.379
3,pid_xte,2.121,2.5451,0.2633,-4.078,4.078,0.2633,0.2026,0.1426,2.5451,2.675,2.325
3,pid_xte,2.172,2.6006,0.2671,-4.290,4.290,0.2671,0.1909,0.1082,2.6006,2.645,2.355
3,pid_xte,2.222,2.6412,0.2688,-4.401,4.401,0.2688,0.1765,0.0721,2.6412,2.669,2.331
3,pid_xte,2.273,2.7090,0.2709,-4.527,4.527,0.2709,0.1640,0.0428,2.7090,2.646,2.354
3,pid_xte,2.323,2.7577,0.2718,-4.587,4.587,0.2718,0.1508,0.0148,2.7577,2.657,2.343
3,pid_xte,2.374,2.8350,0.2727,-4.646,4.646,0.2727,0.1385,-0.0088,2.8350,2.644,2.356
3,pid_xte,2.424,2.9200,0.2732,-4.666,4.666,0.2732,0.1267,-0.0295,2.9200,2.647,2.353
3,pid_xte,2.475,2.9759,0.2731,-4.656,4.656,0.2731,0.1150,-0.0481,2.9759,2.648,2.352
3,pid_xte,2.525,3.0658,0.2722,-4.614,4.614,0.2722,0.1028,-0.0657,3.0658,2.651,2.349
3,pid_xte,2.575,3.1282,0.2708,-4.582,4.582,0.2708,0.0909,-0.0814,3.1282,2.635,2.365
3,pid_xte,2.626,3.2252,0.2682,-4.576,4.576,0.2682,0.0778,-0.0977,3.2252,2.609,2.391
3,pid_xte,2.677,3.2906,0.2668,-4.607,4.607,0.2668,0.0681,-0.1063,3.2906,2.581,2.419
3,pid_xte,2.727,3.3838,0.2661,-4.722,4.722,0.2661,0.0606,-0.1102,3.3838,2.532,2.468
3,pid_xte,2.777,3.4652,0.2676,-4.937,4.937,0.2676,0.0577,-0.1053,3.4652,2.478,2.522
3,pid_xte,2.828,3.5087,0.2696,-5.120,5.120,0.2696,0.0561,-0.0985,3.5087,2.482,2.518
3,pid_xte,2.878,3.5669,0.2743,-5.459,5.459,0.2743,0.0594,-0.0835,3.5669,2.407,2.593
3,pid_xte,2.929,3.6022,0.2781,-5.710,5.710,0.2781,0.0609,-0.0731,3.6022,2.436,2.564
3,pid_xte,2.979,3.6531,0.2840,-6.096,6.096,0.2840,0.0660,-0.0573,3.6531,2.370,2.630
3,pid_xte,3.029,3.7025,0.2888,-6.459,6.459,0.2888,0.0687,-0.0471,3.7025,2.369,2.631
3,pid_xte,3.080,3.7428,0.2913,-6.721,6.721,0.2913,0.0669,-0.0460,3.7428,2.398,2.602
3,pid_xte,3.131,3.7877,0.2918,-6.960,6.960,0.2918,0.0618,-0.0511,3.7877,2.390,2.610
3,pid_xte,3.181,3.8197,0.2907,-7.094,7.094,0.2907,0.0540,-0.0606,3.8197,2.418,2.582
3,pid_xte,3.231,3.8635,0.2870,-7.229,7.229,0.2870,0.0424,-0.0762,3.8635,2.395,2.605
3,pid_xte,3.282,3.9049,0.2818,-7.313,7.313,0.2818,0.0291,-0.0933,3.9049,2.393,2.607
3,pid_xte,3.332,3.9539,0.2750,-7.376,7.376,0.2750,0.0141,-0.1120,3.9539,2.377,2.623
3,pid_xte,3.382,3.9886,0.2702,-7.403,7.403,0.2702,0.0041,-0.1199,3.9886,2.375,2.625
3,pid_xte,3.433,4.0415,0.2631,-7.425,7.425,0.2631,-0.0093,-0.1333,4.0415,2.356,2.644
3,pid_xte,3.483,4.0774,0.2583,-7.428,7.428,0.2583,-0.0171,-0.1353,4.0774,2.351,2.649
3,pid_xte,3.534,4.1324,0.2511,-7.421,7.421,0.2511,-0.0287,-0.1440,4.1324,2.337,2.663
3,pid_xte,3.584,4.1712,0.2461,-7.413,7.413,0.2461,-0.0351,-0.1423,4.1712,2.326,2.674
3,pid_xte,3.634,4.2291,0.2390,-7.407,7.407,0.2390,-0.0448,-0.1470,4.2291,2.309,2.691
3,pid_xte,3.685,4.2706,0.2340,-7.411,7.411,0.2340,-0.0498,-0.1427,4.2706,2.294,2.706
3,pid_xte,3.735,4.3376,0.2258,-7.438,7.438,0.2258,-0.0600,-0.1481,4.3376,2.265,2.735
3,pid_xte,3.786,4.4128,0.2167,-7.498,7.498,0.2167,-0.0711,-0.1548,4.4128,2.228,2.772
3,pid_xte,3.836,4.4681,0.2100,-7.558,7.558,0.2100,-0.0768,-0.1509,4.4681,2.212,2.788
3,pid_xte,3.886,4.5610,0.1991,-7.685,7.685,0.1991,-0.0895,-0.1602,4.5610,2.155,2.845
3,pid_xte,3.937,4.6253,0.1919,-7.777,7.777,0.1919,-0.0944,-0.1544,4.6253,2.152,2.848
3,pid_xte,3.987,4.7315,0.1804,-7.919,7.919,0.1804,-0.1067,-0.1626,4.7315,2.100,2.900
3,pid_xte,4.037,4.8419,0.1682,-8.045,8.045,0.1682,-0.1190,-0.1702,4.8419,2.075,2.925
3,pid_xte,4.088,4.9163,0.1597,-8.111,8.111,0.1597,-0.1236,-0.1629,4.9163,2.084,2.916
3,pid_xte,4.138,5.0144,0.1481,-8.162,8.162,0.1481,-0.1334,-0.1658,5.0144,2.066,2.934
3,pid_xte,4.189,5.0712,0.1410,-8.162,8.162,0.1410,-0.1340,-0.1517,5.0712,2.080,2.920
3,pid_xte,4.239,5.1379,0.1321,-8.102,8.102,0.1321,-0.1379,-0.1449,5.1379,2.095,2.905
3,pid_xte,4.290,5.1871,0.1255,-7.994,7.994,0.1255,-0.1374,-0.1307,5.1871,2.114,2.886
3,pid_xte,4.340,5.2277,0.1202,-7.860,7.860,0.1202,-0.1344,-0.1132,5.2277,2.130,2.870
3,pid_xte,4.390,5.2577,0.1166,-7.739,7.739,0.1166,-0.1287,-0.0925,5.2577,2.133,2.867
3,pid_xte,4.441,5.3054,0.1114,-7.516,7.516,0.1114,-0.1263,-0.0797,5.3054,2.184,2.816
3,pid_xte,4.491,5.3525,0.1070,-7.265,7.265,0.1070,-0.1227,-0.0659,5.3525,2.208,2.792
3,pid_xte,4.541,5.3923,0.1037,-7.030,7.030,0.1037,-0.1174,-0.0503,5.3923,2.216,2.784
3,pid_xte,4.592,5.4375,0.1003,-6.737,6.737,0.1003,-0.1129,-0.0374,5.4375,2.256,2.744
3,pid_xte,4.642,5.4687,0.0980,-6.522,6.522,0.0980,-0.1067,-0.0228,5.4687,2.239,2.761
3,pid_xte,4.693,5.5167,0.0945,-6.172,6.172,0.0945,-0.1033,-0.0145,5.5167,2.314,2.686
3,pid_xte,4.743,5.5552,0.0917,-5.880,5.880,0.0917,-0.0990,-0.0054,5.5552,2.306,2.694
3,pid_xte,4.793,5.6034,0.0882,-5.517,5.517,0.0882,-0.0963,0.0000,5.6034,2.354,2.646
3,pid_xte,4.844,5.6382,0.0858,-5.261,5.261,0.0858,-0.0919,0.0081,5.6382,2.325,2.675
3,pid_xte,4.894,5.6912,0.0823,-4.891,4.891,0.0823,-0.0898,0.0112,5.6912,2.391,2.609
3,pid_xte,4.944,5.7479,0.0789,-4.518,4.518,0.0789,-0.0878,0.0138,5.7479,2.410,2.590
3,pid_xte,4.995,5.7880,0.0767,-4.272,4.272,0.0767,-0.0838,0.0197,5.7880,2.372,2.628
3,pid_xte,5.045,5.8515,0.0735,-3.911,3.911,0.0735,-0.0819,0.0214,5.8515,2.437,2.563
3,pid_xte,5.095,5.9077,0.0710,-3.620,3.620,0.0710,-0.0789,0.0249,5.9077,2.424,2.576
3,pid_xte,5.146,5.9814,0.0681,-3.279,3.279,0.0681,-0.0769,0.0262,5.9814,2.462,2.538
3,pid_xte,5.196,6.0387,0.0660,-3.043,3.043,0.0660,-0.0737,0.0297,6.0387,2.431,2.569
3,pid_xte,5.246,6.1365,0.0627,-2.696,2.696,0.0627,-0.0731,0.0281,6.1365,2.493,2.507
3,pid_xte,5.297,6.2072,0.0605,-2.480,2.480,0.0605,-0.0703,0.0306,6.2072,2.451,2.549
3,pid_xte,5.347,6.3195,0.0580,-2.178,2.178,0.0580,-0.0685,0.0310,6.3195,2.501,2.499
3,pid_xte,5.397,6.3968,0.0569,-1.992,1.992,0.0569,-0.0641,0.0361,6.3968,2.466,2.534
3,pid_xte,5.447,6.5050,0.0566,-1.752,1.752,0.0566,-0.0589,0.0423,6.5050,2.505,2.495
3,pid_xte,5.498,6.5893,0.0571,-1.571,1.571,0.0571,-0.0526,0.0500,6.5893,2.498,2.502
3,pid_xte,5.548,6.6754,0.0583,-1.377,1.377,0.0583,-0.0456,0.0581,6.6754,2.522,2.478
3,pid_xte,5.598,6.7458,0.0602,-1.198,1.198,0.0602,-0.0380,0.0666,6.7458,2.534,2.466
3,pid_xte,5.649,6.7966,0.0625,-1.045,1.045,0.0625,-0.0303,0.0744,6.7966,2.541,2.459
3,pid_xte,5.699,6.8429,0.0654,-0.875,0.875,0.0654,-0.0224,0.0821,6.8429,2.568,2.432
3,pid_xte,5.749,6.8760,0.0676,-0.734,0.734,0.0676,-0.0163,0.0857,6.8760,2.572,2.428
3,pid_xte,5.800,6.9254,0.0706,-0.483,0.483,0.0706,-0.0092,0.0906,6.9254,2.641,2.359
3,pid_xte,5.850,6.9574,0.0721,-0.294,0.294,0.0721,-0.0057,0.0888,6.9574,2.630,2.370
3,pid_xte,5.900,6.9992,0.0734,-0.023,0.023,0.0734,-0.0029,0.0857,6.9992,2.682,2.318
3,pid_xte,5.951,7.0461,0.0742,0.299,-0.299,0.0742,-0.0012,0.0809,7.0461,2.723,2.277
3,pid_xte,6.001,7.0880,0.0748,0.586,-0.586,0.0748,0.0001,0.0759,7.0880,2.725,2.275
3,pid_xte,6.051,7.1402,0.0760,0.931,-0.931,0.0760,0.0022,0.0728,7.1402,2.770,2.230
3,pid_xte,6.101,7.1743,0.0770,1.146,-1.146,0.0770,0.0038,0.0691,7.1743,2.730,2.270
3,pid_xte,6.152,7.2291,0.0790,1.471,-1.471,0.0790,0.0071,0.0688,7.2291,2.799,2.201
3,pid_xte,6.202,7.2675,0.0806,1.684,-1.684,0.0806,0.0095,0.0667,7.2675,2.767,2.233
3,pid_xte,6.252,7.3284,0.0835,1.995,-1.995,0.0835,0.0138,0.0686,7.3284,2.831,2.169
3,pid_xte,6.303,7.3721,0.0857,2.197,-2.197,0.0857,0.0166,0.0673,7.3721,2.801,2.199
3,pid_xte,6.353,7.4438,0.0894,2.490,-2.490,0.0894,0.0218,0.0706,7.4438,2.864,2.136
3,pid_xte,6.403,7.5251,0.0935,2.771,-2.771,0.0935,0.0272,0.0739,7.5251,2.883,2.117
3,pid_xte,6.453,7.5814,0.0961,2.927,-2.927,0.0961,0.0294,0.0713,7.5814,2.844,2.156
3,pid_xte,6.504,7.6674,0.1001,3.111,-3.111,0.1001,0.0340,0.0732,7.6674,2.874,2.126
3,pid_xte,6.554,7.7453,0.1043,3.230,-3.230,0.1043,0.0385,0.0746,7.7453,2.861,2.139
3,pid_xte,6.604,7.8360,0.1101,3.310,-3.310,0.1101,0.0456,0.0807,7.8360,2.863,2.137
3,pid_xte,6.655,7.8974,0.1148,3.327,-3.327,0.1148,0.0500,0.0813,7.8974,2.846,2.154
3,pid_xte,6.705,7.9776,0.1220,3.298,-3.298,0.1220,0.0585,0.0894,7.9776,2.841,2.159
3,pid_xte,6.755,8.0382,0.1284,3.229,-3.229,0.1284,0.0647,0.0925,8.0382,2.834,2.166
3,pid_xte,6.805,8.1063,0.1361,3.102,-3.102,0.1361,0.0729,0.0989,8.1063,2.819,2.181
3,pid_xte,6.856,8.1494,0.1411,2.998,-2.998,0.1411,0.0752,0.0941,8.1494,2.830,2.170
3,pid_xte,6.906,8.2135,0.1480,2.819,-2.819,0.1480,0.0809,0.0959,8.2135,2.802,2.198
3,pid_xte,6.956,8.2555,0.1520,2.695,-2.695,0.1520,0.0808,0.0868,8.2555,2.822,2.178
3,pid_xte,7.007,8.3161,0.1567,2.519,-2.519,0.1567,0.0820,0.0812,8.3161,2.797,2.203
3,pid_xte,7.057,8.3713,0.1601,2.366,-2.366,0.1601,0.0806,0.0711,8.3713,2.801,2.199
3,pid_xte,7.107,8.4259,0.1626,2.226,-2.226,0.1626,0.0778,0.0596,8.4259,2.798,2.202
3,pid_xte,7.157,8.4694,0.1642,2.122,-2.122,0.1642,0.0735,0.0463,8.4694,2.805,2.195
3,pid_xte,7.208,8.5359,0.1661,1.974,-1.974,0.1661,0.0704,0.0364,8.5359,2.778,2.222
3,pid_xte,7.258,8.5785,0.1672,1.884,-1.884,0.1672,0.0659,0.0249,8.5785,2.794,2.206
3,pid_xte,7.308,8.6391,0.1686,1.757,-1.757,0.1686,0.0624,0.0162,8.6391,2.770,2.230
3,pid_xte,7.358,8.6991,0.1698,1.626,-1.626,0.1698,0.0590,0.0086,8.6991,2.760,2.240
3,pid_xte,7.409,8.7367,0.1706,1.540,-1.540,0.1706,0.0550,0.0006,8.7367,2.770,2.230
3,pid_xte,7.459,8.7724,0.1714,1.454,-1.454,0.1714,0.0513,-0.0062,8.7724,2.763,2.237
3,pid_xte,7.509,8.8234,0.1724,1.323,-1.323,0.1724,0.0486,-0.0106,8.8234,2.736,2.264
3,pid_xte,7.560,8.8624,0.1732,1.216,-1.216,0.1732,0.0456,-0.0151,8.8624,2.738,2.262
3,pid_xte,7.610,8.9174,0.1742,1.057,-1.057,0.1742,0.0432,-0.0180,8.9174,2.706,2.294
3,pid_xte,7.660,8.9714,0.1750,0.893,-0.893,0.1750,0.0408,-0.0208,8.9714,2.694,2.306
3,pid_xte,7.711,9.0092,0.1755,0.775,-0.775,0.1755,0.0379,-0.0242,9.0092,2.705,2.295
3,pid_xte,7.761,9.0696,0.1760,0.584,-0.584,0.1760,0.0353,-0.0267,9.0696,2.662,2.338
3,pid_xte,7.811,9.1119,0.1762,0.453,-0.453,0.1762,0.0325,-0.0294,9.1119,2.678,2.322
3,pid_xte,7.861,9.1803,0.1765,0.253,-0.253,0.1765,0.0301,-0.0309,9.1803,2.637,2.363
3,pid_xte,7.912,9.2620,0.1770,0.036,-0.036,0.1770,0.0283,-0.0314,9.2620,2.617,2.383
3,pid_xte,7.962,9.3213,0.1774,-0.112,0.112,0.1774,0.0263,-0.0322,9.3213,2.636,2.364
3,pid_xte,8.012,9.4165,0.1778,-0.344,0.344,0.1778,0.0246,-0.0323,9.4165,2.587,2.413
3,pid_xte,8.062,9.4858,0.1780,-0.521,0.521,0.1780,0.0228,-0.0327,9.4858,2.600,2.400
3,pid_xte,8.113,9.5935,0.1785,-0.814,0.814,0.1785,0.0216,-0.0318,9.5935,2.535,2.465
3,pid_xte,8.163,9.6633,0.1789,-1.027,1.027,0.1789,0.0204,-0.0311,9.6633,2.557,2.443
3,pid_xte,8.213,9.7561,0.1796,-1.374,1.374,0.1796,0.0197,-0.0295,9.7561,2.483,2.517
3,pid_xte,8.264,9.8206,0.1805,-1.703,1.703,0.1805,0.0196,-0.0269,9.8206,2.474,2.526
3,pid_xte,8.314,9.8714,0.1823,-2.038,2.038,0.1823,0.0210,-0.0219,9.8714,2.457,2.543
3,pid_xte,8.364,9.9010,0.1839,-2.258,2.258,0.1839,0.0220,-0.0182,9.9010,2.496,2.504
3,pid_xte,8.415,9.9476,0.1868,-2.604,2.604,0.1868,0.0254,-0.0104,9.9476,2.432,2.568
3,pid_xte,8.465,9.9945,0.1896,-2.918,2.918,0.1896,0.0281,-0.0046,9.9945,2.434,2.566
3,pid_xte,8.515,10.0260,0.1909,-3.099,3.099,0.1909,0.0279,-0.0045,10.0260,2.481,2.519
3,pid_xte,8.565,10.0743,0.1915,-3.329,3.329,0.1915,0.0265,-0.0066,10.0743,2.448,2.552
3,pid_xte,8.616,10.1076,0.1910,-3.459,3.459,0.1910,0.0230,-0.0123,10.1076,2.479,2.521
3,pid_xte,8.666,10.1592,0.1891,-3.621,3.621,0.1891,0.0175,-0.0212,10.1592,2.449,2.551
3,pid_xte,8.716,10.1951,0.1874,-3.712,3.712,0.1874,0.0129,-0.0276,10.1951,2.468,2.532
3,pid_xte,8.767,10.2519,0.1849,-3.827,3.827,0.1849,0.0072,-0.0355,10.2519,2.444,2.556
3,pid_xte,8.817,10.3146,0.1825,-3.921,3.921,0.1825,0.0021,-0.0415,10.3146,2.440,2.560
3,pid_xte,8.867,10.3608,0.1807,-3.971,3.971,0.1807,-0.0013,-0.0439,10.3608,2.451,2.549
3,pid_xte,8.917,10.4344,0.1779,-4.022,4.022,0.1779,-0.0064,-0.0491,10.4344,2.439,2.561
3,pid_xte,8.968,10.5000,0.1751,-4.042,4.042,0.1751,-0.0108,-0.0526,10.5000,2.445,2.555
3,pid_xte,9.018,10.5781,0.1715,-4.039,4.039,0.1715,-0.0164,-0.0580,10.5781,2.445,2.555
3,pid_xte,9.069,10.6328,0.1686,-4.029,4.029,0.1686,-0.0202,-0.0596,10.6328,2.442,2.558
3,pid_xte,9.119,10.7247,0.1627,-4.035,4.035,0.1627,-0.0290,-0.0701,10.7247,2.420,2.580
3,pid_xte,9.169,10.8091,0.1574,-4.090,4.090,0.1574,-0.0359,-0.0763,10.8091,2.384,2.616
3,pid_xte,9.219,10.8988,0.1532,-4.216,4.216,0.1532,-0.0402,-0.0772,10.8988,2.340,2.660
3,pid_xte,9.270,10.9525,0.1520,-4.342,4.342,0.1520,-0.0388,-0.0675,10.9525,2.334,2.666
3,pid_xte,9.320,11.0271,0.1529,-4.619,4.619,0.1529,-0.0336,-0.0519,11.0271,2.262,2.738
3,pid_xte,9.370,11.0873,0.1567,-4.970,4.970,0.1567,-0.0236,-0.0290,11.0873,2.227,2.773
3,pid_xte,9.421,11.1242,0.1605,-5.236,5.236,0.1605,-0.0146,-0.0099,11.1242,2.261,2.739
3,pid_xte,9.471,11.1750,0.1666,-5.631,5.631,0.1666,-0.0023,0.0134,11.1750,2.205,2.795
3,pid_xte,9.521,11.2100,0.1704,-5.896,5.896,0.1704,0.0050,0.0253,11.2100,2.256,2.744
3,pid_xte,9.572,11.2652,0.1749,-6.279,6.279,0.1749,0.0126,0.0368,11.2652,2.200,2.800
3,pid_xte,9.622,11.3013,0.1764,-6.499,6.499,0.1764,0.0141,0.0363,11.3013,2.259,2.741
3,pid_xte,9.672,11.3586,0.1763,-6.789,6.789,0.1763,0.0127,0.0303,11.3586,2.212,2.788
3,pid_xte,9.722,11.4176,0.1732,-7.010,7.010,0.1732,0.0060,0.0154,11.4176,2.220,2.780
3,pid_xte,9.773,11.4708,0.1682,-7.142,7.142,0.1682,-0.0036,-0.0034,11.4708,2.236,2.764
3,pid_xte,9.823,11.5204,0.1623,-7.213,7.213,0.1623,-0.0141,-0.0222,11.5204,2.241,2.759
3,pid_xte,9.873,11.5760,0.1550,-7.242,7.242,0.1550,-0.0261,-0.0420,11.5760,2.238,2.762
3,pid_xte,9.923,11.6332,0.1474,-7.226,7.226,0.1474,-0.0375,-0.0588,11.6332,2.238,2.762
3,pid_xte,9.974,11.6708,0.1425,-7.195,7.195,0.1425,-0.0430,-0.0634,11.6708,2.236,2.764
3,pid_xte,10.024,11.7370,0.1341,-7.115,7.115,0.1341,-0.0544,-0.0784,11.7370,2.241,2.759
3,pid_xte,10.074,11.8053,0.1257,-7.012,7.012,0.1257,-0.0646,-0.0899,11.8053,2.237,2.763
3,pid_xte,10.124,11.8504,0.1204,-6.937,6.937,0.1204,-0.0684,-0.0884,11.8504,2.220,2.780
3,pid_xte,10.175,11.9162,0.1131,-6.821,6.821,0.1131,-0.0753,-0.0930,11.9162,2.229,2.771
3,pid_xte,10.225,11.9587,0.1088,-6.745,6.745,0.1088,-0.0762,-0.0861,11.9587,2.211,2.789
3,pid_xte,10.275,12.0207,0.1034,-6.637,6.637,0.1034,-0.0792,-0.0836,12.0207,2.222,2.778
3,pid_xte,10.326,12.0633,0.1001,-6.569,6.569,0.1001,-0.0779,-0.0737,12.0633,2.207,2.793
3,pid_xte,10.376,12.1254,0.0956,-6.480,6.480,0.0956,-0.0789,-0.0688,12.1254,2.214,2.786
3,pid_xte,10.426,12.1816,0.0917,-6.410,6.410,0.0917,-0.0789,-0.0624,12.1816,2.207,2.793
3,pid_xte,10.477,12.2477,0.0870,-6.334,6.334,0.0870,-0.0801,-0.0588,12.2477,2.207,2.793
3,pid_xte,10.527,12.2946,0.0837,-6.284,6.284,0.0837,-0.0787,-0.0511,12.2946,2.197,2.803
3,pid_xte,10.577,12.3693,0.0785,-6.207,6.207,0.0785,-0.0811,-0.0508,12.3693,2.205,2.795
3,pid_xte,10.627,12.4444,0.0731,-6.125,6.125,0.0731,-0.0834,-0.0503,12.4444,2.203,2.797
3,pid_xte,10.678,12.4919,0.0697,-6.064,6.064,0.0697,-0.0820,-0.0430,12.4919,2.196,2.804
3,pid_xte,10.728,12.5375,0.0664,-5.993,5.993,0.0664,-0.0805,-0.0364,12.5375,2.202,2.798
3,pid_xte,10.778,12.5965,0.0620,-5.871,5.871,0.0620,-0.0812,-0.0345,12.5965,2.224,2.776
3,pid_xte,10.828,12.6530,0.0573,-5.715,5.715,0.0573,-0.0823,-0.0332,12.6530,2.241,2.759
3,pid_xte,10.879,12.6882,0.0542,-5.601,5.601,0.0542,-0.0804,-0.0268,12.6882,2.228,2.772
3,pid_xte,10.929,12.7433,0.0491,-5.401,5.401,0.0491,-0.0824,-0.0279,12.7433,2.267,2.733
3,pid_xte,10.979,12.7816,0.0455,-5.254,5.254,0.0455,-0.0814,-0.0235,12.7816,2.250,2.750
3,pid_xte,11.029,12.8397,0.0403,-5.025,5.025,0.0403,-0.0835,-0.0252,12.8397,2.289,2.711
3,pid_xte,11.080,12.8949,0.0357,-4.807,4.807,0.0357,-0.0842,-0.0242,12.8949,2.291,2.709
3,pid_xte,11.130,12.9581,0.0309,-4.568,4.568,0.0309,-0.0852,-0.0238,12.9581,2.306,2.694
3,pid_xte,11.180,13.0126,0.0269,-4.376,4.376,0.0269,-0.0846,-0.0205,13.0126,2.293,2.707
3,pid_xte,11.230,13.1040,0.0205,-4.069,4.069,0.0205,-0.0886,-0.0260,13.1040,2.347,2.653
3,pid_xte,11.281,13.1683,0.0159,-3.862,3.862,0.0159,-0.0889,-0.0241,13.1683,2.311,2.689
3,pid_xte,11.331,13.2702,0.0083,-3.571,3.571,0.0083,-0.0945,-0.0320,13.2702,2.348,2.652
3,pid_xte,11.381,13.3812,0.0006,-3.319,3.319,0.0006,-0.0999,-0.0389,13.3812,2.332,2.668
3,pid_xte,11.431,13.4580,-0.0038,-3.177,3.177,-0.0038,-0.0987,-0.0333,13.4580,2.291,2.709
3,pid_xte,11.482,13.5559,-0.0081,-3.017,3.017,-0.0081,-0.0976,-0.0283,13.5559,2.303,2.697
3,pid_xte,11.532,13.6242,-0.0102,-2.908,2.908,-0.0102,-0.0925,-0.0164,13.6242,2.290,2.710
3,pid_xte,11.582,13.6875,-0.0110,-2.802,2.802,-0.0110,-0.0856,-0.0023,13.6875,2.301,2.699
3,pid_xte,11.632,13.7257,-0.0108,-2.728,2.728,-0.0108,-0.0774,0.0128,13.7257,2.300,2.700
3,pid_xte,11.682,13.7749,-0.0101,-2.611,2.611,-0.0101,-0.0690,0.0268,13.7749,2.333,2.667
3,pid_xte,11.733,13.8082,-0.0098,-2.515,2.515,-0.0098,-0.0622,0.0368,13.8082,2.336,2.664
3,pid_xte,11.783,13.8597,-0.0102,-2.339,2.339,-0.0102,-0.0572,0.0425,13.8597,2.383,2.617
3,pid_xte,11.833,13.8943,-0.0111,-2.204,2.204,-0.0111,-0.0536,0.0451,13.8943,2.376,2.624
3,pid_xte,11.884,13.9397,-0.0128,-2.012,2.012,-0.0128,-0.0517,0.0445,13.9397,2.410,2.590
3,pid_xte,11.934,13.9894,-0.0145,-1.793,1.793,-0.0145,-0.0500,0.0434,13.9894,2.433,2.567
3,pid_xte,11.984,14.0354,-0.0156,-1.590,1.590,-0.0156,-0.0475,0.0441,14.0354,2.438,2.562
3,pid_xte,12.035,14.1003,-0.0166,-1.316,1.316,-0.0166,-0.0450,0.0446,14.1003,2.484,2.516
3,pid_xte,12.085,14.1494,-0.0172,-1.118,1.118,-0.0172,-0.0420,0.0461,14.1494,2.465,2.535
3,pid_xte,12.135,14.2028,-0.0176,-0.905,0.905,-0.0176,-0.0389,0.0474,14.2028,2.484,2.516
3,pid_xte,12.185,14.2767,-0.0180,-0.614,0.614,-0.0180,-0.0360,0.0483,14.2767,2.535,2.465
3,pid_xte,12.236,14.3179,-0.0181,-0.458,0.458,-0.0181,-0.0330,0.0493,14.3179,2.490,2.510
3,pid_xte,12.286,14.3768,-0.0184,-0.250,0.250,-0.0184,-0.0306,0.0493,14.3768,2.524,2.476
3,pid_xte,12.337,14.4492,-0.0188,-0.030,0.030,-0.0188,-0.0284,0.0486,14.4492,2.543,2.457
3,pid_xte,12.387,14.5030,-0.0189,0.113,-0.113,-0.0189,-0.0259,0.0488,14.5030,2.520,2.480
3,pid_xte,12.437,14.5897,-0.0181,0.315,-0.315,-0.0181,-0.0222,0.0510,14.5897,2.560,2.440
3,pid_xte,12.488,14.6377,-0.0169,0.416,-0.416,-0.0169,-0.0180,0.0541,14.6377,2.529,2.471
3,pid_xte,12.538,14.6956,-0.0138,0.525,-0.525,-0.0138,-0.0107,0.0623,14.6956,2.549,2.451
3,pid_xte,12.588,14.7286,-0.0111,0.583,-0.583,-0.0111,-0.0047,0.0675,14.7286,2.539,2.461
3,pid_xte,12.638,14.7760,-0.0063,0.665,-0.665,-0.0063,0.0043,0.0777,14.7760,2.567,2.433
3,pid_xte,12.689,14.8081,-0.0031,0.726,-0.726,-0.0031,0.0098,0.0805,14.8081,2.570,2.430
3,pid_xte,12.739,14.8568,0.0013,0.831,-0.831,0.0013,0.0169,0.0862,14.8568,2.606,2.394
3,pid_xte,12.789,14.8860,0.0035,0.906,-0.906,0.0035,0.0194,0.0828,14.8860,2.601,2.399
3,pid_xte,12.840,14.9097,0.0050,0.972,-0.972,0.0050,0.0203,0.0768,14.9097,2.603,2.397
3,pid_xte,12.890,14.9554,0.0070,1.110,-1.110,0.0070,0.0221,0.0732,14.9554,2.645,2.355
3,pid_xte,12.941,15.0070,0.0087,1.275,-1.275,0.0087,0.0232,0.0684,15.0070,2.667,2.333
3,pid_xte,12.991,15.0645,0.0108,1.457,-1.457,0.0108,0.0249,0.0652,15.0645,2.688,2.312
3,pid_xte,13.041,15.1106,0.0127,1.594,-1.594,0.0127,0.0260,0.0612,15.1106,2.679,2.321
3,pid_xte,13.092,15.1874,0.0157,1.808,-1.808,0.0157,0.0291,0.0613,15.1874,2.728,2.272
3,pid_xte,13.142,15.2425,0.0179,1.959,-1.959,0.0179,0.0303,0.0580,15.2425,2.714,2.286
3,pid_xte,13.192,15.3297,0.0213,2.201,-2.201,0.0213,0.0338,0.0589,15.3297,2.771,2.229
3,pid_xte,13.243,15.3915,0.0236,2.371,-2.371,0.0236,0.0350,0.0557,15.3915,2.754,2.246
3,pid_xte,13.293,15.4903,0.0271,2.638,-2.638,0.0271,0.0380,0.0561,15.4903,2.814,2.186
3,pid_xte,13.343,15.5606,0.0289,2.818,-2.818,0.0289,0.0379,0.0508,15.5606,2.790,2.210
3,pid_xte,13.393,15.6731,0.0311,3.051,-3.051,0.0311,0.0383,0.0469,15.6731,2.826,2.174
3,pid_xte,13.444,15.7504,0.0330,3.166,-3.166,0.0330,0.0384,0.0428,15.7504,2.785,2.215
3,pid_xte,13.494,15.8622,0.0382,3.263,-3.263,0.0382,0.0443,0.0495,15.8622,2.794,2.206
3,pid_xte,13.545,15.9267,0.0430,3.267,-3.267,0.0430,0.0490,0.0536,15.9267,2.765,2.235
3,pid_xte,13.595,15.9997,0.0508,3.189,-3.189,0.0508,0.0586,0.0661,15.9997,2.744,2.256
3,pid_xte,13.645,16.0509,0.0588,3.042,-3.042,0.0588,0.0678,0.0767,16.0509,2.725,2.275
3,pid_xte,13.696,16.0976,0.0708,2.778,-2.778,0.0708,0.0834,0.0981,16.0976,2.690,2.310
3,pid_xte,13.746,16.1215,0.0803,2.563,-2.563,0.0803,0.0931,0.1067,16.1215,2.718,2.282
3,pid_xte,13.797,16.1525,0.0963,2.204,-2.204,0.0963,0.1135,0.1341,16.1525,2.676,2.324
3,pid_xte,13.847,16.1727,0.1074,1.950,-1.950,0.1074,0.1234,0.1397,16.1727,2.728,2.272
3,pid_xte,13.897,16.2012,0.1224,1.611,-1.611,0.1224,0.1393,0.1559,16.2012,2.705,2.295
3,pid_xte,13.948,16.2311,0.1366,1.295,-1.295,0.1366,0.1524,0.1653,16.2311,2.725,2.275
3,pid_xte,13.998,16.2672,0.1517,0.967,-0.967,0.1517,0.1659,0.1748,16.2672,2.732,2.268
3,pid_xte,14.048,16.2940,0.1615,0.763,-0.763,0.1615,0.1685,0.1634,16.2940,2.785,2.215
3,pid_xte,14.099,16.3365,0.1738,0.517,-0.517,0.1738,0.1754,0.1611,16.3365,2.774,2.226
3,pid_xte,14.149,16.3665,0.1799,0.400,-0.400,0.1799,0.1705,0.1375,16.3665,2.823,2.177
3,pid_xte,14.200,16.3820,0.1823,0.355,-0.355,0.1823,0.1592,0.1042,16.3820,2.841,2.159
3,pid_xte,14.250,16.4220,0.1864,0.277,-0.277,0.1864,0.1521,0.0818,16.4220,2.821,2.179
3,pid_xte,14.300,16.4685,0.1889,0.238,-0.238,0.1889,0.1427,0.0573,16.4685,2.828,2.172
3,pid_xte,14.351,16.5016,0.1899,0.235,-0.235,0.1899,0.1315,0.0317,16.5016,2.832,2.168
3,pid_xte,14.401,16.5598,0.1913,0.257,-0.257,0.1913,0.1219,0.0114,16.5598,2.836,2.164
3,pid_xte,14.451,16.6240,0.1923,0.309,-0.309,0.1923,0.1127,-0.0064,16.6240,2.842,2.158
3,pid_xte,14.501,16.6708,0.1927,0.355,-0.355,0.1927,0.1032,-0.0231,16.6708,2.834,2.166
3,pid_xte,14.552,16.7449,0.1931,0.438,-0.438,0.1931,0.0944,-0.0370,16.7449,2.845,2.155
3,pid_xte,14.602,16.8064,0.1932,0.516,-0.516,0.1932,0.0860,-0.0488,16.8064,2.839,2.161
3,pid_xte,14.652,16.8798,0.1936,0.612,-0.612,0.1936,0.0788,-0.0574,16.8798,2.845,2.155
3,pid_xte,14.702,16.9342,0.1938,0.680,-0.680,0.1938,0.0721,-0.0645,16.9342,2.830,2.170
3,pid_xte,14.753,17.0176,0.1938,0.760,-0.760,0.1938,0.0654,-0.0706,17.0176,2.832,2.168
3,pid_xte,14.803,17.0884,0.1930,0.783,-0.783,0.1930,0.0580,-0.0777,17.0884,2.802,2.198
3,pid_xte,14.853,17.1400,0.1923,0.759,-0.759,0.1923,0.0514,-0.0826,17.1400,2.773,2.227
3,pid_xte,14.904,17.2183,0.1918,0.647,-0.647,0.1918,0.0458,-0.0853,17.2183,2.725,2.275
3,pid_xte,14.954,17.2975,0.1925,0.433,-0.433,0.1925,0.0428,-0.0828,17.2975,2.669,2.331
3,pid_xte,15.004,17.3732,0.1942,0.113,-0.113,0.1942,0.0421,-0.0766,17.3732,2.609,2.391
3,pid_xte,15.055,17.4372,0.1967,-0.275,0.275,0.1967,0.0428,-0.0682,17.4372,2.564,2.436
3,pid_xte,15.105,17.4948,0.2000,-0.750,0.750,0.2000,0.0449,-0.0583,17.4948,2.508,2.492
3,pid_xte,15.155,17.5322,0.2026,-1.130,1.130,0.2026,0.0455,-0.0517,17.5322,2.531,2.469
3,pid_xte,15.206,17.5851,0.2066,-1.744,1.744,0.2066,0.0485,-0.0415,17.5851,2.408,2.592
3,pid_xte,15.256,17.6343,0.2097,-2.345,2.345,0.2097,0.0497,-0.0356,17.6343,2.387,2.613
3,pid_xte,15.306,17.6769,0.2112,-2.844,2.844,0.2112,0.0479,-0.0356,17.6769,2.403,2.597
3,pid_xte,15.357,17.7172,0.2113,-3.275,3.275,0.2113,0.0437,-0.0400,17.7172,2.404,2.596
3,pid_xte,15.407,17.7495,0.2102,-3.584,3.584,0.2102,0.0378,-0.0472,17.7495,2.432,2.568
3,pid_xte,15.457,17.7969,0.2069,-3.970,3.970,0.2069,0.0283,-0.0600,17.7969,2.367,2.633
3,pid_xte,15.508,17.8386,0.2029,-4.251,4.251,0.2029,0.0184,-0.0725,17.8386,2.382,2.618
3,pid_xte,15.558,17.8798,0.1984,-4.488,4.488,0.1984,0.0086,-0.0837,17.8798,2.373,2.627
3,pid_xte,15.608,17.9290,0.1929,-4.739,4.739,0.1929,-0.0022,-0.0957,17.9290,2.338,2.662
3,pid_xte,15.658,17.9614,0.1893,-4.890,4.890,0.1893,-0.0085,-0.0984,17.9614,2.362,2.638
3,pid_xte,15.709,18.0123,0.1839,-5.110,5.110,0.1839,-0.0175,-0.1058,18.0123,2.307,2.693
3,pid_xte,15.759,18.0468,0.1803,-5.248,5.248,0.1803,-0.0225,-0.1051,18.0468,2.325,2.675
3,pid_xte,15.809,18.1011,0.1745,-5.450,5.450,0.1745,-0.0309,-0.1109,18.1011,2.274,2.726
3,pid_xte,15.859,18.1372,0.1706,-5.575,5.575,0.1706,-0.0352,-0.1086,18.1372,2.291,2.709
3,pid_xte,15.910,18.1970,0.1639,-5.771,5.771,0.1639,-0.0442,-0.1149,18.1970,2.236,2.764
3,pid_xte,15.960,18.2524,0.1577,-5.942,5.942,0.1577,-0.0515,-0.1177,18.2524,2.224,2.776
3,pid_xte,16.010,18.3211,0.1498,-6.147,6.147,0.1498,-0.0610,-0.1243,18.3211,2.182,2.818
3,pid_xte,16.061,18.3679,0.1443,-6.289,6.289,0.1443,-0.0655,-0.1210,18.3679,2.190,2.810
3,pid_xte,16.111,18.4391,0.1357,-6.514,6.514,0.1357,-0.0751,-0.1274,18.4391,2.126,2.874
3,pid_xte,16.161,18.5144,0.1264,-6.768,6.768,0.1264,-0.0852,-0.1340,18.5144,2.081,2.919
3,pid_xte,16.212,18.6186,0.1134,-7.155,7.155,0.1134,-0.1010,-0.1506,18.6186,1.977,3.023
3,pid_xte,16.262,18.6873,0.1052,-7.432,7.432,0.1052,-0.1067,-0.1470,18.6873,1.994,3.006
3,pid_xte,16.313,18.7898,0.0938,-7.882,7.882,0.0938,-0.1176,-0.1535,18.7898,1.876,3.124
3,pid_xte,16.363,18.8684,0.0858,-8.281,8.281,0.0858,-0.1214,-0.1463,18.8684,1.865,3.135
3,pid_xte,16.413,18.9375,0.0792,-8.699,8.699,0.0792,-0.1222,-0.1344,18.9375,1.828,3.172
3,pid_xte,16.464,18.9904,0.0745,-9.083,9.083,0.0745,-0.1197,-0.1175,18.9904,1.819,3.181
3,pid_no_xte,0.000,0.3366,0.0215,0.374,-0.374,0.0215,0.0000,0.0000,0.3366,6.000,0.000
3,pid_no_xte,0.050,0.3610,0.0211,0.412,-0.412,0.0211,-0.0006,-0.0011,0.3610,2.537,2.463
3,pid_no_xte,0.101,0.4053,0.0205,0.410,-0.410,0.0205,-0.0016,-0.0029,0.4053,2.520,2.480
3,pid_no_xte,0.151,0.4599,0.0195,0.387,-0.387,0.0195,-0.0034,-0.0059,0.4599,2.511,2.489
3,pid_no_xte,0.201,0.5035,0.0185,0.350,-0.350,0.0185,-0.0049,-0.0081,0.5035,2.503,2.497
3,pid_no_xte,0.251,0.5656,0.0173,0.273,-0.273,0.0173,-0.0067,-0.0105,0.5656,2.482,2.518
3,pid_no_xte,0.302,0.6306,0.0168,0.157,-0.157,0.0168,-0.0069,-0.0099,0.6306,2.460,2.540
3,pid_no_xte,0.352,0.6751,0.0173,0.051,-0.051,0.0173,-0.0054,-0.0063,0.6751,2.459,2.541
3,pid_no_xte,0.402,0.7408,0.0199,-0.165,0.165,0.0199,-0.0002,0.0037,0.7408,2.401,2.599
3,pid_no_xte,0.453,0.7976,0.0250,-0.426,0.426,0.0250,0.0091,0.0203,0.7976,2.369,2.631
3,pid_no_xte,0.503,0.8300,0.0294,-0.600,0.600,0.0294,0.0163,0.0315,0.8300,2.396,2.604
3,pid_no_xte,0.553,0.8684,0.0359,-0.811,0.811,0.0359,0.0266,0.0473,0.8684,2.369,2.631
3,pid_no_xte,0.604,0.9095,0.0434,-1.017,1.017,0.0434,0.0378,0.0633,0.9095,2.361,2.639
3,pid_no_xte,0.654,0.9588,0.0520,-1.212,1.212,0.0520,0.0499,0.0796,0.9588,2.355,2.645
3,pid_no_xte,0.704,0.9916,0.0568,-1.303,1.303,0.0568,0.0542,0.0801,0.9916,2.394,2.606
3,pid_no_xte,0.754,1.0408,0.0620,-1.384,1.384,0.0620,0.0586,0.0808,1.0408,2.394,2.606
3,pid_no_xte,0.805,1.0754,0.0641,-1.406,1.406,0.0641,0.0571,0.0706,1.0754,2.417,2.583
3,pid_no_xte,0.855,1.1309,0.0660,-1.396,1.396,0.0660,0.0554,0.0611,1.1309,2.431,2.569
3,pid_no_xte,0.905,1.1696,0.0671,-1.366,1.366,0.0671,0.0522,0.0498,1.1696,2.441,2.559
3,pid_no_xte,0.956,1.2314,0.0689,-1.291,1.291,0.0689,0.0508,0.0426,1.2314,2.463,2.537
3,pid_no_xte,1.006,1.3020,0.0710,-1.178,1.178,0.0710,0.0499,0.0371,1.3020,2.485,2.515
3,pid_no_xte,1.056,1.3544,0.0723,-1.077,1.077,0.0723,0.0478,0.0299,1.3544,2.486,2.514
3,pid_no_xte,1.107,1.4282,0.0740,-0.904,0.904,0.0740,0.0464,0.0246,1.4282,2.524,2.476
3,pid_no_xte,1.157,1.4888,0.0750,-0.734,0.734,0.0750,0.0441,0.0181,1.4888,2.532,2.468
3,pid_no_xte,1.208,1.5676,0.0759,-0.477,0.477,0.0759,0.0417,0.0121,1.5676,2.582,2.418
3,pid_no_xte,1.258,1.6177,0.0762,-0.299,0.299,0.0762,0.0384,0.0050,1.6177,2.558,2.442
3,pid_no_xte,1.308,1.7018,0.0759,0.005,-0.005,0.0759,0.0342,-0.0030,1.7018,2.627,2.373
3,pid_no_xte,1.359,1.8025,0.0742,0.318,-0.318,0.0742,0.0280,-0.0140,1.8025,2.647,2.353
3,pid_no_xte,1.409,1.8718,0.0737,0.482,-0.482,0.0737,0.0245,-0.0191,1.8718,2.593,2.407
3,pid_no_xte,1.459,1.9746,0.0756,0.640,-0.640,0.0756,0.0259,-0.0149,1.9746,2.599,2.401
3,pid_no_xte,1.509,2.0335,0.0791,0.672,-0.672,0.0791,0.0298,-0.0064,2.0335,2.548,2.452
3,pid_no_xte,1.560,2.1098,0.0878,0.605,-0.605,0.0878,0.0429,0.0181,2.1098,2.504,2.496
3,pid_no_xte,1.610,2.1605,0.0988,0.442,-0.442,0.0988,0.0590,0.0456,2.1605,2.455,2.545
3,pid_no_xte,1.660,2.2011,0.1137,0.194,-0.194,0.1137,0.0807,0.0809,2.2011,2.407,2.593
3,pid_no_xte,1.710,2.2355,0.1321,-0.127,0.127,0.1321,0.1067,0.1207,2.2355,2.360,2.640
3,pid_no_xte,1.761,2.2644,0.1505,-0.462,0.462,0.1505,0.1303,0.1527,2.2644,2.336,2.664
3,pid_no_xte,1.811,2.2853,0.1640,-0.716,0.716,0.1640,0.1430,0.1617,2.2853,2.357,2.643
3,pid_no_xte,1.861,2.3206,0.1856,-1.136,1.136,0.1856,0.1692,0.1945,2.3206,2.266,2.734
3,pid_no_xte,1.912,2.3616,0.2079,-1.583,1.583,0.2079,0.1943,0.2223,2.3616,2.231,2.769
3,pid_no_xte,1.962,2.3906,0.2219,-1.866,1.866,0.2219,0.2020,0.2161,2.3906,2.284,2.716
3,pid_no_xte,2.013,2.4278,0.2378,-2.185,2.185,0.2378,0.2122,0.2146,2.4278,2.254,2.746
3,pid_no_xte,2.063,2.4675,0.2514,-2.458,2.458,0.2514,0.2175,0.2047,2.4675,2.258,2.742
3,pid_no_xte,2.113,2.5110,0.2623,-2.671,2.671,0.2623,0.2174,0.1857,2.5110,2.272,2.728
3,pid_no_xte,2.164,2.5519,0.2690,-2.794,2.794,0.2690,0.2097,0.1547,2.5519,2.302,2.698
3,pid_no_xte,2.214,2.5987,0.2738,-2.863,2.863,0.2738,0.1992,0.1216,2.5987,2.321,2.679
3,pid_no_xte,2.264,2.6553,0.2776,-2.873,2.873,0.2776,0.1878,0.0898,2.6553,2.345,2.655
3,pid_no_xte,2.315,2.6934,0.2796,-2.849,2.849,0.2796,0.1743,0.0570,2.6934,2.361,2.639
3,pid_no_xte,2.365,2.7610,0.2826,-2.769,2.769,0.2826,0.1639,0.0328,2.7610,2.388,2.612
3,pid_no_xte,2.415,2.8404,0.2853,-2.637,2.637,0.2853,0.1539,0.0116,2.8404,2.417,2.583
3,pid_no_xte,2.465,2.8957,0.2869,-2.523,2.523,0.2869,0.1427,-0.0097,2.8957,2.415,2.585
3,pid_no_xte,2.516,2.9748,0.2889,-2.328,2.328,0.2889,0.1333,-0.0260,2.9748,2.459,2.541
3,pid_no_xte,2.566,3.0430,0.2902,-2.135,2.135,0.2902,0.1234,-0.0415,3.0430,2.469,2.531
3,pid_no_xte,2.616,3.1305,0.2910,-1.873,1.873,0.2910,0.1137,-0.0553,3.1305,2.511,2.489
3,pid_no_xte,2.666,3.2127,0.2913,-1.658,1.658,0.2913,0.1039,-0.0682,3.2127,2.503,2.497
3,pid_no_xte,2.717,3.2968,0.2920,-1.478,1.478,0.2920,0.0957,-0.0768,3.2968,2.497,2.503
3,pid_no_xte,2.767,3.3617,0.2934,-1.370,1.370,0.2934,0.0895,-0.0812,3.3617,2.474,2.526
3,pid_no_xte,2.817,3.4514,0.2972,-1.280,1.280,0.2972,0.0881,-0.0762,3.4514,2.470,2.530
3,pid_no_xte,2.868,3.5196,0.3023,-1.284,1.284,0.3023,0.0894,-0.0669,3.5196,2.431,2.569
3,pid_no_xte,2.918,3.5671,0.3076,-1.340,1.340,0.3076,0.0908,-0.0582,3.5671,2.406,2.594
3,pid_no_xte,2.968,3.6003,0.3122,-1.409,1.409,0.3122,0.0910,-0.0526,3.6003,2.398,2.602
3,pid_no_xte,3.018,3.6517,0.3205,-1.546,1.546,0.3205,0.0976,-0.0358,3.6517,2.362,2.638
3,pid_no_xte,3.069,3.6981,0.3278,-1.676,1.676,0.3278,0.1020,-0.0245,3.6981,2.358,2.642
3,pid_no_xte,3.119,3.7383,0.3333,-1.771,1.771,0.3333,0.1026,-0.0211,3.7383,2.368,2.632
3,pid_no_xte,3.169,3.7677,0.3364,-1.819,1.819,0.3364,0.0990,-0.0257,3.7677,2.385,2.615
3,pid_no_xte,3.220,3.8108,0.3394,-1.847,1.847,0.3394,0.0954,-0.0299,3.8108,2.392,2.608
3,pid_no_xte,3.270,3.8549,0.3403,-1.820,1.820,0.3403,0.0883,-0.0401,3.8549,2.416,2.584
3,pid_no_xte,3.320,3.8992,0.3393,-1.744,1.744,0.3393,0.0783,-0.0546,3.8992,2.441,2.559
3,pid_no_xte,3.371,3.9400,0.3376,-1.646,1.646,0.3376,0.0682,-0.0680,3.9400,2.454,2.546
3,pid_no_xte,3.421,3.9877,0.3355,-1.512,1.512,0.3355,0.0581,-0.0801,3.9877,2.477,2.523
3,pid_no_xte,3.471,4.0227,0.3340,-1.404,1.404,0.3340,0.0500,-0.0875,4.0227,2.471,2.529
3,pid_no_xte,3.522,4.0748,0.3320,-1.237,1.237,0.3320,0.0418,-0.0943,4.0748,2.505,2.495
3,pid_no_xte,3.572,4.1106,0.3309,-1.121,1.121,0.3309,0.0360,-0.0963,4.1106,2.490,2.510
3,pid_no_xte,3.622,4.1668,0.3297,-0.945,0.945,0.3297,0.0305,-0.0975,4.1668,2.523,2.477
3,pid_no_xte,3.672,4.2037,0.3292,-0.840,0.840,0.3292,0.0268,-0.0954,4.2037,2.500,2.500
3,pid_no_xte,3.723,4.2638,0.3286,-0.695,0.695,0.3286,0.0232,-0.0931,4.2638,2.524,2.476
3,pid_no_xte,3.773,4.3064,0.3282,-0.616,0.616,0.3282,0.0204,-0.0897,4.3064,2.501,2.499
3,pid_no_xte,3.823,4.3774,0.3274,-0.529,0.529,0.3274,0.0172,-0.0874,4.3774,2.509,2.491
3,pid_no_xte,3.874,4.4272,0.3269,-0.497,0.497,0.3269,0.0146,-0.0841,4.4272,2.487,2.513
3,pid_no_xte,3.924,4.5121,0.3260,-0.488,0.488,0.3260,0.0117,-0.0817,4.5121,2.478,2.522
3,pid_no_xte,3.974,4.6069,0.3254,-0.527,0.527,0.3254,0.0094,-0.0784,4.6069,2.456,2.544
3,pid_no_xte,4.024,4.6757,0.3250,-0.569,0.569,0.3250,0.0080,-0.0739,4.6757,2.453,2.547
3,pid_no_xte,4.075,4.7482,0.3247,-0.617,0.617,0.3247,0.0066,-0.0696,4.7482,2.448,2.552
3,pid_no_xte,4.125,4.8568,0.3240,-0.688,0.688,0.3240,0.0047,-0.0667,4.8568,2.435,2.565
3,pid_no_xte,4.175,4.9454,0.3231,-0.736,0.736,0.3231,0.0026,-0.0644,4.9454,2.441,2.559
3,pid_no_xte,4.226,5.0407,0.3219,-0.772,0.772,0.3219,0.0004,-0.0626,5.0407,2.445,2.555
3,pid_no_xte,4.276,5.1226,0.3210,-0.780,0.780,0.3210,-0.0014,-0.0601,5.1226,2.456,2.544
3,pid_no_xte,4.326,5.1788,0.3203,-0.757,0.757,0.3203,-0.0025,-0.0565,5.1788,2.470,2.530
3,pid_no_xte,4.376,5.2329,0.3200,-0.698,0.698,0.3200,-0.0029,-0.0521,5.2329,2.488,2.512
3,pid_no_xte,4.427,5.2675,0.3200,-0.638,0.638,0.3200,-0.0027,-0.0469,5.2675,2.492,2.508
3,pid_no_xte,4.477,5.3151,0.3203,-0.530,0.530,0.3203,-0.0018,-0.0410,5.3151,2.517,2.483
3,pid_no_xte,4.528,5.3573,0.3210,-0.413,0.413,0.3210,-0.0003,-0.0346,5.3573,2.527,2.473
3,pid_no_xte,4.578,5.3845,0.3217,-0.328,0.328,0.3217,0.0009,-0.0293,5.3845,2.518,2.482
3,pid_no_xte,4.628,5.4268,0.3228,-0.181,0.181,0.3228,0.0028,-0.0230,5.4268,2.552,2.448
3,pid_no_xte,4.678,5.4589,0.3237,-0.057,0.057,0.3237,0.0042,-0.0184,5.4589,2.548,2.452
3,pid_no_xte,4.729,5.5078,0.3250,0.146,-0.146,0.3250,0.0062,-0.0131,5.5078,2.592,2.408
3,pid_no_xte,4.779,5.5574,0.3262,0.363,-0.363,0.3262,0.0078,-0.0090,5.5574,2.610,2.390
3,pid_no_xte,4.829,5.6017,0.3272,0.557,-0.557,0.3272,0.0090,-0.0060,5.6017,2.610,2.390
3,pid_no_xte,4.880,5.6416,0.3282,0.723,-0.723,0.3282,0.0100,-0.0037,5.6416,2.607,2.393
3,pid_no_xte,4.930,5.6842,0.3293,0.888,-0.888,0.3293,0.0110,-0.0015,5.6842,2.615,2.385
3,pid_no_xte,4.980,5.7165,0.3301,1.002,-1.002,0.3301,0.0115,-0.0005,5.7165,2.600,2.400
3,pid_no_xte,5.030,5.7657,0.3314,1.160,-1.160,0.3314,0.0127,0.0018,5.7657,2.627,2.373
3,pid_no_xte,5.081,5.8231,0.3330,1.323,-1.323,0.3330,0.0145,0.0049,5.8231,2.637,2.363
3,pid_no_xte,5.131,5.8638,0.3342,1.424,-1.424,0.3342,0.0154,0.0061,5.8638,2.617,2.383
3,pid_no_xte,5.181,5.9302,0.3365,1.571,-1.571,0.3365,0.0181,0.0104,5.9302,2.643,2.357
3,pid_no_xte,5.232,5.9793,0.3383,1.666,-1.666,0.3383,0.0197,0.0123,5.9793,2.627,2.373
3,pid_no_xte,5.282,6.0501,0.3409,1.781,-1.781,0.3409,0.0228,0.0168,6.0501,2.641,2.359
3,pid_no_xte,5.332,6.1278,0.3438,1.878,-1.878,0.3438,0.0259,0.0209,6.1278,2.639,2.361
3,pid_no_xte,5.383,6.2257,0.3474,1.963,-1.963,0.3474,0.0300,0.0264,6.2257,2.638,2.362
3,pid_no_xte,5.433,6.3259,0.3513,2.011,-2.011,0.3513,0.0344,0.0321,6.3259,2.625,2.375
3,pid_no_xte,5.483,6.4153,0.3555,2.028,-2.028,0.3555,0.0388,0.0372,6.4153,2.613,2.387
3,pid_no_xte,5.534,6.4945,0.3598,2.025,-2.025,0.3598,0.0431,0.0415,6.4945,2.605,2.395
3,pid_no_xte,5.584,6.6100,0.3672,1.988,-1.988,0.3672,0.0526,0.0549,6.6100,2.589,2.411
3,pid_no_xte,5.634,6.6826,0.3724,1.945,-1.945,0.3724,0.0572,0.0583,6.6826,2.584,2.416
3,pid_no_xte,5.685,6.7707,0.3791,1.861,-1.861,0.3791,0.0642,0.0657,6.7707,2.563,2.437
3,pid_no_xte,5.735,6.8320,0.3844,1.770,-1.770,0.3844,0.0679,0.0664,6.8320,2.555,2.445
3,pid_no_xte,5.785,6.8808,0.3891,1.679,-1.679,0.3891,0.0703,0.0647,6.8808,2.550,2.450
3,pid_no_xte,5.836,6.9131,0.3925,1.618,-1.618,0.3925,0.0701,0.0585,6.9131,2.560,2.440
3,pid_no_xte,5.886,6.9616,0.3977,1.550,-1.550,0.3977,0.0730,0.0584,6.9616,2.553,2.447
3,pid_no_xte,5.937,6.9930,0.4007,1.530,-1.530,0.4007,0.0719,0.0509,6.9930,2.572,2.428
3,pid_no_xte,5.987,7.0371,0.4043,1.542,-1.542,0.4043,0.0717,0.0461,7.0371,2.586,2.414
3,pid_no_xte,6.037,7.0798,0.4066,1.595,-1.595,0.4066,0.0694,0.0376,7.0798,2.606,2.394
3,pid_no_xte,6.088,7.1196,0.4080,1.669,-1.669,0.4080,0.0657,0.0274,7.1196,2.618,2.382
3,pid_no_xte,6.138,7.1524,0.4091,1.736,-1.736,0.4091,0.0616,0.0175,7.1524,2.619,2.381
3,pid_no_xte,6.188,7.2038,0.4109,1.845,-1.845,0.4109,0.0592,0.0116,7.2038,2.642,2.358
3,pid_no_xte,6.238,7.2536,0.4128,1.951,-1.951,0.4128,0.0572,0.0069,7.2536,2.646,2.354
3,pid_no_xte,6.289,7.2944,0.4144,2.035,-2.035,0.4144,0.0550,0.0022,7.2944,2.642,2.358
3,pid_no_xte,6.339,7.3456,0.4166,2.133,-2.133,0.4166,0.0540,0.0001,7.3456,2.653,2.347
3,pid_no_xte,6.389,7.3845,0.4183,2.201,-2.201,0.4183,0.0521,-0.0032,7.3845,2.643,2.357
3,pid_no_xte,6.440,7.4267,0.4202,2.265,-2.265,0.4202,0.0508,-0.0054,7.4267,2.645,2.355
3,pid_no_xte,6.490,7.4926,0.4231,2.346,-2.346,0.4231,0.0515,-0.0036,7.4926,2.657,2.343
3,pid_no_xte,6.540,7.5569,0.4260,2.404,-2.404,0.4260,0.0519,-0.0025,7.5569,2.650,2.350
3,pid_no_xte,6.590,7.6292,0.4290,2.438,-2.438,0.4290,0.0527,-0.0009,7.6292,2.642,2.358
3,pid_no_xte,6.641,7.7087,0.4324,2.427,-2.427,0.4324,0.0540,0.0017,7.7087,2.623,2.377
3,pid_no_xte,6.691,7.7878,0.4362,2.376,-2.376,0.4362,0.0561,0.0052,7.7878,2.603,2.397
3,pid_no_xte,6.742,7.8787,0.4415,2.275,-2.275,0.4415,0.0605,0.0128,7.8787,2.577,2.423
3,pid_no_xte,6.792,7.9376,0.4455,2.184,-2.184,0.4455,0.0621,0.0146,7.9376,2.577,2.423
3,pid_no_xte,6.842,8.0165,0.4515,2.028,-2.028,0.4515,0.0674,0.0229,8.0165,2.541,2.459
3,pid_no_xte,6.893,8.0842,0.4574,1.855,-1.855,0.4574,0.0720,0.0291,8.0842,2.525,2.475
3,pid_no_xte,6.943,8.1574,0.4646,1.622,-1.622,0.4646,0.0785,0.0382,8.1574,2.488,2.512
3,pid_no_xte,6.993,8.1996,0.4690,1.465,-1.465,0.4690,0.0793,0.0362,8.1996,2.511,2.489
3,pid_no_xte,7.043,8.2567,0.4749,1.242,-1.242,0.4749,0.0827,0.0391,8.2567,2.472,2.528
3,pid_no_xte,7.094,8.2936,0.4783,1.104,-1.104,0.4783,0.0814,0.0331,8.2936,2.500,2.500
3,pid_no_xte,7.144,8.3480,0.4824,0.925,-0.925,0.4824,0.0814,0.0301,8.3480,2.474,2.526
3,pid_no_xte,7.194,8.3854,0.4844,0.828,-0.828,0.4844,0.0776,0.0204,8.3854,2.503,2.497
3,pid_no_xte,7.245,8.4386,0.4861,0.724,-0.724,0.4861,0.0735,0.0112,8.4386,2.495,2.505
3,pid_no_xte,7.295,8.4818,0.4866,0.667,-0.667,0.4866,0.0679,-0.0001,8.4818,2.511,2.489
3,pid_no_xte,7.345,8.5349,0.4870,0.618,-0.618,0.4870,0.0623,-0.0103,8.5349,2.512,2.488
3,pid_no_xte,7.396,8.5915,0.4873,0.584,-0.584,0.4873,0.0572,-0.0185,8.5915,2.516,2.484
3,pid_no_xte,7.446,8.6399,0.4877,0.565,-0.565,0.4877,0.0526,-0.0252,8.6399,2.522,2.478
3,pid_no_xte,7.496,8.6747,0.4880,0.556,-0.556,0.4880,0.0483,-0.0307,8.6747,2.525,2.475
3,pid_no_xte,7.546,8.7256,0.4884,0.546,-0.546,0.4884,0.0447,-0.0346,8.7256,2.524,2.476
3,pid_no_xte,7.597,8.7782,0.4888,0.538,-0.538,0.4888,0.0414,-0.0373,8.7782,2.525,2.475
3,pid_no_xte,7.647,8.8407,0.4894,0.529,-0.529,0.4894,0.0386,-0.0390,8.8407,2.524,2.476
3,pid_no_xte,7.697,8.8820,0.4898,0.521,-0.521,0.4898,0.0358,-0.0406,8.8820,2.524,2.476
3,pid_no_xte,7.748,8.9351,0.4902,0.508,-0.508,0.4902,0.0334,-0.0413,8.9351,2.521,2.479
3,pid_no_xte,7.798,8.9890,0.4907,0.489,-0.489,0.4907,0.0312,-0.0415,8.9890,2.518,2.482
3,pid_no_xte,7.848,9.0458,0.4912,0.463,-0.463,0.4912,0.0292,-0.0413,9.0458,2.513,2.487
3,pid_no_xte,7.899,9.0983,0.4916,0.436,-0.436,0.4916,0.0272,-0.0411,9.0983,2.511,2.489
3,pid_no_xte,7.949,9.1626,0.4920,0.402,-0.402,0.4920,0.0255,-0.0404,9.1626,2.507,2.493
3,pid_no_xte,7.999,9.2063,0.4924,0.382,-0.382,0.4924,0.0239,-0.0396,9.2063,2.511,2.489
3,pid_no_xte,8.050,9.2870,0.4933,0.348,-0.348,0.4933,0.0233,-0.0371,9.2870,2.504,2.496
3,pid_no_xte,8.100,9.3816,0.4944,0.310,-0.310,0.4944,0.0232,-0.0340,9.3816,2.500,2.500
3,pid_no_xte,8.150,9.4490,0.4950,0.279,-0.279,0.4950,0.0223,-0.0325,9.4490,2.502,2.498
3,pid_no_xte,8.201,9.5512,0.4960,0.216,-0.216,0.4960,0.0219,-0.0301,9.5512,2.485,2.515
3,pid_no_xte,8.251,9.6338,0.4969,0.151,-0.151,0.4969,0.0217,-0.0278,9.6338,2.481,2.519
3,pid_no_xte,8.301,9.7473,0.4989,0.036,-0.036,0.4989,0.0232,-0.0225,9.7473,2.454,2.546
3,pid_no_xte,8.351,9.8138,0.5003,-0.050,0.050,0.5003,0.0237,-0.0196,9.8138,2.461,2.539
3,pid_no_xte,8.402,9.8962,0.5024,-0.199,0.199,0.5024,0.0254,-0.0147,9.8962,2.428,2.572
3,pid_no_xte,8.452,9.9532,0.5047,-0.350,0.350,0.5047,0.0272,-0.0101,9.9532,2.419,2.581
3,pid_no_xte,8.502,10.0116,0.5086,-0.556,0.556,0.5086,0.0318,-0.0007,10.0116,2.385,2.615
3,pid_no_xte,8.554,10.0439,0.5117,-0.682,0.682,0.5117,0.0344,0.0041,10.0439,2.413,2.587
3,pid_no_xte,8.605,10.0887,0.5165,-0.845,0.845,0.5165,0.0399,0.0136,10.0887,2.390,2.610
3,pid_no_xte,8.657,10.1266,0.5205,-0.956,0.956,0.5205,0.0435,0.0188,10.1266,2.405,2.595
3,pid_no_xte,8.709,10.1703,0.5245,-1.043,1.043,0.5245,0.0466,0.0227,10.1703,2.410,2.590
3,pid_no_xte,8.760,10.2191,0.5274,-1.091,1.091,0.5274,0.0475,0.0223,10.2191,2.424,2.576
3,pid_no_xte,8.812,10.2525,0.5284,-1.100,1.100,0.5284,0.0448,0.0153,10.2525,2.439,2.561
3,pid_no_xte,8.863,10.2971,0.5287,-1.089,1.089,0.5287,0.0413,0.0075,10.2971,2.447,2.553
3,pid_no_xte,8.915,10.3453,0.5286,-1.056,1.056,0.5286,0.0372,-0.0007,10.3453,2.458,2.542
3,pid_no_xte,8.966,10.3958,0.5284,-1.004,1.004,0.5284,0.0334,-0.0076,10.3958,2.469,2.531
3,pid_no_xte,9.018,10.4570,0.5284,-0.927,0.927,0.5284,0.0304,-0.0123,10.4570,2.483,2.517
3,pid_no_xte,9.069,10.4979,0.5287,-0.869,0.869,0.5287,0.0279,-0.0156,10.4979,2.478,2.522
3,pid_no_xte,9.121,10.5624,0.5291,-0.773,0.773,0.5291,0.0260,-0.0176,10.5624,2.498,2.502
3,pid_no_xte,9.173,10.6241,0.5294,-0.675,0.675,0.5294,0.0242,-0.0192,10.6241,2.505,2.495
3,pid_no_xte,9.224,10.7086,0.5296,-0.521,0.521,0.5296,0.0223,-0.0208,10.7086,2.535,2.465
3,pid_no_xte,9.276,10.7879,0.5293,-0.375,0.375,0.5293,0.0196,-0.0238,10.7879,2.540,2.460
3,pid_no_xte,9.328,10.8713,0.5285,-0.257,0.257,0.5285,0.0163,-0.0275,10.8713,2.535,2.465
3,pid_no_xte,9.379,10.9682,0.5282,-0.173,0.173,0.5282,0.0144,-0.0285,10.9682,2.525,2.475
3,pid_no_xte,9.431,11.0580,0.5296,-0.162,0.162,0.5296,0.0154,-0.0239,11.0580,2.496,2.504
3,pid_no_xte,9.482,11.1353,0.5328,-0.226,0.226,0.5328,0.0199,-0.0135,11.1353,2.462,2.538
3,pid_no_xte,9.533,11.2069,0.5385,-0.380,0.380,0.5385,0.0284,0.0030,11.2069,2.418,2.582
3,pid_no_xte,9.585,11.2489,0.5434,-0.531,0.531,0.5434,0.0346,0.0140,11.2489,2.411,2.589
3,pid_no_xte,9.636,11.2993,0.5511,-0.784,0.784,0.5511,0.0452,0.0320,11.2993,2.357,2.643
3,pid_no_xte,9.688,11.3404,0.5585,-1.038,1.038,0.5585,0.0545,0.0459,11.3404,2.342,2.658
3,pid_no_xte,9.739,11.3853,0.5671,-1.335,1.335,0.5671,0.0650,0.0605,11.3853,2.309,2.691
3,pid_no_xte,9.791,11.4293,0.5748,-1.619,1.619,0.5748,0.0729,0.0693,11.4293,2.300,2.700
3,pid_no_xte,9.842,11.4740,0.5812,-1.877,1.877,0.5812,0.0776,0.0714,11.4740,2.297,2.703
3,pid_no_xte,9.894,11.5181,0.5853,-2.088,2.088,0.5853,0.0780,0.0653,11.5181,2.305,2.695
3,pid_no_xte,9.945,11.5666,0.5873,-2.259,2.259,0.5873,0.0742,0.0524,11.5666,2.312,2.688
3,pid_no_xte,9.995,11.6182,0.5865,-2.361,2.361,0.5865,0.0660,0.0327,11.6182,2.334,2.666
3,pid_no_xte,10.047,11.6552,0.5848,-2.391,2.391,0.5848,0.0568,0.0130,11.6552,2.363,2.637
3,pid_no_xte,10.098,11.7110,0.5821,-2.384,2.384,0.5821,0.0467,-0.0066,11.7110,2.378,2.622
3,pid_no_xte,10.150,11.7665,0.5799,-2.331,2.331,0.5799,0.0382,-0.0214,11.7665,2.400,2.600
3,pid_no_xte,10.201,11.8186,0.5781,-2.247,2.247,0.5781,0.0314,-0.0318,11.8186,2.416,2.584
3,pid_no_xte,10.253,11.8875,0.5762,-2.103,2.103,0.5762,0.0250,-0.0403,11.8875,2.449,2.551
3,pid_no_xte,10.304,11.9348,0.5751,-1.992,1.992,0.5751,0.0207,-0.0444,11.9348,2.441,2.559
3,pid_no_xte,10.356,12.0020,0.5736,-1.835,1.835,0.5736,0.0160,-0.0488,12.0020,2.468,2.532
3,pid_no_xte,10.407,12.0716,0.5717,-1.693,1.693,0.5717,0.0111,-0.0530,12.0716,2.469,2.531
3,pid_no_xte,10.458,12.1651,0.5688,-1.551,1.551,0.5688,0.0048,-0.0597,12.1651,2.478,2.522
3,pid_no_xte,10.509,12.2283,0.5665,-1.490,1.490,0.5665,0.0002,-0.0624,12.2283,2.447,2.553
3,pid_no_xte,10.560,12.3317,0.5627,-1.455,1.455,0.5627,-0.0068,-0.0693,12.3317,2.438,2.562
3,pid_no_xte,10.612,12.4408,0.5590,-1.504,1.504,0.5590,-0.0127,-0.0737,12.4408,2.401,2.599
3,pid_no_xte,10.663,12.5132,0.5570,-1.572,1.572,0.5570,-0.0153,-0.0715,12.5132,2.390,2.610
3,pid_no_xte,10.714,12.6024,0.5545,-1.680,1.680,0.5545,-0.0183,-0.0703,12.6024,2.368,2.632
3,pid_no_xte,10.764,12.6707,0.5526,-1.781,1.781,0.5526,-0.0200,-0.0670,12.6707,2.365,2.635
3,pid_no_xte,10.815,12.7350,0.5510,-1.891,1.891,0.5510,-0.0213,-0.0630,12.7350,2.355,2.645
3,pid_no_xte,10.865,12.7833,0.5499,-1.976,1.976,0.5499,-0.0213,-0.0574,12.7833,2.361,2.639
3,pid_no_xte,10.916,12.8306,0.5490,-2.047,2.047,0.5490,-0.0209,-0.0515,12.8306,2.363,2.637
3,pid_no_xte,10.966,12.8710,0.5484,-2.088,2.088,0.5484,-0.0201,-0.0452,12.8710,2.374,2.626
3,pid_no_xte,11.017,12.8995,0.5480,-2.103,2.103,0.5480,-0.0190,-0.0390,12.8995,2.384,2.616
3,pid_no_xte,11.067,12.9509,0.5473,-2.103,2.103,0.5473,-0.0184,-0.0344,12.9509,2.390,2.610
3,pid_no_xte,11.118,13.0016,0.5465,-2.075,2.075,0.5465,-0.0182,-0.0309,13.0016,2.403,2.597
3,pid_no_xte,11.168,13.0372,0.5458,-2.044,2.044,0.5458,-0.0178,-0.0274,13.0372,2.406,2.594
3,pid_no_xte,11.220,13.0933,0.5446,-1.985,1.985,0.5446,-0.0184,-0.0258,13.0933,2.420,2.580
3,pid_no_xte,11.270,13.1480,0.5435,-1.922,1.922,0.5435,-0.0186,-0.0239,13.1480,2.425,2.575
3,pid_no_xte,11.321,13.2064,0.5425,-1.854,1.854,0.5425,-0.0188,-0.0220,13.2064,2.431,2.569
3,pid_no_xte,11.371,13.2564,0.5416,-1.795,1.795,0.5416,-0.0187,-0.0198,13.2564,2.431,2.569
3,pid_no_xte,11.421,13.3225,0.5404,-1.713,1.713,0.5404,-0.0192,-0.0190,13.3225,2.445,2.555
3,pid_no_xte,11.472,13.4081,0.5386,-1.602,1.602,0.5386,-0.0208,-0.0200,13.4081,2.462,2.538
3,pid_no_xte,11.522,13.4973,0.5364,-1.483,1.483,0.5364,-0.0228,-0.0220,13.4973,2.471,2.529
3,pid_no_xte,11.573,13.6000,0.5334,-1.366,1.366,0.5334,-0.0262,-0.0260,13.6000,2.477,2.523
3,pid_no_xte,11.623,13.6618,0.5317,-1.314,1.314,0.5317,-0.0268,-0.0247,13.6618,2.453,2.547
3,pid_no_xte,11.674,13.7589,0.5301,-1.267,1.267,0.5301,-0.0273,-0.0234,13.7589,2.453,2.547
3,pid_no_xte,11.724,13.8451,0.5301,-1.272,1.272,0.5301,-0.0248,-0.0167,13.8451,2.431,2.569
3,pid_no_xte,11.774,13.9030,0.5314,-1.318,1.318,0.5314,-0.0202,-0.0068,13.9030,2.412,2.588
3,pid_no_xte,11.825,13.9566,0.5343,-1.412,1.412,0.5343,-0.0131,0.0068,13.9566,2.387,2.613
3,pid_no_xte,11.875,14.0023,0.5387,-1.542,1.542,0.5387,-0.0038,0.0229,14.0023,2.365,2.635
3,pid_no_xte,11.926,14.0352,0.5431,-1.655,1.655,0.5431,0.0045,0.0360,14.0352,2.366,2.634
3,pid_no_xte,11.976,14.0805,0.5499,-1.809,1.809,0.5499,0.0164,0.0544,14.0805,2.341,2.659
3,pid_no_xte,12.026,14.1241,0.5561,-1.935,1.935,0.5561,0.0261,0.0670,14.1241,2.346,2.654
3,pid_no_xte,12.077,14.1833,0.5628,-2.065,2.065,0.5628,0.0359,0.0786,14.1833,2.338,2.662
3,pid_no_xte,12.127,14.2231,0.5660,-2.126,2.126,0.5660,0.0385,0.0762,14.2231,2.363,2.637
3,pid_no_xte,12.178,14.2681,0.5685,-2.174,2.174,0.5685,0.0396,0.0711,14.2681,2.366,2.634
3,pid_no_xte,12.228,14.3093,0.5699,-2.198,2.198,0.5699,0.0385,0.0625,14.3093,2.375,2.625
3,pid_no_xte,12.279,14.3779,0.5708,-2.200,2.200,0.5708,0.0365,0.0532,14.3779,2.384,2.616
3,pid_no_xte,12.329,14.4262,0.5707,-2.175,2.175,0.5707,0.0330,0.0421,14.4262,2.397,2.603
3,pid_no_xte,12.379,14.4940,0.5701,-2.108,2.108,0.5701,0.0289,0.0307,14.4940,2.417,2.583
3,pid_no_xte,12.430,14.5606,0.5692,-2.018,2.018,0.5692,0.0245,0.0200,14.5606,2.432,2.568
3,pid_no_xte,12.480,14.6194,0.5681,-1.924,1.924,0.5681,0.0203,0.0105,14.6194,2.439,2.561
3,pid_no_xte,12.530,14.7102,0.5660,-1.761,1.761,0.5660,0.0148,-0.0006,14.7102,2.475,2.525
3,pid_no_xte,12.581,14.7722,0.5646,-1.650,1.650,0.5646,0.0107,-0.0079,14.7722,2.460,2.540
3,pid_no_xte,12.631,14.8601,0.5628,-1.502,1.502,0.5628,0.0065,-0.0148,14.8601,2.483,2.517
3,pid_no_xte,12.682,14.9124,0.5622,-1.422,1.422,0.5622,0.0049,-0.0163,14.9124,2.459,2.541
3,pid_no_xte,12.732,14.9797,0.5628,-1.331,1.331,0.5628,0.0055,-0.0138,14.9797,2.468,2.532
3,pid_no_xte,12.782,15.0031,0.5635,-1.304,1.304,0.5635,0.0063,-0.0111,15.0031,2.443,2.557
3,pid_no_xte,12.833,15.0372,0.5651,-1.269,1.269,0.5651,0.0085,-0.0060,15.0372,2.448,2.552
3,pid_no_xte,12.884,15.0733,0.5673,-1.238,1.238,0.5673,0.0118,0.0004,15.0733,2.448,2.552
3,pid_no_xte,12.934,15.1275,0.5710,-1.199,1.199,0.5710,0.0175,0.0108,15.1275,2.453,2.547
3,pid_no_xte,12.985,15.1651,0.5735,-1.172,1.172,0.5735,0.0205,0.0152,15.1651,2.450,2.550
3,pid_no_xte,13.035,15.2009,0.5756,-1.143,1.143,0.5756,0.0224,0.0173,15.2009,2.453,2.547
3,pid_no_xte,13.085,15.2492,0.5776,-1.093,1.093,0.5776,0.0240,0.0186,15.2492,2.464,2.536
3,pid_no_xte,13.136,15.3008,0.5786,-1.025,1.025,0.5786,0.0236,0.0161,15.3008,2.475,2.525
3,pid_no_xte,13.186,15.3341,0.5787,-0.972,0.972,0.5787,0.0216,0.0111,15.3341,2.471,2.529
3,pid_no_xte,13.236,15.3951,0.5783,-0.859,0.859,0.5783,0.0188,0.0051,15.3951,2.502,2.498
3,pid_no_xte,13.287,15.4608,0.5777,-0.716,0.716,0.5777,0.0161,-0.0003,15.4608,2.522,2.478
3,pid_no_xte,13.337,15.5228,0.5774,-0.571,0.571,0.5774,0.0141,-0.0040,15.5228,2.530,2.470
3,pid_no_xte,13.387,15.5657,0.5773,-0.470,0.470,0.5773,0.0125,-0.0065,15.5657,2.517,2.483
3,pid_no_xte,13.438,15.6450,0.5770,-0.291,0.291,0.5770,0.0108,-0.0090,15.6450,2.559,2.441
3,pid_no_xte,13.488,15.7414,0.5763,-0.081,0.081,0.5763,0.0086,-0.0121,15.7414,2.583,2.417
3,pid_no_xte,13.538,15.8326,0.5749,0.113,-0.113,0.5749,0.0054,-0.0169,15.8326,2.587,2.413
3,pid_no_xte,13.589,15.8965,0.5734,0.237,-0.237,0.5734,0.0020,-0.0215,15.8965,2.564,2.436
3,pid_no_xte,13.639,16.0036,0.5704,0.413,-0.413,0.5704,-0.0036,-0.0298,16.0036,2.595,2.405
3,pid_no_xte,13.690,16.1263,0.5676,0.568,-0.568,0.5676,-0.0083,-0.0355,16.1263,2.594,2.406
3,pid_no_xte,13.740,16.2054,0.5674,0.629,-0.629,0.5674,-0.0079,-0.0316,16.2054,2.559,2.441
3,pid_no_xte,13.790,16.3072,0.5700,0.621,-0.621,0.5700,-0.0024,-0.0186,16.3072,2.529,2.471
3,pid_no_xte,13.841,16.3714,0.5740,0.521,-0.521,0.5740,0.0050,-0.0035,16.3714,2.486,2.514
3,pid_no_xte,13.892,16.4278,0.5805,0.319,-0.319,0.5805,0.0164,0.0176,16.4278,2.433,2.567
3,pid_no_xte,13.942,16.4618,0.5871,0.122,-0.122,0.5871,0.0268,0.0347,16.4618,2.424,2.576
3,pid_no_xte,13.992,16.5036,0.5983,-0.201,0.201,0.5983,0.0447,0.0642,16.5036,2.355,2.645
3,pid_no_xte,14.043,16.5304,0.6066,-0.433,0.433,0.6066,0.0558,0.0784,16.5304,2.381,2.619
3,pid_no_xte,14.093,16.5708,0.6189,-0.764,0.764,0.6189,0.0730,0.1026,16.5708,2.322,2.678
3,pid_no_xte,14.143,16.6079,0.6291,-1.024,1.024,0.6291,0.0848,0.1146,16.6079,2.338,2.662
3,pid_no_xte,14.194,16.6446,0.6373,-1.225,1.225,0.6373,0.0920,0.1172,16.6446,2.352,2.648
3,pid_no_xte,14.244,16.6749,0.6423,-1.346,1.346,0.6423,0.0927,0.1078,16.6749,2.379,2.621
3,pid_no_xte,14.294,16.7163,0.6463,-1.444,1.444,0.6463,0.0914,0.0956,16.7163,2.383,2.617
3,pid_no_xte,14.345,16.7601,0.6477,-1.481,1.481,0.6477,0.0857,0.0763,16.7601,2.407,2.593
3,pid_no_xte,14.395,16.8074,0.6476,-1.465,1.465,0.6476,0.0777,0.0548,16.8074,2.430,2.570
3,pid_no_xte,14.445,16.8444,0.6473,-1.424,1.424,0.6473,0.0699,0.0357,16.8444,2.442,2.558
3,pid_no_xte,14.496,16.9041,0.6470,-1.330,1.330,0.6470,0.0630,0.0200,16.9041,2.469,2.531
3,pid_no_xte,14.547,16.9680,0.6470,-1.210,1.210,0.6470,0.0572,0.0075,16.9680,2.487,2.513
3,pid_no_xte,14.597,17.0269,0.6469,-1.090,1.090,0.6469,0.0517,-0.0031,17.0269,2.492,2.508
3,pid_no_xte,14.648,17.0712,0.6468,-0.995,0.995,0.6468,0.0468,-0.0118,17.0712,2.488,2.512
3,pid_no_xte,14.698,17.1538,0.6469,-0.795,0.795,0.6469,0.0427,-0.0182,17.1538,2.542,2.458
3,pid_no_xte,14.748,17.2078,0.6471,-0.645,0.645,0.6471,0.0391,-0.0230,17.2078,2.528,2.472
3,pid_no_xte,14.799,17.2958,0.6472,-0.382,0.382,0.6472,0.0357,-0.0270,17.2958,2.589,2.411
3,pid_no_xte,14.849,17.3904,0.6466,-0.103,0.103,0.6466,0.0315,-0.0322,17.3904,2.611,2.389
3,pid_no_xte,14.899,17.4791,0.6460,0.117,-0.117,0.6460,0.0274,-0.0368,17.4791,2.598,2.402
3,pid_no_xte,14.950,17.5354,0.6459,0.235,-0.235,0.6459,0.0247,-0.0382,17.5354,2.562,2.438
3,pid_no_xte,15.000,17.6258,0.6467,0.384,-0.384,0.6467,0.0239,-0.0362,17.6258,2.582,2.418
3,pid_no_xte,15.051,17.7159,0.6491,0.456,-0.456,0.6491,0.0261,-0.0289,17.7159,2.554,2.446
3,pid_no_xte,15.101,17.7799,0.6524,0.430,-0.430,0.6524,0.0297,-0.0197,17.7799,2.512,2.488
3,pid_no_xte,15.152,17.8327,0.6566,0.333,-0.333,0.6566,0.0346,-0.0089,17.8327,2.477,2.523
3,pid_no_xte,15.202,17.8705,0.6606,0.213,-0.213,0.6606,0.0387,-0.0008,17.8705,2.461,2.539
3,pid_no_xte,15.253,17.9226,0.6673,-0.020,0.020,0.6673,0.0473,0.0150,17.9226,2.402,2.598
3,pid_no_xte,15.303,17.9550,0.6719,-0.193,0.193,0.6719,0.0515,0.0211,17.9550,2.418,2.582
3,pid_no_xte,15.353,17.9976,0.6782,-0.435,0.435,0.6782,0.0582,0.0314,17.9976,2.377,2.623
3,pid_no_xte,15.404,18.0375,0.6840,-0.663,0.663,0.6840,0.0633,0.0378,18.0375,2.370,2.630
3,pid_no_xte,15.454,18.0783,0.6893,-0.879,0.879,0.6893,0.0672,0.0414,18.0783,2.364,2.636
3,pid_no_xte,15.504,18.1194,0.6937,-1.058,1.058,0.6937,0.0690,0.0410,18.1194,2.370,2.630
3,pid_no_xte,15.555,18.1457,0.6958,-1.137,1.137,0.6958,0.0665,0.0327,18.1457,2.408,2.592
3,pid_no_xte,15.605,18.1885,0.6978,-1.192,1.192,0.6978,0.0640,0.0251,18.1885,2.415,2.585
3,pid_no_xte,15.656,18.2238,0.6980,-1.173,1.173,0.6980,0.0585,0.0128,18.2238,2.447,2.553
3,pid_no_xte,15.706,18.2662,0.6973,-1.097,1.097,0.6973,0.0518,-0.0004,18.2662,2.474,2.526
3,pid_no_xte,15.756,18.3128,0.6961,-0.984,0.984,0.6961,0.0451,-0.0127,18.3128,2.496,2.504
3,pid_no_xte,15.807,18.3454,0.6955,-0.898,0.898,0.6955,0.0398,-0.0211,18.3454,2.489,2.511
3,pid_no_xte,15.857,18.3942,0.6949,-0.768,0.768,0.6949,0.0351,-0.0277,18.3942,2.514,2.486
3,pid_no_xte,15.907,18.4398,0.6946,-0.649,0.649,0.6946,0.0314,-0.0319,18.4398,2.516,2.484
3,pid_no_xte,15.958,18.4864,0.6945,-0.530,0.530,0.6945,0.0283,-0.0346,18.4864,2.522,2.478
3,pid_no_xte,16.008,18.5253,0.6944,-0.435,0.435,0.6944,0.0256,-0.0364,18.5253,2.517,2.483
3,pid_no_xte,16.058,18.5902,0.6942,-0.291,0.291,0.6942,0.0228,-0.0381,18.5902,2.545,2.455
3,pid_no_xte,16.108,18.6373,0.6940,-0.199,0.199,0.6940,0.0203,-0.0392,18.6373,2.528,2.472
3,pid_no_xte,16.159,18.7131,0.6935,-0.071,0.071,0.6935,0.0176,-0.0406,18.7131,2.550,2.450
3,pid_no_xte,16.209,18.7683,0.6930,0.012,-0.012,0.6930,0.0151,-0.0413,18.7683,2.535,2.465
3,pid_no_xte,16.260,18.8560,0.6921,0.121,-0.121,0.6921,0.0120,-0.0433,18.8560,2.552,2.448
3,pid_no_xte,16.310,18.9471,0.6905,0.191,-0.191,0.6905,0.0080,-0.0465,18.9471,2.539,2.461
4,no_pid,0.000,0.1359,-0.0200,-0.039,0.039,-0.0200,0.0000,0.0000,0.1359,2.500,2.500
4,no_pid,0.050,0.1639,-0.0243,-0.061,0.061,-0.0243,-0.0079,-0.0143,0.1639,2.500,2.500
4,no_pid,0.101,0.1890,-0.0277,-0.042,0.042,-0.0277,-0.0132,-0.0226,0.1890,2.500,2.500
4,no_pid,0.151,0.2377,-0.0333,0.043,-0.043,-0.0333,-0.0222,-0.0370,0.2377,2.500,2.500
4,no_pid,0.201,0.2800,-0.0375,0.141,-0.141,-0.0375,-0.0279,-0.0439,0.2800,2.500,2.500
4,no_pid,0.251,0.3246,-0.0415,0.251,-0.251,-0.0415,-0.0326,-0.0484,0.3246,2.500,2.500
4,no_pid,0.302,0.3808,-0.0458,0.384,-0.384,-0.0458,-0.0374,-0.0529,0.3808,2.500,2.500
4,no_pid,0.352,0.4536,-0.0504,0.529,-0.529,-0.0504,-0.0423,-0.0569,0.4536,2.500,2.500
4,no_pid,0.403,0.5209,-0.0537,0.624,-0.624,-0.0537,-0.0443,-0.0553,0.5209,2.500,2.500
4,no_pid,0.453,0.5744,-0.0557,0.671,-0.671,-0.0557,-0.0440,-0.0496,0.5744,2.500,2.500
4,no_pid,0.503,0.6712,-0.0583,0.686,-0.686,-0.0583,-0.0447,-0.0463,0.6712,2.500,2.500
4,no_pid,0.553,0.7524,-0.0593,0.615,-0.615,-0.0593,-0.0425,-0.0381,0.7524,2.500,2.500
4,no_pid,0.604,0.8593,-0.0592,0.382,-0.382,-0.0592,-0.0384,-0.0273,0.8593,2.500,2.500
4,no_pid,0.654,0.9324,-0.0584,0.129,-0.129,-0.0584,-0.0334,-0.0156,0.9324,2.500,2.500
4,no_pid,0.704,1.0382,-0.0562,-0.361,0.361,-0.0562,-0.0264,-0.0015,1.0382,2.500,2.500
4,no_pid,0.754,1.1446,-0.0526,-0.998,0.998,-0.0526,-0.0174,0.0149,1.1446,2.500,2.500
4,no_pid,0.805,1.2539,-0.0469,-1.786,1.786,-0.0469,-0.0054,0.0354,1.2539,2.500,2.500
4,no_pid,0.855,1.3753,-0.0388,-2.778,2.778,-0.0388,0.0097,0.0595,1.3753,2.500,2.500
4,no_pid,0.906,1.5011,-0.0303,-3.890,3.890,-0.0303,0.0243,0.0807,1.5011,2.500,2.500
4,no_pid,0.956,1.6401,-0.0216,-5.162,5.162,-0.0216,0.0379,0.0980,1.6401,2.500,2.500
4,no_pid,1.006,1.7507,-0.0164,-6.183,6.183,-0.0164,0.0439,0.0999,1.7507,2.500,2.500
4,no_pid,1.057,1.9138,-0.0141,-7.735,7.735,-0.0141,0.0440,0.0910,1.9138,2.500,2.500
4,no_pid,1.107,2.0118,-0.0168,-8.729,8.729,-0.0168,0.0351,0.0665,2.0118,2.500,2.500
4,no_pid,1.157,2.1310,-0.0255,-10.059,10.059,-0.0255,0.0160,0.0258,2.1310,2.500,2.500
4,no_pid,1.208,2.2154,-0.0359,-11.129,11.129,-0.0359,-0.0043,-0.0135,2.2154,2.500,2.500
4,no_pid,1.258,2.2897,-0.0489,-12.219,12.219,-0.0489,-0.0275,-0.0544,2.2897,2.500,2.500
4,no_pid,1.308,2.3461,-0.0625,-13.184,13.184,-0.0625,-0.0497,-0.0898,2.3461,2.500,2.500
4,no_pid,1.359,2.3888,-0.0764,-14.009,14.009,-0.0764,-0.0704,-0.1193,2.3888,2.500,2.500
4,no_pid,1.409,2.4208,-0.0902,-14.654,14.654,-0.0902,-0.0891,-0.1424,2.4208,2.500,2.500
4,no_pid,1.459,2.4540,-0.1083,-15.282,15.282,-0.1083,-0.1139,-0.1745,2.4540,2.500,2.500
4,no_pid,1.509,2.4768,-0.1227,-15.651,15.651,-0.1227,-0.1297,-0.1872,2.4768,2.500,2.500
4,no_pid,1.560,2.5099,-0.1460,-16.068,16.068,-0.1460,-0.1601,-0.2253,2.5099,2.500,2.500
4,no_pid,1.610,2.5302,-0.1622,-16.255,16.255,-0.1622,-0.1749,-0.2317,2.5302,2.500,2.500
4,no_pid,1.660,2.5564,-0.1869,-16.399,16.399,-0.1869,-0.2039,-0.2631,2.5564,2.500,2.500
4,no_pid,1.710,2.5699,-0.2017,-16.402,16.402,-0.2017,-0.2121,-0.2541,2.5699,2.500,2.500
4,no_pid,1.761,2.5874,-0.2220,-16.273,16.273,-0.2220,-0.2296,-0.2626,2.5874,2.500,2.500
4,no_pid,1.811,2.5974,-0.2334,-16.090,16.090,-0.2334,-0.2293,-0.2381,2.5974,2.500,2.500
4,no_pid,1.861,2.6106,-0.2470,-15.657,15.657,-0.2470,-0.2331,-0.2233,2.6106,2.500,2.500
4,no_pid,1.912,2.6192,-0.2550,-15.180,15.180,-0.2550,-0.2262,-0.1903,2.6192,2.500,2.500
4,no_pid,1.962,2.6240,-0.2595,-14.795,14.795,-0.2595,-0.2136,-0.1498,2.6240,2.500,2.500
4,no_pid,2.013,2.6282,-0.2660,-14.063,14.063,-0.2660,-0.2060,-0.1223,2.6282,2.500,2.500
4,no_pid,2.063,2.6269,-0.2709,-13.329,13.329,-0.2709,-0.1961,-0.0933,2.6269,2.500,2.500
4,no_pid,2.113,2.6205,-0.2755,-12.558,12.558,-0.2755,-0.1865,-0.0671,2.6205,2.500,2.500
4,no_pid,2.164,2.6120,-0.2800,-11.856,11.856,-0.2800,-0.1776,-0.0450,2.6120,2.500,2.500
4,no_pid,2.214,2.6055,-0.2833,-11.430,11.430,-0.2833,-0.1673,-0.0222,2.6055,2.500,2.500
4,no_pid,2.264,2.5944,-0.2885,-10.921,10.921,-0.2885,-0.1615,-0.0095,2.5944,2.500,2.500
4,no_pid,2.314,2.5829,-0.2937,-10.618,10.618,-0.2937,-0.1562,0.0010,2.5829,2.500,2.500
4,no_pid,2.365,2.5749,-0.2972,-10.520,10.520,-0.2972,-0.1483,0.0152,2.5749,2.500,2.500
4,no_pid,2.415,2.5627,-0.3026,-10.473,10.473,-0.3026,-0.1445,0.0207,2.5627,2.500,2.500
4,no_pid,2.465,2.5546,-0.3062,-10.463,10.463,-0.3062,-0.1379,0.0309,2.5546,2.500,2.500
4,no_pid,2.515,2.5427,-0.3115,-10.457,10.457,-0.3115,-0.1350,0.0333,2.5427,2.500,2.500
4,no_pid,2.566,2.5318,-0.3164,-10.455,10.455,-0.3164,-0.1316,0.0365,2.5318,2.500,2.500
4,no_pid,2.616,2.5219,-0.3209,-10.454,10.454,-0.3209,-0.1277,0.0403,2.5219,2.500,2.500
4,no_pid,2.666,2.5144,-0.3243,-10.453,10.453,-0.3243,-0.1221,0.0466,2.5144,2.500,2.500
4,no_pid,2.717,2.5045,-0.3288,-10.451,10.451,-0.3288,-0.1192,0.0477,2.5045,2.500,2.500
4,no_pid,2.767,2.4941,-0.3338,-10.446,10.446,-0.3338,-0.1173,0.0468,2.4941,2.500,2.500
4,no_pid,2.818,2.4846,-0.3386,-10.439,10.439,-0.3386,-0.1153,0.0462,2.4846,2.500,2.500
4,no_pid,2.868,2.4781,-0.3421,-10.433,10.433,-0.3421,-0.1111,0.0494,2.4781,2.500,2.500
4,no_pid,2.918,2.4696,-0.3474,-10.419,10.419,-0.3474,-0.1106,0.0459,2.4696,2.500,2.500
4,no_pid,2.969,2.4631,-0.3526,-10.403,10.403,-0.3526,-0.1100,0.0429,2.4631,2.500,2.500
4,no_pid,3.019,2.4602,-0.3558,-10.391,10.391,-0.3558,-0.1057,0.0467,2.4602,2.500,2.500
4,no_pid,3.069,2.4579,-0.3602,-10.373,10.373,-0.3602,-0.1040,0.0455,2.4579,2.500,2.500
4,no_pid,3.120,2.4577,-0.3656,-10.348,10.348,-0.3656,-0.1044,0.0407,2.4577,2.500,2.500
4,no_pid,3.170,2.4593,-0.3696,-10.329,10.329,-0.3696,-0.1020,0.0413,2.4593,2.500,2.500
4,no_pid,3.220,2.4642,-0.3757,-10.297,10.297,-0.3757,-0.1038,0.0342,2.4642,2.500,2.500
4,no_pid,3.270,2.4721,-0.3821,-10.263,10.263,-0.3821,-0.1061,0.0270,2.4721,2.500,2.500
4,no_pid,3.321,2.4784,-0.3863,-10.240,10.240,-0.3863,-0.1039,0.0284,2.4784,2.500,2.500
4,no_pid,3.371,2.4897,-0.3927,-10.203,10.203,-0.3927,-0.1060,0.0221,2.4897,2.500,2.500
4,no_pid,3.421,2.4980,-0.3967,-10.176,10.176,-0.3967,-0.1037,0.0243,2.4980,2.500,2.500
4,no_pid,3.471,2.5108,-0.4022,-10.132,10.132,-0.4022,-0.1042,0.0211,2.5108,2.500,2.500
4,no_pid,3.522,2.5193,-0.4052,-10.100,10.100,-0.4052,-0.1000,0.0267,2.5193,2.500,2.500
4,no_pid,3.572,2.5312,-0.4078,-10.047,10.047,-0.4078,-0.0956,0.0323,2.5312,2.500,2.500
4,no_pid,3.622,2.5404,-0.4081,-9.995,9.995,-0.4081,-0.0876,0.0440,2.5404,2.500,2.500
4,no_pid,3.672,2.5495,-0.4065,-9.931,9.931,-0.4065,-0.0765,0.0600,2.5495,2.500,2.500
4,no_pid,3.723,2.5554,-0.4040,-9.880,9.880,-0.4040,-0.0651,0.0754,2.5554,2.500,2.500
4,no_pid,3.773,2.5628,-0.3990,-9.805,9.805,-0.3990,-0.0501,0.0957,2.5628,2.500,2.500
4,no_pid,3.823,2.5699,-0.3921,-9.722,9.722,-0.3921,-0.0330,0.1180,2.5699,2.500,2.500
4,no_pid,3.873,2.5845,-0.3755,-9.627,9.627,-0.3755,0.0002,0.1676,2.5845,2.500,2.500
4,no_pid,3.924,2.6072,-0.3485,-9.539,9.539,-0.3485,0.0493,0.2415,2.6072,2.500,2.500
4,no_pid,3.974,2.6381,-0.3183,-9.480,9.480,-0.3183,0.0997,0.3110,2.6381,2.500,2.500
4,no_pid,4.024,2.6758,-0.2930,-9.460,9.460,-0.2930,0.1365,0.3496,2.6758,2.500,2.500
4,no_pid,4.074,2.7229,-0.2715,-9.468,9.468,-0.2715,0.1632,0.3662,2.7229,2.500,2.500
4,no_pid,4.125,2.7571,-0.2599,-9.490,9.490,-0.2599,0.1694,0.3440,2.7571,2.500,2.500
4,no_pid,4.175,2.8194,-0.2449,-9.571,9.571,-0.2449,0.1812,0.3340,2.8194,2.500,2.500
4,no_pid,4.225,2.8848,-0.2354,-9.755,9.755,-0.2354,0.1819,0.3048,2.8848,2.500,2.500
4,no_pid,4.275,2.9232,-0.2319,-9.917,9.917,-0.2319,0.1717,0.2584,2.9232,2.500,2.500
4,no_pid,4.326,2.9952,-0.2279,-10.293,10.293,-0.2279,0.1632,0.2193,2.9952,2.500,2.500
4,no_pid,4.376,3.0676,-0.2255,-10.748,10.748,-0.2255,0.1526,0.1800,3.0676,2.500,2.500
4,no_pid,4.426,3.1572,-0.2236,-11.386,11.386,-0.2236,0.1421,0.1444,3.1572,2.500,2.500
4,no_pid,4.477,3.2405,-0.2234,-12.016,12.016,-0.2234,0.1295,0.1084,3.2405,2.500,2.500
4,no_pid,4.527,3.3290,-0.2243,-12.709,12.709,-0.2243,0.1160,0.0739,3.3290,2.500,2.500
4,no_pid,4.577,3.4054,-0.2256,-13.316,13.316,-0.2256,0.1029,0.0434,3.4054,2.500,2.500
4,no_pid,4.628,3.5273,-0.2285,-14.291,14.291,-0.2285,0.0884,0.0130,3.5273,2.500,2.500
4,no_pid,4.678,3.6349,-0.2320,-15.152,15.152,-0.2320,0.0738,-0.0147,3.6349,2.500,2.500
4,no_pid,4.729,3.7407,-0.2366,-15.998,15.998,-0.2366,0.0588,-0.0406,3.7407,2.500,2.500
4,no_pid,4.779,3.8231,-0.2407,-16.653,16.653,-0.2407,0.0459,-0.0603,3.8231,2.500,2.500
4,no_pid,4.829,3.9507,-0.2482,-17.660,17.660,-0.2482,0.0282,-0.0870,3.9507,2.500,2.500
4,no_pid,4.879,4.0876,-0.2569,-18.732,18.732,-0.2569,0.0098,-0.1124,4.0876,2.500,2.500
4,no_pid,4.930,4.2273,-0.2652,-19.816,19.816,-0.2652,-0.0063,-0.1314,4.2273,2.500,2.500
4,no_pid,4.980,4.3349,-0.2715,-20.641,20.641,-0.2715,-0.0172,-0.1392,4.3349,2.500,2.500
4,no_pid,5.030,4.5127,-0.2831,-21.976,21.976,-0.2831,-0.0366,-0.1618,4.5127,2.500,2.500
4,no_pid,5.080,4.6647,-0.2937,-23.059,23.059,-0.2937,-0.0525,-0.1760,4.6647,2.500,2.500
4,no_pid,5.131,4.7609,-0.3005,-23.705,23.705,-0.3005,-0.0601,-0.1737,4.7609,2.500,2.500
4,no_pid,5.181,4.9494,-0.3137,-24.865,24.865,-0.3137,-0.0786,-0.1914,4.9494,2.500,2.500
4,no_pid,5.231,5.1228,-0.3266,-25.831,25.831,-0.3266,-0.0949,-0.2035,5.1228,2.500,2.500
4,no_pid,5.281,5.2840,-0.3389,-26.639,26.639,-0.3389,-0.1085,-0.2097,5.2840,2.500,2.500
4,no_pid,5.332,5.4201,-0.3494,-27.254,27.254,-0.3494,-0.1178,-0.2074,5.4201,2.500,2.500
4,no_pid,5.382,5.6279,-0.3676,-28.082,28.082,-0.3676,-0.1400,-0.2288,5.6279,2.500,2.500
4,no_pid,5.432,5.7686,-0.3822,-28.564,28.564,-0.3822,-0.1538,-0.2331,5.7686,2.500,2.500
4,no_pid,5.482,5.9740,-0.4070,-29.148,29.148,-0.4070,-0.1849,-0.2683,5.9740,2.500,2.500
4,no_pid,5.533,6.1427,-0.4304,-29.523,29.523,-0.4304,-0.2104,-0.2901,6.1427,2.500,2.500
4,no_pid,5.583,6.3366,-0.4605,-29.866,29.866,-0.4605,-0.2459,-0.3280,6.3366,2.500,2.500
4,no_pid,5.634,6.4902,-0.4866,-30.080,30.080,-0.4866,-0.2707,-0.3430,6.4902,2.500,2.500
4,no_pid,5.684,6.6763,-0.5204,-30.263,30.263,-0.5204,-0.3074,-0.3785,6.6763,2.500,2.500
4,no_pid,5.734,6.8345,-0.5507,-30.365,30.365,-0.5507,-0.3344,-0.3928,6.8345,2.500,2.500
4,no_pid,5.785,7.0230,-0.5878,-30.457,30.457,-0.5878,-0.3712,-0.4236,7.0230,2.500,2.500
4,no_pid,5.835,7.1594,-0.6147,-30.544,30.544,-0.6147,-0.3861,-0.4119,7.1594,2.500,2.500
4,no_pid,5.885,7.3415,-0.6484,-30.750,30.750,-0.6484,-0.4120,-0.4213,7.3415,2.500,2.500
4,no_pid,5.936,7.4920,-0.6726,-31.037,31.037,-0.6726,-0.4184,-0.3945,7.4920,2.500,2.500
4,no_pid,5.986,7.5815,-0.6863,-31.259,31.259,-0.6863,-0.4050,-0.3341,7.5815,2.500,2.500
4,no_pid,6.036,7.7341,-0.7069,-31.735,31.735,-0.7069,-0.4054,-0.3044,7.7341,2.500,2.500
4,no_pid,6.087,7.8602,-0.7220,-32.232,32.232,-0.7220,-0.3957,-0.2588,7.8602,2.500,2.500
4,no_pid,6.137,8.0066,-0.7434,-32.928,32.928,-0.7434,-0.3985,-0.2401,8.0066,2.500,2.500
4,no_pid,6.187,8.1228,-0.7655,-33.581,33.581,-0.7655,-0.4021,-0.2248,8.1228,2.500,2.500
4,no_pid,6.237,8.2236,-0.7930,-34.232,34.232,-0.7930,-0.4154,-0.2284,8.2236,2.500,2.500
4,no_pid,6.288,8.2992,-0.8221,-34.779,34.779,-0.8221,-0.4305,-0.2350,8.2992,2.500,2.500
4,no_pid,6.338,8.3327,-0.8400,-35.059,35.059,-0.8400,-0.4235,-0.2010,8.3327,2.500,2.500
4,no_pid,6.388,8.3711,-0.8698,-35.464,35.464,-0.8698,-0.4391,-0.2110,8.3711,2.500,2.500
4,no_pid,6.438,8.3923,-0.8977,-35.790,35.790,-0.8977,-0.4497,-0.2109,8.3923,2.500,2.500
4,no_pid,6.489,8.4037,-0.9238,-36.051,36.051,-0.9238,-0.4560,-0.2030,8.4037,2.500,2.500
4,no_pid,6.539,8.4099,-0.9466,-36.250,36.250,-0.9466,-0.4556,-0.1838,8.4099,2.500,2.500
4,no_pid,6.589,8.4141,-0.9692,-36.424,36.424,-0.9692,-0.4551,-0.1661,8.4141,2.500,2.500
4,no_pid,6.640,8.4174,-0.9958,-36.603,36.603,-0.9958,-0.4619,-0.1632,8.4174,2.500,2.500
4,no_pid,6.690,8.4183,-1.0305,-36.793,36.793,-1.0305,-0.4827,-0.1860,8.4183,2.500,2.500
4,no_pid,6.740,8.4144,-1.0574,-36.906,36.906,-1.0574,-0.4875,-0.1777,8.4144,2.500,2.500
4,no_pid,6.791,8.4072,-1.0776,-36.971,36.971,-1.0776,-0.4795,-0.1470,8.4072,2.500,2.500
4,no_pid,6.841,8.3869,-1.1083,-37.043,37.043,-1.1083,-0.4915,-0.1554,8.3869,2.500,2.500
4,no_pid,6.891,8.3715,-1.1269,-37.075,37.075,-1.1269,-0.4805,-0.1212,8.3715,2.500,2.500
4,no_pid,6.941,8.3496,-1.1514,-37.109,37.109,-1.1514,-0.4811,-0.1113,8.3496,2.500,2.500
4,no_pid,6.992,8.3375,-1.1648,-37.122,37.122,-1.1648,-0.4616,-0.0656,8.3375,2.500,2.500
4,no_pid,7.042,8.3239,-1.1804,-37.122,37.122,-1.1804,-0.4477,-0.0345,8.3239,2.500,2.500
4,no_pid,7.092,8.3179,-1.1881,-37.112,37.112,-1.1881,-0.4209,0.0175,8.3179,2.500,2.500
4,no_pid,7.143,8.3126,-1.1964,-37.089,37.089,-1.1964,-0.3973,0.0587,8.3126,2.500,2.500
4,no_pid,7.193,8.3083,-1.2039,-37.066,37.066,-1.2039,-0.3746,0.0947,8.3083,2.500,2.500
4,no_pid,7.243,8.3037,-1.2123,-37.044,37.044,-1.2123,-0.3555,0.1206,8.3037,2.500,2.500
4,no_pid,7.294,8.3005,-1.2190,-37.034,37.034,-1.2190,-0.3352,0.1465,8.3005,2.500,2.500
4,no_pid,7.344,8.2977,-1.2261,-37.027,37.027,-1.2261,-0.3176,0.1651,8.2977,2.500,2.500
4,no_pid,7.394,8.2961,-1.2309,-37.026,37.026,-1.2309,-0.2972,0.1871,8.2961,2.500,2.500
4,no_pid,7.444,8.2946,-1.2358,-37.027,37.027,-1.2358,-0.2790,0.2030,8.2946,2.500,2.500
4,no_pid,7.495,8.2928,-1.2431,-37.029,37.029,-1.2431,-0.2668,0.2067,8.2928,2.500,2.500
4,no_pid,7.545,8.2912,-1.2504,-37.029,37.029,-1.2504,-0.2556,0.2082,8.2912,2.500,2.500
4,no_pid,7.595,8.2903,-1.2552,-37.026,37.026,-1.2552,-0.2410,0.2157,8.2903,2.500,2.500
4,no_pid,7.646,8.2890,-1.2622,-37.017,37.017,-1.2622,-0.2318,0.2127,8.2890,2.500,2.500
4,no_pid,7.696,8.2880,-1.2680,-37.007,37.007,-1.2680,-0.2211,0.2127,8.2880,2.500,2.500
4,no_pid,7.746,8.2871,-1.2742,-36.996,36.996,-1.2742,-0.2121,0.2096,8.2871,2.500,2.500
4,no_pid,7.796,8.2862,-1.2806,-36.982,36.982,-1.2806,-0.2045,0.2043,8.2862,2.500,2.500
4,no_pid,7.847,8.2855,-1.2865,-36.968,36.968,-1.2865,-0.1964,0.2002,8.2855,2.500,2.500
4,no_pid,7.897,8.2852,-1.2909,-36.957,36.957,-1.2909,-0.1865,0.1999,8.2852,2.500,2.500
4,no_pid,7.947,8.2879,-1.2963,-36.936,36.936,-1.2963,-0.1792,0.1950,8.2879,2.500,2.500
4,no_pid,7.998,8.3015,-1.2989,-36.915,36.915,-1.2989,-0.1677,0.1981,8.3015,2.500,2.500
4,no_pid,8.048,8.3222,-1.3026,-36.908,36.908,-1.3026,-0.1591,0.1957,8.3222,2.500,2.500
4,no_pid,8.098,8.3530,-1.3106,-36.918,36.918,-1.3106,-0.1591,0.1778,8.3530,2.500,2.500
4,no_pid,8.148,8.3760,-1.3179,-36.933,36.933,-1.3179,-0.1577,0.1640,8.3760,2.500,2.500
4,no_pid,8.199,8.4196,-1.3347,-36.972,36.972,-1.3347,-0.1739,0.1196,8.4196,2.500,2.500
4,no_pid,8.249,8.4732,-1.3596,-37.060,37.060,-1.3596,-0.2033,0.0552,8.4732,2.500,2.500
4,no_pid,8.299,8.5123,-1.3794,-37.169,37.169,-1.3794,-0.2206,0.0187,8.5123,2.500,2.500
4,no_pid,8.350,8.5744,-1.4115,-37.430,37.430,-1.4115,-0.2589,-0.0524,8.5744,2.500,2.500
4,no_pid,8.400,8.6309,-1.4403,-37.757,37.757,-1.4403,-0.2875,-0.0996,8.6309,2.500,2.500
4,no_pid,8.450,8.6698,-1.4601,-38.026,38.026,-1.4601,-0.2972,-0.1081,8.6698,2.500,2.500
4,no_pid,8.501,8.6980,-1.4752,-38.236,38.236,-1.4752,-0.2973,-0.0985,8.6980,2.500,2.500
4,no_pid,8.551,8.7385,-1.4990,-38.528,38.528,-1.4990,-0.3134,-0.1188,8.7385,2.500,2.500
4,no_pid,8.601,8.7710,-1.5209,-38.713,38.713,-1.5209,-0.3246,-0.1282,8.7710,2.500,2.500
4,no_pid,8.652,8.8002,-1.5433,-38.816,38.816,-1.5433,-0.3355,-0.1363,8.8002,2.500,2.500
4,no_pid,8.702,8.8229,-1.5619,-38.848,38.848,-1.5619,-0.3387,-0.1296,8.8229,2.500,2.500
4,no_pid,8.752,8.8518,-1.5868,-38.825,38.825,-1.5868,-0.3530,-0.1438,8.8518,2.500,2.500
4,no_pid,8.803,8.8817,-1.6135,-38.730,38.730,-1.6135,-0.3692,-0.1601,8.8817,2.500,2.500
4,no_pid,8.853,8.9086,-1.6372,-38.596,38.596,-1.6372,-0.3784,-0.1622,8.9086,2.500,2.500
4,no_pid,8.903,8.9376,-1.6612,-38.423,38.423,-1.6612,-0.3877,-0.1642,8.9376,2.500,2.500
4,no_pid,8.953,8.9679,-1.6852,-38.215,38.215,-1.6852,-0.3958,-0.1640,8.9679,2.500,2.500
4,no_pid,9.004,8.9978,-1.7076,-37.992,37.992,-1.7076,-0.4002,-0.1570,8.9978,2.500,2.500
4,no_pid,9.054,9.0275,-1.7282,-37.764,37.764,-1.7282,-0.4012,-0.1444,9.0275,2.500,2.500
4,no_pid,9.104,9.0622,-1.7507,-37.498,37.498,-1.7507,-0.4054,-0.1390,9.0622,2.500,2.500
4,no_pid,9.154,9.0850,-1.7646,-37.331,37.331,-1.7646,-0.3937,-0.1049,9.0850,2.500,2.500
4,no_pid,9.205,9.1221,-1.7860,-37.085,37.085,-1.7860,-0.3966,-0.1005,9.1221,2.500,2.500
4,no_pid,9.255,9.1596,-1.8067,-36.874,36.874,-1.8067,-0.3979,-0.0939,9.1596,2.500,2.500
4,no_pid,9.305,9.1851,-1.8205,-36.757,36.757,-1.8205,-0.3867,-0.0649,9.1851,2.500,2.500
4,no_pid,9.356,9.2207,-1.8402,-36.622,36.622,-1.8402,-0.3871,-0.0596,9.2207,2.500,2.500
4,no_pid,9.406,9.2446,-1.8537,-36.543,36.543,-1.8537,-0.3763,-0.0346,9.2446,2.500,2.500
4,no_pid,9.456,9.2792,-1.8741,-36.427,36.427,-1.8741,-0.3790,-0.0363,9.2792,2.500,2.500
4,no_pid,9.506,9.3097,-1.8928,-36.306,36.306,-1.8928,-0.3783,-0.0318,9.3097,2.500,2.500
4,no_pid,9.557,9.3306,-1.9060,-36.207,36.207,-1.9060,-0.3678,-0.0097,9.3306,2.500,2.500
4,no_pid,9.607,9.3631,-1.9270,-36.021,36.021,-1.9270,-0.3724,-0.0173,9.3631,2.500,2.500
4,no_pid,9.657,9.4009,-1.9518,-35.761,35.761,-1.9518,-0.3834,-0.0356,9.4009,2.500,2.500
4,no_pid,9.707,9.4257,-1.9679,-35.571,35.571,-1.9679,-0.3776,-0.0219,9.4257,2.500,2.500
4,no_pid,9.758,9.4642,-1.9922,-35.259,35.259,-1.9922,-0.3873,-0.0374,9.4642,2.500,2.500
4,no_pid,9.808,9.4971,-2.0124,-34.988,34.988,-2.0124,-0.3885,-0.0362,9.4971,2.500,2.500
4,no_pid,9.858,9.5374,-2.0363,-34.664,34.664,-2.0363,-0.3965,-0.0474,9.5374,2.500,2.500
4,no_pid,9.909,9.5689,-2.0545,-34.427,34.427,-2.0545,-0.3934,-0.0374,9.5689,2.500,2.500
4,no_pid,9.959,9.6139,-2.0798,-34.125,34.125,-2.0798,-0.4034,-0.0522,9.6139,2.500,2.500
4,no_pid,10.009,9.6518,-2.1008,-33.909,33.909,-2.1008,-0.4047,-0.0498,9.6518,2.500,2.500
4,no_pid,10.060,9.6992,-2.1270,-33.685,33.685,-2.1270,-0.4153,-0.0646,9.6992,2.500,2.500
4,no_pid,10.110,9.7550,-2.1577,-33.476,33.476,-2.1577,-0.4332,-0.0911,9.7550,2.500,2.500
4,no_pid,10.160,9.8155,-2.1908,-33.305,33.305,-2.1908,-0.4537,-0.1202,9.8155,2.500,2.500
4,no_pid,10.210,9.8608,-2.2154,-33.205,33.205,-2.2154,-0.4569,-0.1149,9.8608,2.500,2.500
4,no_pid,10.261,9.9242,-2.2496,-33.093,33.093,-2.2496,-0.4773,-0.1416,9.9242,2.500,2.500
4,no_pid,10.311,10.0033,-2.2919,-32.978,32.978,-2.2919,-0.5105,-0.1890,10.0033,2.500,2.500
4,no_pid,10.361,10.0798,-2.3317,-32.871,32.871,-2.3317,-0.5362,-0.2183,10.0798,2.500,2.500
4,no_pid,10.412,10.1287,-2.3562,-32.802,32.802,-2.3562,-0.5318,-0.1903,10.1287,2.500,2.500
4,no_pid,10.462,10.1876,-2.3841,-32.710,32.710,-2.3841,-0.5340,-0.1770,10.1876,2.500,2.500
4,no_pid,10.512,10.2449,-2.4091,-32.604,32.604,-2.4091,-0.5305,-0.1545,10.2449,2.500,2.500
4,no_pid,10.563,10.3001,-2.4306,-32.479,32.479,-2.4306,-0.5210,-0.1230,10.3001,2.500,2.500
4,no_pid,10.613,10.3542,-2.4499,-32.333,32.333,-2.4499,-0.5083,-0.0888,10.3542,2.500,2.500
4,no_pid,10.663,10.4121,-2.4692,-32.158,32.158,-2.4692,-0.4970,-0.0602,10.4121,2.500,2.500
4,no_pid,10.714,10.4508,-2.4819,-32.036,32.036,-2.4819,-0.4746,-0.0139,10.4508,2.500,2.500
4,no_pid,10.764,10.5232,-2.5058,-31.808,31.808,-2.5058,-0.4747,-0.0127,10.5232,2.500,2.500
4,no_pid,10.814,10.5772,-2.5239,-31.644,31.644,-2.5239,-0.4642,0.0075,10.5772,2.500,2.500
4,no_pid,10.864,10.6670,-2.5534,-31.402,31.402,-2.5534,-0.4755,-0.0137,10.6670,2.500,2.500
4,no_pid,10.915,10.7587,-2.5828,-31.196,31.196,-2.5828,-0.4854,-0.0304,10.7587,2.500,2.500
4,no_pid,10.965,10.8384,-2.6079,-31.053,31.053,-2.6079,-0.4864,-0.0296,10.8384,2.500,2.500
4,no_pid,11.015,10.9330,-2.6374,-30.928,30.928,-2.6374,-0.4957,-0.0436,10.9330,2.500,2.500
4,no_pid,11.066,11.0346,-2.6692,-30.844,30.844,-2.6692,-0.5082,-0.0624,11.0346,2.500,2.500
4,no_pid,11.116,11.1050,-2.6918,-30.804,30.804,-2.6918,-0.5028,-0.0468,11.1050,2.500,2.500
4,no_pid,11.166,11.2034,-2.7254,-30.751,30.751,-2.7254,-0.5179,-0.0700,11.2034,2.500,2.500
4,no_pid,11.217,11.3132,-2.7673,-30.657,30.657,-2.7673,-0.5467,-0.1159,11.3132,2.500,2.500
4,no_pid,11.267,11.4042,-2.8071,-30.516,30.516,-2.8071,-0.5689,-0.1458,11.4042,2.500,2.500
4,no_pid,11.317,11.4895,-2.8493,-30.302,30.302,-2.8493,-0.5938,-0.1777,11.4895,2.500,2.500
4,no_pid,11.367,11.5466,-2.8808,-30.083,30.083,-2.8808,-0.5967,-0.1668,11.5466,2.500,2.500
4,no_pid,11.418,11.6121,-2.9198,-29.701,29.701,-2.9198,-0.6131,-0.1814,11.6121,2.500,2.500
4,no_pid,11.468,11.6539,-2.9472,-29.323,29.323,-2.9472,-0.6069,-0.1535,11.6539,2.500,2.500
4,no_pid,11.518,11.6862,-2.9710,-28.914,28.914,-2.9710,-0.5946,-0.1172,11.6862,2.500,2.500
4,no_pid,11.569,11.7069,-2.9873,-28.596,28.596,-2.9873,-0.5699,-0.0616,11.7069,2.500,2.500
4,no_pid,11.619,11.7347,-3.0099,-28.121,28.121,-3.0099,-0.5588,-0.0357,11.7347,2.500,2.500
4,no_pid,11.669,11.7605,-3.0305,-27.651,27.651,-3.0305,-0.5453,-0.0078,11.7605,2.500,2.500
4,no_pid,11.719,11.7810,-3.0466,-27.253,27.253,-3.0466,-0.5247,0.0303,11.7810,2.500,2.500
4,no_pid,11.770,11.8030,-3.0633,-26.787,26.787,-3.0633,-0.5071,0.0594,11.8030,2.500,2.500
4,no_pid,11.820,11.8167,-3.0733,-26.475,26.475,-3.0733,-0.4789,0.1054,11.8167,2.500,2.500
4,no_pid,11.870,11.8412,-3.0897,-25.875,25.875,-3.0897,-0.4651,0.1208,11.8412,2.500,2.500
4,no_pid,11.921,11.8633,-3.1032,-25.290,25.290,-3.1032,-0.4469,0.1427,11.8633,2.500,2.500
4,no_pid,11.971,11.8915,-3.1184,-24.486,24.486,-3.1184,-0.4337,0.1536,11.8915,2.500,2.500
4,no_pid,12.021,11.9195,-3.1318,-23.623,23.623,-3.1318,-0.4184,0.1674,11.9195,2.500,2.500
4,no_pid,12.072,11.9461,-3.1430,-22.769,22.769,-3.1430,-0.4004,0.1847,11.9461,2.500,2.500
4,no_pid,12.122,11.9764,-3.1542,-21.771,21.771,-3.1542,-0.3843,0.1972,11.9764,2.500,2.500
4,no_pid,12.172,12.0123,-3.1660,-20.577,20.577,-3.1660,-0.3704,0.2044,12.0123,2.500,2.500
4,no_pid,12.223,12.0392,-3.1738,-19.704,19.704,-3.1738,-0.3508,0.2214,12.0392,2.500,2.500
4,no_pid,12.273,12.0845,-3.1855,-18.318,18.318,-3.1855,-0.3399,0.2208,12.0845,2.500,2.500
4,no_pid,12.323,12.1183,-3.1932,-17.390,17.390,-3.1932,-0.3229,0.2316,12.1183,2.500,2.500
4,no_pid,12.374,12.1751,-3.2046,-16.057,16.057,-3.2046,-0.3142,0.2263,12.1751,2.500,2.500
4,no_pid,12.424,12.2182,-3.2122,-15.223,15.223,-3.2122,-0.2992,0.2328,12.2182,2.500,2.500
4,no_pid,12.474,12.2875,-3.2222,-14.124,14.124,-3.2222,-0.2900,0.2282,12.2875,2.500,2.500
4,no_pid,12.524,12.3440,-3.2286,-13.406,13.406,-3.2286,-0.2751,0.2345,12.3440,2.500,2.500
4,no_pid,12.575,12.4022,-3.2345,-12.802,12.802,-3.2345,-0.2607,0.2393,12.4022,2.500,2.500
4,no_pid,12.625,12.4947,-3.2432,-12.067,12.067,-3.2432,-0.2527,0.2319,12.4947,2.500,2.500
4,no_pid,12.675,12.5393,-3.2465,-11.792,11.792,-3.2465,-0.2355,0.2419,12.5393,2.500,2.500
4,no_pid,12.726,12.6430,-3.2520,-11.309,11.309,-3.2520,-0.2239,0.2407,12.6430,2.500,2.500
4,no_pid,12.776,12.7436,-3.2564,-11.011,11.011,-3.2564,-0.2114,0.2415,12.7436,2.500,2.500
4,no_pid,12.827,12.8489,-3.2596,-10.827,10.827,-3.2596,-0.1980,0.2438,12.8489,2.500,2.500
4,no_pid,12.877,12.9853,-3.2623,-10.702,10.702,-3.2623,-0.1848,0.2455,12.9853,2.500,2.500
4,no_pid,12.927,13.0806,-3.2636,-10.658,10.658,-3.2636,-0.1703,0.2494,13.0806,2.500,2.500
4,no_pid,12.977,13.2099,-3.2647,-10.611,10.611,-3.2647,-0.1568,0.2512,13.2099,2.500,2.500
4,no_pid,13.028,13.3248,-3.2656,-10.552,10.552,-3.2656,-0.1441,0.2513,13.3248,2.500,2.500
4,no_pid,13.078,13.4221,-3.2674,-10.493,10.493,-3.2674,-0.1342,0.2463,13.4221,2.500,2.500
4,no_pid,13.128,13.5650,-3.2719,-10.392,10.392,-3.2719,-0.1301,0.2313,13.5650,2.500,2.500
4,no_pid,13.178,13.6893,-3.2773,-10.273,10.273,-3.2773,-0.1281,0.2139,13.6893,2.500,2.500
4,no_pid,13.229,13.8061,-3.2839,-10.123,10.123,-3.2839,-0.1284,0.1938,13.8061,2.500,2.500
4,no_pid,13.279,13.9004,-3.2906,-9.973,9.973,-3.2906,-0.1287,0.1754,13.9004,2.500,2.500
4,no_pid,13.329,14.0214,-3.3010,-9.743,9.743,-3.3010,-0.1357,0.1466,14.0214,2.500,2.500
4,no_pid,13.380,14.1533,-3.3136,-9.464,9.464,-3.3136,-0.1462,0.1141,14.1533,2.500,2.500
4,no_pid,13.431,14.2702,-3.3253,-9.203,9.203,-3.3253,-0.1540,0.0895,14.2702,2.500,2.500
4,no_pid,13.481,14.4077,-3.3389,-8.876,8.876,-3.3389,-0.1646,0.0620,14.4077,2.500,2.500
4,no_pid,13.531,14.5405,-3.3522,-8.546,8.546,-3.3522,-0.1737,0.0399,14.5405,2.500,2.500
4,no_pid,13.582,14.6402,-3.3625,-8.289,8.289,-3.3625,-0.1765,0.0311,14.6402,2.500,2.500
4,no_pid,13.632,14.7995,-3.3804,-7.866,7.866,-3.3804,-0.1929,-0.0017,14.7995,2.500,2.500
4,no_pid,13.682,14.9636,-3.4001,-7.416,7.416,-3.4001,-0.2112,-0.0347,14.9636,2.500,2.500
4,no_pid,13.733,15.1309,-3.4222,-6.969,6.969,-3.4222,-0.2319,-0.0691,15.1309,2.500,2.500
4,no_pid,13.783,15.2877,-3.4433,-6.571,6.571,-3.4433,-0.2492,-0.0942,15.2877,2.500,2.500
4,no_pid,13.833,15.4681,-3.4682,-6.156,6.156,-3.4682,-0.2715,-0.1262,15.4681,2.500,2.500
4,no_pid,13.884,15.6681,-3.4956,-5.752,5.752,-3.4956,-0.2965,-0.1601,15.6681,2.500,2.500
4,no_pid,13.934,15.8063,-3.5142,-5.493,5.493,-3.5142,-0.3032,-0.1576,15.8063,2.500,2.500
4,no_pid,13.984,16.0189,-3.5426,-5.099,5.099,-3.5426,-0.3271,-0.1865,16.0189,2.500,2.500
4,no_pid,14.035,16.1630,-3.5615,-4.807,4.807,-3.5615,-0.3315,-0.1776,16.1630,2.500,2.500
4,no_pid,14.085,16.3737,-3.5882,-4.351,4.351,-3.5882,-0.3498,-0.1945,16.3737,2.500,2.500
4,no_pid,14.135,16.5388,-3.6082,-3.971,3.971,-3.6082,-0.3541,-0.1846,16.5388,2.500,2.500
4,no_pid,14.185,16.7521,-3.6334,-3.410,3.410,-3.6334,-0.3676,-0.1922,16.7521,2.500,2.500
4,no_pid,14.236,16.8812,-3.6491,-2.967,2.967,-3.6491,-0.3624,-0.1652,16.8812,2.500,2.500
4,no_pid,14.286,17.0403,-3.6691,-2.122,2.122,-3.6691,-0.3656,-0.1559,17.0403,2.500,2.500
4,no_pid,14.336,17.1115,-3.6785,-1.468,1.468,-3.6785,-0.3493,-0.1120,17.1115,2.500,2.500
4,no_pid,14.387,17.1790,-3.6902,-0.411,0.411,-3.6902,-0.3385,-0.0822,17.1790,2.500,2.500
4,no_pid,14.437,17.2153,-3.7003,0.501,-0.501,-3.7003,-0.3259,-0.0517,17.2153,2.500,2.500
4,no_pid,14.488,17.2424,-3.7098,1.334,-1.334,-3.7098,-0.3133,-0.0241,17.2424,2.500,2.500
4,no_pid,14.538,17.2713,-3.7206,2.275,-2.275,-3.7206,-0.3043,-0.0056,17.2713,2.500,2.500
4,no_pid,14.588,17.2979,-3.7313,3.200,-3.200,-3.7313,-0.2959,0.0103,17.2979,2.500,2.500
4,no_pid,14.639,17.3152,-3.7387,3.857,-3.857,-3.7387,-0.2822,0.0342,17.3152,2.500,2.500
4,no_pid,14.689,17.3408,-3.7499,4.931,-4.931,-3.7499,-0.2769,0.0407,17.3408,2.500,2.500
4,no_pid,14.739,17.3617,-3.7594,5.918,-5.918,-3.7594,-0.2687,0.0518,17.3617,2.500,2.500
4,no_pid,14.789,17.3802,-3.7678,6.888,-6.888,-3.7678,-0.2596,0.0638,17.3802,2.500,2.500
4,no_pid,14.840,17.3932,-3.7736,7.606,-7.606,-3.7736,-0.2463,0.0820,17.3932,2.500,2.500
4,no_pid,14.890,17.4144,-3.7825,8.828,-8.828,-3.7825,-0.2401,0.0858,17.4144,2.500,2.500
4,no_pid,14.940,17.4328,-3.7899,9.925,-9.925,-3.7899,-0.2316,0.0934,17.4328,2.500,2.500
4,no_pid,14.991,17.4524,-3.7973,11.113,-11.113,-3.7973,-0.2239,0.0989,17.4524,2.500,2.500
4,no_pid,15.041,17.4653,-3.8017,11.882,-11.882,-3.8017,-0.2115,0.1124,17.4653,2.500,2.500
4,no_pid,15.091,17.4893,-3.8090,13.261,-13.261,-3.8090,-0.2053,0.1134,17.4893,2.500,2.500
4,no_pid,15.141,17.5110,-3.8144,14.439,-14.439,-3.8144,-0.1964,0.1193,17.5110,2.500,2.500
4,no_pid,15.192,17.5355,-3.8192,15.700,-15.700,-3.8192,-0.1872,0.1249,17.5355,2.500,2.500
4,no_pid,15.242,17.5624,-3.8229,16.973,-16.973,-3.8229,-0.1768,0.1325,17.5624,2.500,2.500
4,no_pid,15.292,17.5826,-3.8246,17.875,-17.875,-3.8246,-0.1637,0.1443,17.5826,2.500,2.500
4,no_pid,15.342,17.6142,-3.8252,19.185,-19.185,-3.8252,-0.1498,0.1562,17.6142,2.500,2.500
4,no_pid,15.393,17.6367,-3.8242,20.048,-20.048,-3.8242,-0.1343,0.1701,17.6367,2.500,2.500
4,no_pid,15.443,17.6701,-3.8205,21.219,-21.219,-3.8205,-0.1154,0.1889,17.6701,2.500,2.500
4,no_pid,15.493,17.6998,-3.8151,22.164,-22.164,-3.8151,-0.0949,0.2089,17.6998,2.500,2.500
4,no_pid,15.544,17.7316,-3.8069,23.087,-23.087,-3.8069,-0.0715,0.2324,17.7316,2.500,2.500
4,no_pid,15.594,17.7538,-3.7999,23.683,-23.683,-3.7999,-0.0521,0.2462,17.7538,2.500,2.500
4,no_pid,15.644,17.7912,-3.7860,24.595,-24.595,-3.7860,-0.0220,0.2784,17.7912,2.500,2.500
4,no_pid,15.695,17.8288,-3.7696,25.411,-25.411,-3.7696,0.0097,0.3105,17.8288,2.500,2.500
4,no_pid,15.745,17.8631,-3.7529,26.088,-26.088,-3.7529,0.0391,0.3357,17.8631,2.500,2.500
4,no_pid,15.795,17.8863,-3.7409,26.515,-26.515,-3.7409,0.0574,0.3382,17.8863,2.500,2.500
4,no_pid,15.846,17.9213,-3.7219,27.128,-27.128,-3.7219,0.0867,0.3605,17.9213,2.500,2.500
4,no_pid,15.896,17.9620,-3.6987,27.814,-27.814,-3.6987,0.1208,0.3897,17.9620,2.500,2.500
4,no_pid,15.946,17.9878,-3.6836,28.247,-28.247,-3.6836,0.1374,0.3841,17.9878,2.500,2.500
4,no_pid,15.997,18.0268,-3.6600,28.912,-28.912,-3.6600,0.1676,0.4038,18.0268,2.500,2.500
4,no_pid,16.047,18.0572,-3.6409,29.463,-29.463,-3.6409,0.1871,0.4023,18.0572,2.500,2.500
4,no_pid,16.097,18.0903,-3.6191,30.112,-30.112,-3.6191,0.2095,0.4062,18.0903,2.500,2.500
4,no_pid,16.148,18.1213,-3.5978,30.783,-30.783,-3.5978,0.2291,0.4047,18.1213,2.500,2.500
4,no_pid,16.198,18.1497,-3.5775,31.461,-31.461,-3.5775,0.2451,0.3967,18.1497,2.500,2.500
4,no_pid,16.248,18.1704,-3.5621,32.002,-32.002,-3.5621,0.2506,0.3706,18.1704,2.500,2.500
4,no_pid,16.299,18.1953,-3.5431,32.706,-32.706,-3.5431,0.2622,0.3578,18.1953,2.500,2.500
4,no_pid,16.349,18.2225,-3.5217,33.549,-33.549,-3.5217,0.2771,0.3522,18.2225,2.500,2.500
4,no_pid,16.399,18.2529,-3.4979,34.538,-34.538,-3.4979,0.2951,0.3527,18.2529,2.500,2.500
4,no_pid,16.449,18.2729,-3.4824,35.197,-35.197,-3.4824,0.2962,0.3225,18.2729,2.500,2.500
4,no_pid,16.500,18.2980,-3.4633,36.018,-36.018,-3.4633,0.3039,0.3069,18.2980,2.500,2.500
4,no_pid,16.550,18.3258,-3.4428,36.896,-36.896,-3.4428,0.3134,0.2963,18.3258,2.500,2.500
4,no_pid,16.600,18.3581,-3.4202,37.838,-37.838,-3.4202,0.3257,0.2914,18.3581,2.500,2.500
4,no_pid,16.651,18.3819,-3.4046,38.476,-38.476,-3.4046,0.3244,0.2624,18.3819,2.500,2.500
4,no_pid,16.701,18.4146,-3.3844,39.274,-39.274,-3.3844,0.3314,0.2512,18.4146,2.500,2.500
4,no_pid,16.751,18.4494,-3.3642,40.034,-40.034,-3.3642,0.3377,0.2396,18.4494,2.500,2.500
4,no_pid,16.802,18.4881,-3.3433,40.781,-40.781,-3.3433,0.3449,0.2307,18.4881,2.500,2.500
4,no_pid,16.852,18.5255,-3.3242,41.415,-41.415,-3.3242,0.3480,0.2154,18.5255,2.500,2.500
4,no_pid,16.902,18.5698,-3.3025,42.063,-42.063,-3.3025,0.3557,0.2096,18.5698,2.500,2.500
4,no_pid,16.952,18.6022,-3.2869,42.478,-42.478,-3.2869,0.3515,0.1828,18.6022,2.500,2.500
4,no_pid,17.003,18.6525,-3.2629,43.047,-43.047,-3.2629,0.3631,0.1872,18.6525,2.500,2.500
4,no_pid,17.053,18.6954,-3.2421,43.486,-43.486,-3.2421,0.3676,0.1783,18.6954,2.500,2.500
4,no_pid,17.103,18.7396,-3.2200,43.928,-43.928,-3.2200,0.3741,0.1737,18.7396,2.500,2.500
4,no_pid,17.154,18.7655,-3.2067,44.197,-44.197,-3.2067,0.3642,0.1399,18.7655,2.500,2.500
4,no_pid,17.204,18.8044,-3.1858,44.642,-44.642,-3.1858,0.3689,0.1356,18.8044,2.500,2.500
4,no_pid,17.254,18.8383,-3.1668,45.120,-45.120,-3.1668,0.3697,0.1247,18.8383,2.500,2.500
4,no_pid,17.305,18.8584,-3.1552,45.469,-45.469,-3.1552,0.3569,0.0900,18.8584,2.500,2.500
4,no_pid,17.355,18.8864,-3.1389,46.051,-46.051,-3.1389,0.3540,0.0765,18.8864,2.500,2.500
4,no_pid,17.405,18.9101,-3.1253,46.627,-46.627,-3.1253,0.3463,0.0556,18.9101,2.500,2.500
4,no_pid,17.455,18.9361,-3.1109,47.349,-47.349,-3.1109,0.3408,0.0406,18.9361,2.500,2.500
4,no_pid,17.506,18.9567,-3.1000,47.970,-47.970,-3.1000,0.3295,0.0162,18.9567,2.500,2.500
4,no_pid,17.556,18.9890,-3.0839,48.992,-48.992,-3.0839,0.3287,0.0134,18.9890,2.500,2.500
4,pid_xte,0.000,0.4436,-0.0591,-0.766,0.766,-0.0591,0.0000,0.0000,0.4436,0.000,6.000
4,pid_xte,0.050,0.4831,-0.0571,-0.945,0.945,-0.0571,0.0037,0.0066,0.4831,2.322,2.678
4,pid_xte,0.101,0.5174,-0.0546,-1.031,1.031,-0.0546,0.0077,0.0134,0.5174,2.363,2.637
4,pid_xte,0.151,0.5769,-0.0496,-1.220,1.220,-0.0496,0.0161,0.0275,0.5769,2.324,2.676
4,pid_xte,0.201,0.6379,-0.0436,-1.441,1.441,-0.0436,0.0257,0.0423,0.6379,2.315,2.685
4,pid_xte,0.252,0.7124,-0.0355,-1.712,1.712,-0.0355,0.0380,0.0608,0.7124,2.301,2.699
4,pid_xte,0.302,0.8017,-0.0255,-2.007,2.007,-0.0255,0.0527,0.0820,0.8017,2.299,2.701
4,pid_xte,0.352,0.8930,-0.0154,-2.267,2.267,-0.0154,0.0662,0.0991,0.8930,2.324,2.676
4,pid_xte,0.402,1.0118,-0.0030,-2.554,2.554,-0.0030,0.0827,0.1200,1.0118,2.326,2.674
4,pid_xte,0.453,1.0950,0.0050,-2.727,2.727,0.0050,0.0897,0.1217,1.0950,2.380,2.620
4,pid_xte,0.503,1.2269,0.0160,-2.973,2.973,0.0160,0.1015,0.1320,1.2269,2.359,2.641
4,pid_xte,0.553,1.3122,0.0216,-3.125,3.125,0.0216,0.1024,0.1216,1.3122,2.397,2.603
4,pid_xte,0.603,1.4125,0.0261,-3.302,3.302,0.0261,0.1011,0.1082,1.4125,2.381,2.619
4,pid_xte,0.654,1.5031,0.0276,-3.453,3.453,0.0276,0.0947,0.0866,1.5031,2.379,2.621
4,pid_xte,0.704,1.5730,0.0265,-3.555,3.555,0.0265,0.0841,0.0594,1.5730,2.382,2.618
4,pid_xte,0.754,1.6330,0.0227,-3.620,3.620,0.0227,0.0695,0.0274,1.6330,2.375,2.625
4,pid_xte,0.804,1.6744,0.0170,-3.640,3.640,0.0170,0.0528,-0.0054,1.6744,2.371,2.629
4,pid_xte,0.855,1.6965,0.0121,-3.636,3.636,0.0121,0.0390,-0.0300,1.6965,2.362,2.638
4,pid_xte,0.905,1.7264,0.0022,-3.604,3.604,0.0022,0.0174,-0.0664,1.7264,2.344,2.656
4,pid_xte,0.955,1.7524,-0.0099,-3.546,3.546,-0.0099,-0.0060,-0.1030,1.7524,2.322,2.678
4,pid_xte,1.005,1.7776,-0.0245,-3.462,3.462,-0.0245,-0.0321,-0.1409,1.7776,2.297,2.703
4,pid_xte,1.056,1.8014,-0.0410,-3.357,3.357,-0.0410,-0.0592,-0.1772,1.8014,2.268,2.732
4,pid_xte,1.106,1.8181,-0.0549,-3.264,3.264,-0.0549,-0.0790,-0.1970,1.8181,2.234,2.766
4,pid_xte,1.156,1.8395,-0.0768,-3.106,3.106,-0.0768,-0.1116,-0.2383,1.8395,2.215,2.785
4,pid_xte,1.207,1.8512,-0.0925,-2.979,2.979,-0.0925,-0.1300,-0.2499,1.8512,2.175,2.825
4,pid_xte,1.257,1.8630,-0.1143,-2.758,2.758,-0.1143,-0.1576,-0.2772,1.8630,2.176,2.824
4,pid_xte,1.307,1.8686,-0.1298,-2.539,2.539,-0.1298,-0.1714,-0.2770,1.8686,2.157,2.843
4,pid_xte,1.358,1.8712,-0.1436,-2.242,2.242,-0.1436,-0.1808,-0.2687,1.8712,2.182,2.818
4,pid_xte,1.408,1.8714,-0.1502,-2.020,2.020,-0.1502,-0.1763,-0.2361,1.8714,2.160,2.840
4,pid_xte,1.458,1.8696,-0.1584,-1.592,1.592,-0.1584,-0.1751,-0.2123,1.8696,2.261,2.739
4,pid_xte,1.508,1.8662,-0.1639,-1.173,1.173,-0.1639,-0.1691,-0.1820,1.8662,2.280,2.720
4,pid_xte,1.559,1.8613,-0.1693,-0.730,0.730,-0.1693,-0.1633,-0.1548,1.8613,2.313,2.687
4,pid_xte,1.609,1.8579,-0.1723,-0.483,0.483,-0.1723,-0.1539,-0.1236,1.8579,2.251,2.749
4,pid_xte,1.660,1.8513,-0.1773,-0.161,0.161,-0.1773,-0.1488,-0.1030,1.8513,2.299,2.701
4,pid_xte,1.710,1.8441,-0.1818,0.007,-0.007,-0.1818,-0.1435,-0.0838,1.8441,2.244,2.756
4,pid_xte,1.761,1.8375,-0.1856,0.051,-0.051,-0.1856,-0.1372,-0.0647,1.8375,2.198,2.802
4,pid_xte,1.811,1.8332,-0.1880,0.061,-0.061,-0.1880,-0.1289,-0.0437,1.8332,2.190,2.810
4,pid_xte,1.863,1.8265,-0.1917,0.068,-0.068,-0.1917,-0.1235,-0.0299,1.8265,2.191,2.809
4,pid_xte,1.915,1.8188,-0.1959,0.073,-0.073,-0.1959,-0.1195,-0.0198,1.8188,2.191,2.809
4,pid_xte,1.966,1.8137,-0.1987,0.077,-0.077,-0.1987,-0.1133,-0.0067,1.8137,2.194,2.806
4,pid_xte,2.018,1.8064,-0.2026,0.083,-0.083,-0.2026,-0.1099,0.0001,1.8064,2.194,2.806
4,pid_xte,2.070,1.8007,-0.2057,0.087,-0.087,-0.2057,-0.1051,0.0087,1.8007,2.196,2.804
4,pid_xte,2.122,1.7935,-0.2095,0.093,-0.093,-0.2095,-0.1022,0.0132,1.7935,2.195,2.805
4,pid_xte,2.172,1.7867,-0.2132,0.099,-0.099,-0.2132,-0.0996,0.0168,1.7867,2.195,2.805
4,pid_xte,2.222,1.7806,-0.2165,0.105,-0.105,-0.2165,-0.0964,0.0211,1.7806,2.195,2.805
4,pid_xte,2.273,1.7761,-0.2189,0.109,-0.109,-0.2189,-0.0920,0.0270,1.7761,2.197,2.803
4,pid_xte,2.323,1.7702,-0.2221,0.115,-0.115,-0.2221,-0.0894,0.0293,1.7702,2.197,2.803
4,pid_xte,2.375,1.7635,-0.2258,0.122,-0.122,-0.2258,-0.0877,0.0297,1.7635,2.196,2.804
4,pid_xte,2.425,1.7571,-0.2294,0.129,-0.129,-0.2294,-0.0862,0.0297,1.7571,2.194,2.806
4,pid_xte,2.476,1.7512,-0.2327,0.135,-0.135,-0.2327,-0.0843,0.0305,1.7512,2.193,2.807
4,pid_xte,2.526,1.7439,-0.2369,0.142,-0.142,-0.2369,-0.0842,0.0279,1.7439,2.189,2.811
4,pid_xte,2.577,1.7394,-0.2395,0.145,-0.145,-0.2395,-0.0813,0.0305,1.7394,2.188,2.812
4,pid_xte,2.627,1.7329,-0.2437,0.150,-0.150,-0.2437,-0.0815,0.0274,1.7329,2.185,2.815
4,pid_xte,2.677,1.7281,-0.2473,0.153,-0.153,-0.2473,-0.0805,0.0267,1.7281,2.181,2.819
4,pid_xte,2.728,1.7239,-0.2514,0.155,-0.155,-0.2514,-0.0806,0.0240,1.7239,2.177,2.823
4,pid_xte,2.778,1.7220,-0.2539,0.155,-0.155,-0.2539,-0.0778,0.0269,1.7220,2.177,2.823
4,pid_xte,2.829,1.7202,-0.2579,0.155,-0.155,-0.2579,-0.0779,0.0242,1.7202,2.172,2.828
4,pid_xte,2.879,1.7200,-0.2615,0.154,-0.154,-0.2615,-0.0772,0.0233,1.7200,2.169,2.831
4,pid_xte,2.930,1.7218,-0.2647,0.156,-0.156,-0.2647,-0.0760,0.0233,1.7218,2.168,2.832
4,pid_xte,2.980,1.7264,-0.2674,0.175,-0.175,-0.2674,-0.0740,0.0249,1.7264,2.175,2.825
4,pid_xte,3.030,1.7332,-0.2687,0.213,-0.213,-0.2687,-0.0695,0.0307,1.7332,2.189,2.811
4,pid_xte,3.081,1.7443,-0.2680,0.285,-0.285,-0.2680,-0.0618,0.0419,1.7443,2.215,2.785
4,pid_xte,3.131,1.7536,-0.2660,0.351,-0.351,-0.2660,-0.0525,0.0550,1.7536,2.227,2.773
4,pid_xte,3.182,1.7697,-0.2607,0.472,-0.472,-0.2607,-0.0381,0.0760,1.7697,2.276,2.724
4,pid_xte,3.233,1.7902,-0.2517,0.588,-0.588,-0.2517,-0.0182,0.1052,1.7902,2.309,2.691
4,pid_xte,3.283,1.8150,-0.2402,0.706,-0.706,-0.2402,0.0043,0.1365,1.8150,2.350,2.650
4,pid_xte,3.334,1.8610,-0.2227,0.889,-0.889,-0.2227,0.0357,0.1810,1.8610,2.436,2.564
4,pid_xte,3.384,1.8962,-0.2122,1.001,-1.001,-0.2122,0.0514,0.1928,1.8962,2.438,2.562
4,pid_xte,3.435,1.9610,-0.1964,1.171,-1.171,-0.1964,0.0754,0.2187,1.9610,2.511,2.489
4,pid_xte,3.485,2.0401,-0.1806,1.338,-1.338,-0.1806,0.0972,0.2383,2.0401,2.556,2.444
4,pid_xte,3.536,2.0951,-0.1715,1.436,-1.436,-0.1715,0.1049,0.2303,2.0951,2.549,2.451
4,pid_xte,3.586,2.1765,-0.1621,1.523,-1.523,-0.1621,0.1124,0.2228,2.1765,2.566,2.434
4,pid_xte,3.637,2.2355,-0.1570,1.507,-1.507,-0.1570,0.1112,0.2003,2.2355,2.526,2.474
4,pid_xte,3.687,2.2843,-0.1533,1.449,-1.449,-0.1533,0.1079,0.1759,2.2843,2.506,2.494
4,pid_xte,3.738,2.3618,-0.1472,1.302,-1.302,-0.1472,0.1090,0.1617,2.3618,2.470,2.530
4,pid_xte,3.789,2.4421,-0.1408,1.122,-1.122,-0.1408,0.1104,0.1493,2.4421,2.455,2.545
4,pid_xte,3.840,2.5331,-0.1341,0.914,-0.914,-0.1341,0.1124,0.1392,2.5331,2.440,2.560
4,pid_xte,3.891,2.6032,-0.1294,0.759,-0.759,-0.1294,0.1105,0.1227,2.6032,2.458,2.542
4,pid_xte,3.943,2.6997,-0.1232,0.555,-0.555,-0.1232,0.1115,0.1132,2.6997,2.434,2.566
4,pid_xte,3.994,2.8056,-0.1162,0.344,-0.344,-0.1162,0.1138,0.1068,2.8056,2.429,2.571
4,pid_xte,4.045,2.9237,-0.1078,0.122,-0.122,-0.1078,0.1185,0.1055,2.9237,2.426,2.574
4,pid_xte,4.096,3.0611,-0.0976,-0.121,0.121,-0.0976,0.1261,0.1094,3.0611,2.423,2.577
4,pid_xte,4.146,3.1521,-0.0910,-0.280,0.280,-0.0910,0.1264,0.0999,3.1521,2.455,2.545
4,pid_xte,4.197,3.2896,-0.0817,-0.517,0.517,-0.0817,0.1317,0.1003,3.2896,2.425,2.575
4,pid_xte,4.248,3.4178,-0.0731,-0.742,0.742,-0.0731,0.1351,0.0974,3.4178,2.430,2.570
4,pid_xte,4.298,3.5574,-0.0629,-0.994,0.994,-0.0629,0.1413,0.0996,3.5574,2.422,2.578
4,pid_xte,4.349,3.7056,-0.0513,-1.270,1.270,-0.0513,0.1493,0.1050,3.7056,2.418,2.582
4,pid_xte,4.400,3.8134,-0.0427,-1.475,1.475,-0.0427,0.1511,0.0986,3.8134,2.446,2.554
4,pid_xte,4.451,3.9784,-0.0292,-1.793,1.793,-0.0292,0.1618,0.1089,3.9784,2.407,2.593
4,pid_xte,4.501,4.1390,-0.0138,-2.082,2.082,-0.0138,0.1750,0.1229,4.1390,2.433,2.567
4,pid_xte,4.552,4.3252,0.0049,-2.363,2.363,0.0049,0.1928,0.1439,4.3252,2.457,2.543
4,pid_xte,4.602,4.4605,0.0192,-2.529,2.529,0.0192,0.2013,0.1462,4.4605,2.519,2.481
4,pid_xte,4.652,4.6674,0.0434,-2.740,2.740,0.0434,0.2267,0.1789,4.6674,2.539,2.461
4,pid_xte,4.703,4.8443,0.0665,-2.894,2.894,0.0665,0.2478,0.2009,4.8443,2.599,2.401
4,pid_xte,4.753,4.9693,0.0838,-2.996,2.996,0.0838,0.2566,0.1985,4.9693,2.641,2.359
4,pid_xte,4.804,5.1634,0.1118,-3.148,3.148,0.1118,0.2839,0.2300,5.1634,2.668,2.332
4,pid_xte,4.854,5.3830,0.1437,-3.312,3.312,0.1437,0.3159,0.2670,5.3830,2.718,2.282
4,pid_xte,4.905,5.5324,0.1645,-3.420,3.420,0.1645,0.3248,0.2586,5.5324,2.765,2.235
4,pid_xte,4.955,5.7523,0.1920,-3.581,3.581,0.1920,0.3450,0.2718,5.7523,2.783,2.217
4,pid_xte,5.005,5.9449,0.2136,-3.708,3.708,0.2136,0.3526,0.2605,5.9449,2.819,2.181
4,pid_xte,5.056,6.1461,0.2345,-3.822,3.822,0.2345,0.3583,0.2472,6.1461,2.846,2.154
4,pid_xte,5.106,6.3161,0.2506,-3.918,3.918,0.2506,0.3548,0.2182,6.3161,2.860,2.140
4,pid_xte,5.157,6.5538,0.2699,-4.120,4.120,0.2699,0.3574,0.2028,6.5538,2.828,2.172
4,pid_xte,5.207,6.7646,0.2855,-4.348,4.348,0.2855,0.3531,0.1764,6.7646,2.816,2.184
4,pid_xte,5.257,6.9016,0.2957,-4.520,4.520,0.2957,0.3392,0.1351,6.9016,2.827,2.173
4,pid_xte,5.308,7.1046,0.3132,-4.763,4.763,0.3132,0.3396,0.1233,7.1046,2.804,2.196
4,pid_xte,5.360,7.3304,0.3299,-5.037,5.037,0.3299,0.3382,0.1093,7.3304,2.792,2.208
4,pid_xte,5.411,7.5310,0.3365,-5.251,5.251,0.3365,0.3189,0.0642,7.5310,2.793,2.207
4,pid_xte,5.462,7.6600,0.3315,-5.326,5.326,0.3315,0.2802,-0.0120,7.6600,2.802,2.198
4,pid_xte,5.513,7.7633,0.3213,-5.268,5.268,0.3213,0.2357,-0.0916,7.7633,2.805,2.195
4,pid_xte,5.564,7.8224,0.3130,-5.130,5.130,0.3130,0.1989,-0.1502,7.8224,2.800,2.200
4,pid_xte,5.614,7.8832,0.2973,-4.802,4.802,0.2973,0.1523,-0.2211,7.8832,2.835,2.165
4,pid_xte,5.665,7.9082,0.2843,-4.542,4.542,0.2843,0.1147,-0.2691,7.9082,2.769,2.231
4,pid_xte,5.715,7.9320,0.2625,-4.133,4.133,0.2625,0.0644,-0.3357,7.9320,2.780,2.220
4,pid_xte,5.765,7.9480,0.2401,-3.723,3.723,0.2401,0.0179,-0.3895,7.9480,2.734,2.266
4,pid_xte,5.816,7.9639,0.2126,-3.212,3.212,0.2126,-0.0337,-0.4475,7.9639,2.723,2.277
4,pid_xte,5.866,7.9738,0.1931,-2.841,2.841,0.1931,-0.0660,-0.4653,7.9738,2.633,2.367
4,pid_xte,5.916,7.9856,0.1646,-2.275,2.275,0.1646,-0.1118,-0.5061,7.9856,2.669,2.331
4,pid_xte,5.967,7.9914,0.1415,-1.789,1.789,0.1415,-0.1435,-0.5172,7.9914,2.606,2.394
4,pid_xte,6.017,7.9926,0.1188,-1.267,1.267,0.1188,-0.1716,-0.5209,7.9926,2.598,2.402
4,pid_xte,6.068,7.9901,0.0985,-0.728,0.728,0.0985,-0.1928,-0.5117,7.9901,2.592,2.408
4,pid_xte,6.118,7.9859,0.0850,-0.284,0.284,0.0850,-0.1998,-0.4776,7.9859,2.555,2.445
4,pid_xte,6.168,7.9818,0.0761,0.082,-0.082,0.0761,-0.1976,-0.4301,7.9818,2.535,2.465
4,pid_xte,6.218,7.9751,0.0651,0.672,-0.672,0.0651,-0.1996,-0.3944,7.9751,2.647,2.353
4,pid_xte,6.269,7.9691,0.0561,1.263,-1.263,0.0561,-0.1977,-0.3549,7.9691,2.671,2.329
4,pid_xte,6.319,7.9650,0.0499,1.694,-1.694,0.0499,-0.1909,-0.3100,7.9650,2.627,2.373
4,pid_xte,6.369,7.9602,0.0425,2.201,-2.201,0.0425,-0.1869,-0.2745,7.9602,2.682,2.318
4,pid_xte,6.421,7.9568,0.0371,2.541,-2.541,0.0371,-0.1792,-0.2351,7.9568,2.630,2.370
4,pid_xte,6.471,7.9506,0.0272,3.107,-3.107,0.0272,-0.1809,-0.2166,7.9506,2.744,2.256
4,pid_xte,6.521,7.9439,0.0154,3.644,-3.644,0.0154,-0.1857,-0.2054,7.9439,2.743,2.257
4,pid_xte,6.572,7.9377,0.0032,4.083,-4.083,0.0032,-0.1908,-0.1958,7.9377,2.708,2.292
4,pid_xte,6.622,7.9309,-0.0122,4.512,-4.512,-0.0122,-0.2013,-0.1969,7.9309,2.701,2.299
4,pid_xte,6.673,7.9238,-0.0306,4.940,-4.940,-0.0306,-0.2163,-0.2062,7.9238,2.690,2.310
4,pid_xte,6.723,7.9188,-0.0455,5.264,-5.264,-0.0455,-0.2236,-0.2007,7.9188,2.641,2.359
4,pid_xte,6.774,7.9161,-0.0539,5.477,-5.477,-0.0539,-0.2184,-0.1728,7.9161,2.603,2.397
4,pid_xte,6.824,7.9139,-0.0606,5.740,-5.740,-0.0606,-0.2106,-0.1427,7.9139,2.638,2.362
4,pid_xte,6.874,7.9134,-0.0615,5.876,-5.876,-0.0615,-0.1929,-0.0975,7.9134,2.610,2.390
4,pid_xte,6.925,7.9133,-0.0596,6.013,-6.013,-0.0596,-0.1717,-0.0502,7.9133,2.640,2.360
4,pid_xte,6.975,7.9138,-0.0566,6.066,-6.066,-0.0566,-0.1505,-0.0071,7.9138,2.633,2.367
4,pid_xte,7.026,7.9149,-0.0523,6.072,-6.072,-0.0523,-0.1289,0.0329,7.9149,2.639,2.361
4,pid_xte,7.076,7.9160,-0.0487,6.048,-6.048,-0.0487,-0.1107,0.0630,7.9160,2.647,2.353
4,pid_xte,7.127,7.9190,-0.0449,5.985,-5.985,-0.0449,-0.0935,0.0884,7.9190,2.649,2.351
4,pid_xte,7.177,7.9280,-0.0536,5.901,-5.901,-0.0536,-0.1008,0.0671,7.9280,2.620,2.380
4,pid_xte,7.228,7.9382,-0.0663,5.839,-5.839,-0.0663,-0.1147,0.0357,7.9382,2.599,2.401
4,pid_xte,7.278,7.9609,-0.0890,5.755,-5.755,-0.0890,-0.1453,-0.0232,7.9609,2.532,2.468
4,pid_xte,7.328,7.9817,-0.1033,5.705,-5.705,-0.1033,-0.1580,-0.0441,7.9817,2.517,2.483
4,pid_xte,7.379,8.0208,-0.1216,5.635,-5.635,-0.1216,-0.1769,-0.0744,8.0208,2.468,2.532
4,pid_xte,7.429,8.0539,-0.1323,5.593,-5.593,-0.1323,-0.1801,-0.0734,8.0539,2.463,2.537
4,pid_xte,7.480,8.1072,-0.1449,5.565,-5.565,-0.1449,-0.1866,-0.0785,8.1072,2.448,2.552
4,pid_xte,7.530,8.1444,-0.1526,5.581,-5.581,-0.1526,-0.1835,-0.0658,8.1444,2.463,2.537
4,pid_xte,7.580,8.2001,-0.1649,5.671,-5.671,-0.1649,-0.1890,-0.0698,8.2001,2.481,2.519
4,pid_xte,7.631,8.2449,-0.1763,5.809,-5.809,-0.1763,-0.1924,-0.0695,8.2449,2.493,2.507
4,pid_xte,7.681,8.2718,-0.1841,5.922,-5.922,-0.1841,-0.1888,-0.0566,8.2718,2.484,2.516
4,pid_xte,7.732,8.3216,-0.2004,6.190,-6.190,-0.2004,-0.2013,-0.0741,8.3216,2.534,2.466
4,pid_xte,7.782,8.3631,-0.2156,6.455,-6.455,-0.2156,-0.2104,-0.0840,8.3631,2.522,2.478
4,pid_xte,7.832,8.3880,-0.2247,6.615,-6.615,-0.2247,-0.2076,-0.0711,8.3880,2.480,2.520
4,pid_xte,7.883,8.4264,-0.2371,6.831,-6.831,-0.2371,-0.2111,-0.0709,8.4264,2.499,2.501
4,pid_xte,7.933,8.4644,-0.2459,6.983,-6.983,-0.2459,-0.2078,-0.0584,8.4644,2.475,2.525
4,pid_xte,7.984,8.4985,-0.2502,7.064,-7.064,-0.2502,-0.1965,-0.0326,8.4985,2.457,2.543
4,pid_xte,8.034,8.5240,-0.2510,7.097,-7.097,-0.2510,-0.1800,0.0004,8.5240,2.454,2.546
4,pid_xte,8.084,8.5678,-0.2486,7.117,-7.117,-0.2486,-0.1592,0.0382,8.5678,2.473,2.527
4,pid_xte,8.135,8.6071,-0.2442,7.120,-7.120,-0.2442,-0.1367,0.0755,8.6071,2.493,2.507
4,pid_xte,8.185,8.6479,-0.2388,7.122,-7.122,-0.2388,-0.1143,0.1093,8.6479,2.521,2.479
4,pid_xte,8.235,8.6809,-0.2340,7.127,-7.127,-0.2340,-0.0952,0.1340,8.6809,2.546,2.454
4,pid_xte,8.286,8.7297,-0.2270,7.141,-7.141,-0.2270,-0.0738,0.1607,8.7297,2.579,2.421
4,pid_xte,8.336,8.7753,-0.2206,7.163,-7.163,-0.2206,-0.0554,0.1793,8.7753,2.608,2.392
4,pid_xte,8.387,8.8182,-0.2148,7.184,-7.184,-0.2148,-0.0398,0.1912,8.8182,2.630,2.370
4,pid_xte,8.437,8.8533,-0.2101,7.194,-7.194,-0.2101,-0.0276,0.1959,8.8533,2.643,2.357
4,pid_xte,8.488,8.8973,-0.2042,7.189,-7.189,-0.2042,-0.0144,0.2019,8.8973,2.656,2.344
4,pid_xte,8.538,8.9428,-0.1982,7.166,-7.166,-0.1982,-0.0021,0.2057,8.9428,2.665,2.335
4,pid_xte,8.589,8.9947,-0.1917,7.130,-7.130,-0.1917,0.0100,0.2088,8.9947,2.677,2.323
4,pid_xte,8.639,9.0323,-0.1872,7.106,-7.106,-0.1872,0.0171,0.2027,9.0323,2.692,2.308
4,pid_xte,8.689,9.0721,-0.1828,7.090,-7.090,-0.1828,0.0236,0.1960,9.0721,2.705,2.295
4,pid_xte,8.740,9.1179,-0.1780,7.091,-7.091,-0.1780,0.0301,0.1898,9.1179,2.724,2.276
4,pid_xte,8.790,9.1512,-0.1748,7.109,-7.109,-0.1748,0.0333,0.1783,9.1512,2.738,2.262
4,pid_xte,8.840,9.1994,-0.1702,7.162,-7.162,-0.1702,0.0386,0.1715,9.1994,2.766,2.234
4,pid_xte,8.891,9.2384,-0.1665,7.225,-7.225,-0.1665,0.0418,0.1617,9.2384,2.780,2.220
4,pid_xte,8.941,9.2811,-0.1623,7.302,-7.302,-0.1623,0.0456,0.1539,9.2811,2.798,2.202
4,pid_xte,8.991,9.3145,-0.1588,7.360,-7.360,-0.1588,0.0478,0.1439,9.3145,2.798,2.202
4,pid_xte,9.041,9.3622,-0.1534,7.424,-7.424,-0.1534,0.0532,0.1405,9.3622,2.815,2.185
4,pid_xte,9.092,9.4010,-0.1487,7.455,-7.455,-0.1487,0.0569,0.1343,9.4010,2.811,2.189
4,pid_xte,9.142,9.4314,-0.1449,7.465,-7.465,-0.1449,0.0586,0.1251,9.4314,2.809,2.191
4,pid_xte,9.193,9.4784,-0.1390,7.463,-7.463,-0.1390,0.0640,0.1234,9.4784,2.815,2.185
4,pid_xte,9.243,9.5274,-0.1328,7.439,-7.439,-0.1328,0.0693,0.1217,9.5274,2.816,2.184
4,pid_xte,9.294,9.5796,-0.1266,7.392,-7.392,-0.1266,0.0743,0.1196,9.5796,2.816,2.184
4,pid_xte,9.344,9.6332,-0.1206,7.323,-7.323,-0.1206,0.0784,0.1161,9.6332,2.813,2.187
4,pid_xte,9.395,9.6922,-0.1143,7.226,-7.226,-0.1143,0.0825,0.1130,9.6922,2.806,2.194
4,pid_xte,9.445,9.7512,-0.1085,7.114,-7.114,-0.1085,0.0856,0.1083,9.7512,2.803,2.197
4,pid_xte,9.495,9.8001,-0.1038,7.016,-7.016,-0.1038,0.0863,0.0996,9.8001,2.809,2.191
4,pid_xte,9.546,9.8799,-0.0964,6.851,-6.851,-0.0964,0.0918,0.1005,9.8799,2.785,2.215
4,pid_xte,9.596,9.9339,-0.0917,6.734,-6.734,-0.0917,0.0920,0.0916,9.9339,2.804,2.196
4,pid_xte,9.647,10.0133,-0.0851,6.552,-6.552,-0.0851,0.0955,0.0896,10.0133,2.778,2.222
4,pid_xte,9.697,10.0886,-0.0791,6.367,-6.367,-0.0791,0.0976,0.0852,10.0886,2.775,2.225
4,pid_xte,9.747,10.1668,-0.0731,6.160,-6.160,-0.0731,0.0996,0.0811,10.1668,2.763,2.237
4,pid_xte,9.798,10.2420,-0.0674,5.936,-5.936,-0.0674,0.1009,0.0760,10.2420,2.751,2.249
4,pid_xte,9.848,10.3049,-0.0628,5.719,-5.719,-0.0628,0.1001,0.0676,10.3049,2.746,2.254
4,pid_xte,9.898,10.3488,-0.0598,5.547,-5.547,-0.0598,0.0963,0.0545,10.3488,2.756,2.244
4,pid_xte,9.949,10.4010,-0.0568,5.322,-5.322,-0.0568,0.0929,0.0433,10.4010,2.721,2.279
4,pid_xte,9.999,10.4530,-0.0547,5.080,-5.080,-0.0547,0.0882,0.0308,10.4530,2.699,2.301
4,pid_xte,10.050,10.5006,-0.0537,4.849,-4.849,-0.0537,0.0819,0.0167,10.5006,2.686,2.314
4,pid_xte,10.100,10.5358,-0.0536,4.675,-4.675,-0.0536,0.0747,0.0020,10.5358,2.694,2.306
4,pid_xte,10.150,10.5864,-0.0543,4.421,-4.421,-0.0543,0.0667,-0.0128,10.5864,2.638,2.362
4,pid_xte,10.201,10.6333,-0.0556,4.182,-4.182,-0.0556,0.0580,-0.0273,10.6333,2.622,2.378
4,pid_xte,10.251,10.6736,-0.0572,3.974,-3.974,-0.0572,0.0498,-0.0397,10.6736,2.614,2.386
4,pid_xte,10.301,10.7213,-0.0593,3.723,-3.723,-0.0593,0.0415,-0.0513,10.7213,2.573,2.427
4,pid_xte,10.351,10.7542,-0.0607,3.546,-3.546,-0.0607,0.0352,-0.0580,10.7542,2.586,2.414
4,pid_xte,10.402,10.7963,-0.0621,3.316,-3.316,-0.0621,0.0294,-0.0632,10.7963,2.545,2.455
4,pid_xte,10.452,10.8384,-0.0630,3.084,-3.084,-0.0630,0.0250,-0.0654,10.8384,2.527,2.473
4,pid_xte,10.502,10.8927,-0.0635,2.793,-2.793,-0.0635,0.0219,-0.0651,10.8927,2.483,2.517
4,pid_xte,10.553,10.9321,-0.0635,2.594,-2.594,-0.0635,0.0200,-0.0627,10.9321,2.509,2.491
4,pid_xte,10.603,10.9901,-0.0631,2.325,-2.325,-0.0631,0.0189,-0.0589,10.9901,2.466,2.534
4,pid_xte,10.653,11.0487,-0.0625,2.085,-2.085,-0.0625,0.0182,-0.0547,11.0487,2.465,2.535
4,pid_xte,10.704,11.1213,-0.0616,1.826,-1.826,-0.0616,0.0181,-0.0499,11.1213,2.445,2.555
4,pid_xte,10.754,11.2080,-0.0604,1.554,-1.554,-0.0604,0.0187,-0.0443,11.2080,2.426,2.574
4,pid_xte,10.805,11.2998,-0.0589,1.299,-1.299,-0.0589,0.0196,-0.0385,11.2998,2.423,2.577
4,pid_xte,10.855,11.4015,-0.0569,1.038,-1.038,-0.0569,0.0214,-0.0317,11.4015,2.411,2.589
4,pid_xte,10.906,11.5046,-0.0541,0.767,-0.767,-0.0541,0.0246,-0.0231,11.5046,2.398,2.602
4,pid_xte,10.956,11.6155,-0.0500,0.446,-0.446,-0.0500,0.0298,-0.0115,11.6155,2.370,2.630
4,pid_xte,11.006,11.7228,-0.0441,0.080,-0.080,-0.0441,0.0379,0.0043,11.7228,2.346,2.654
4,pid_xte,11.057,11.8422,-0.0351,-0.389,0.389,-0.0351,0.0507,0.0272,11.8422,2.300,2.700
4,pid_xte,11.107,11.9299,-0.0265,-0.765,0.765,-0.0265,0.0617,0.0446,11.9299,2.339,2.661
4,pid_xte,11.158,12.0627,-0.0104,-1.350,1.350,-0.0104,0.0852,0.0833,12.0627,2.261,2.739
4,pid_xte,11.208,12.1852,0.0052,-1.871,1.871,0.0052,0.1059,0.1132,12.1852,2.297,2.703
4,pid_xte,11.258,12.3302,0.0223,-2.436,2.436,0.0223,0.1272,0.1416,12.3302,2.287,2.713
4,pid_xte,11.309,12.4276,0.0307,-2.773,2.773,0.0307,0.1309,0.1353,12.4276,2.376,2.624
4,pid_xte,11.359,12.5565,0.0343,-3.124,3.124,0.0343,0.1254,0.1129,12.5565,2.350,2.650
4,pid_xte,11.410,12.6322,0.0318,-3.246,3.246,0.0318,0.1094,0.0735,12.6322,2.420,2.580
4,pid_xte,11.460,12.7166,0.0257,-3.282,3.282,0.0257,0.0883,0.0286,12.7166,2.427,2.573
4,pid_xte,11.510,12.7909,0.0183,-3.201,3.201,0.0183,0.0667,-0.0134,12.7909,2.451,2.549
4,pid_xte,11.561,12.8598,0.0096,-3.008,3.008,0.0096,0.0449,-0.0518,12.8598,2.477,2.523
4,pid_xte,11.611,12.9289,-0.0004,-2.694,2.694,-0.0004,0.0226,-0.0875,12.9289,2.512,2.488
4,pid_xte,11.661,12.9749,-0.0073,-2.425,2.425,-0.0073,0.0079,-0.1063,12.9749,2.486,2.514
4,pid_xte,11.712,13.0401,-0.0171,-1.980,1.980,-0.0171,-0.0106,-0.1301,13.0401,2.554,2.446
4,pid_xte,11.762,13.0978,-0.0253,-1.541,1.541,-0.0253,-0.0244,-0.1434,13.0978,2.552,2.448
4,pid_xte,11.812,13.1385,-0.0306,-1.213,1.213,-0.0306,-0.0320,-0.1440,13.1385,2.511,2.489
4,pid_xte,11.862,13.1985,-0.0380,-0.702,0.702,-0.0380,-0.0424,-0.1498,13.1985,2.596,2.404
4,pid_xte,11.913,13.2603,-0.0446,-0.142,0.142,-0.0446,-0.0505,-0.1508,13.2603,2.631,2.369
4,pid_xte,11.963,13.2998,-0.0479,0.237,-0.237,-0.0479,-0.0520,-0.1398,13.2998,2.570,2.430
4,pid_xte,12.013,13.3493,-0.0502,0.752,-0.752,-0.0502,-0.0514,-0.1258,13.3493,2.653,2.347
4,pid_xte,12.064,13.3861,-0.0496,1.166,-1.166,-0.0496,-0.0455,-0.1037,13.3861,2.638,2.362
4,pid_xte,12.114,13.4189,-0.0477,1.541,-1.541,-0.0477,-0.0379,-0.0803,13.4189,2.651,2.349
4,pid_xte,12.164,13.4450,-0.0455,1.841,-1.841,-0.0455,-0.0306,-0.0597,13.4450,2.645,2.355
4,pid_xte,12.215,13.4840,-0.0422,2.290,-2.290,-0.0422,-0.0217,-0.0381,13.4840,2.743,2.257
4,pid_xte,12.265,13.5254,-0.0393,2.771,-2.771,-0.0393,-0.0144,-0.0214,13.5254,2.791,2.209
4,pid_xte,12.315,13.5621,-0.0375,3.185,-3.185,-0.0375,-0.0099,-0.0113,13.5621,2.792,2.208
4,pid_xte,12.366,13.5880,-0.0368,3.462,-3.462,-0.0368,-0.0076,-0.0061,13.5880,2.752,2.248
4,pid_xte,12.416,13.6328,-0.0365,3.911,-3.911,-0.0365,-0.0065,-0.0034,13.6328,2.849,2.151
4,pid_xte,12.466,13.6833,-0.0373,4.371,-4.371,-0.0373,-0.0074,-0.0048,13.6833,2.875,2.125
4,pid_xte,12.517,13.7192,-0.0382,4.670,-4.670,-0.0382,-0.0082,-0.0058,13.7192,2.823,2.177
4,pid_xte,12.567,13.7775,-0.0391,5.112,-5.112,-0.0391,-0.0092,-0.0071,13.7775,2.903,2.097
4,pid_xte,12.617,13.8213,-0.0393,5.411,-5.411,-0.0393,-0.0087,-0.0056,13.8213,2.860,2.140
4,pid_xte,12.668,13.8890,-0.0389,5.835,-5.835,-0.0389,-0.0072,-0.0022,13.8890,2.936,2.064
4,pid_xte,12.718,13.9383,-0.0384,6.119,-6.119,-0.0384,-0.0055,0.0009,13.9383,2.895,2.105
4,pid_xte,12.768,14.0049,-0.0377,6.486,-6.486,-0.0377,-0.0039,0.0039,14.0049,2.951,2.049
4,pid_xte,12.818,14.0715,-0.0372,6.849,-6.849,-0.0372,-0.0026,0.0059,14.0715,2.970,2.030
4,pid_xte,12.869,14.1293,-0.0367,7.162,-7.162,-0.0367,-0.0013,0.0076,14.1293,2.967,2.033
4,pid_xte,12.919,14.1862,-0.0358,7.453,-7.453,-0.0358,0.0004,0.0101,14.1862,2.976,2.024
4,pid_xte,12.969,14.2466,-0.0342,7.724,-7.724,-0.0342,0.0031,0.0141,14.2466,2.986,2.014
4,pid_xte,13.020,14.3125,-0.0321,7.972,-7.972,-0.0321,0.0067,0.0193,14.3125,2.995,2.005
4,pid_xte,13.070,14.3828,-0.0295,8.192,-8.192,-0.0295,0.0109,0.0251,14.3828,3.002,1.998
4,pid_xte,13.120,14.4362,-0.0272,8.342,-8.342,-0.0272,0.0140,0.0285,14.4362,2.986,2.014
4,pid_xte,13.171,14.5306,-0.0233,8.579,-8.579,-0.0233,0.0199,0.0366,14.5306,3.045,1.955
4,pid_xte,13.221,14.6314,-0.0192,8.802,-8.802,-0.0192,0.0254,0.0432,14.6314,3.060,1.940
4,pid_xte,13.271,14.7258,-0.0151,8.980,-8.980,-0.0151,0.0306,0.0488,14.7258,3.060,1.940
4,pid_xte,13.322,14.8570,-0.0088,9.181,-9.181,-0.0088,0.0393,0.0600,14.8570,3.095,1.905
4,pid_xte,13.372,14.9438,-0.0045,9.278,-9.278,-0.0045,0.0435,0.0622,14.9438,3.065,1.935
4,pid_xte,13.422,15.0853,0.0030,9.367,-9.367,0.0030,0.0532,0.0741,15.0853,3.084,1.916
4,pid_xte,13.473,15.1853,0.0088,9.382,-9.382,0.0088,0.0589,0.0777,15.1853,3.065,1.935
4,pid_xte,13.523,15.3414,0.0185,9.353,-9.353,0.0185,0.0711,0.0928,15.3414,3.067,1.933
4,pid_xte,13.573,15.4941,0.0278,9.291,-9.291,0.0278,0.0814,0.1031,15.4941,3.070,1.930
4,pid_xte,13.623,15.6204,0.0341,9.230,-9.230,0.0341,0.0855,0.1011,15.6204,3.078,1.922
4,pid_xte,13.674,15.7392,0.0383,9.178,-9.178,0.0383,0.0853,0.0915,15.7392,3.083,1.917
4,pid_xte,13.724,15.8323,0.0407,9.149,-9.149,0.0407,0.0819,0.0769,15.8323,3.090,1.910
4,pid_xte,13.775,15.8773,0.0421,9.142,-9.142,0.0421,0.0768,0.0606,15.8773,3.095,1.905
4,pid_xte,13.825,15.9335,0.0442,9.148,-9.148,0.0442,0.0737,0.0494,15.9335,3.099,1.901
4,pid_xte,13.875,15.9771,0.0464,9.177,-9.177,0.0464,0.0710,0.0399,15.9771,3.110,1.890
4,pid_xte,13.926,15.9998,0.0478,9.209,-9.209,0.0478,0.0670,0.0292,15.9998,3.111,1.889
4,pid_xte,13.976,16.0304,0.0500,9.276,-9.276,0.0500,0.0649,0.0226,16.0304,3.128,1.872
4,pid_xte,14.026,16.0508,0.0516,9.333,-9.333,0.0516,0.0619,0.0150,16.0508,3.126,1.874
4,pid_xte,14.077,16.0830,0.0545,9.441,-9.441,0.0545,0.0614,0.0128,16.0830,3.155,1.845
4,pid_xte,14.127,16.1041,0.0567,9.524,-9.524,0.0567,0.0598,0.0088,16.1041,3.150,1.850
4,pid_xte,14.177,16.1340,0.0606,9.662,-9.662,0.0606,0.0615,0.0109,16.1340,3.185,1.815
4,pid_xte,14.228,16.1643,0.0655,9.813,-9.813,0.0655,0.0647,0.0159,16.1643,3.207,1.793
4,pid_xte,14.278,16.1861,0.0694,9.918,-9.918,0.0694,0.0659,0.0165,16.1861,3.198,1.802
4,pid_xte,14.328,16.2179,0.0753,10.061,-10.061,0.0753,0.0705,0.0234,16.2179,3.232,1.768
4,pid_xte,14.379,16.2433,0.0799,10.162,-10.162,0.0799,0.0726,0.0250,16.2433,3.227,1.773
4,pid_xte,14.429,16.2713,0.0850,10.256,-10.256,0.0850,0.0751,0.0274,16.2713,3.236,1.764
4,pid_xte,14.479,16.3045,0.0909,10.340,-10.340,0.0909,0.0789,0.0318,16.3045,3.246,1.754
4,pid_xte,14.529,16.3286,0.0950,10.381,-10.381,0.0950,0.0793,0.0295,16.3286,3.235,1.765
4,pid_xte,14.580,16.3701,0.1020,10.408,-10.408,0.1020,0.0848,0.0368,16.3701,3.243,1.757
4,pid_xte,14.630,16.3992,0.1068,10.394,-10.394,0.1068,0.0857,0.0352,16.3992,3.231,1.769
4,pid_xte,14.680,16.4366,0.1129,10.336,-10.336,0.1129,0.0889,0.0378,16.4366,3.219,1.781
4,pid_xte,14.730,16.4779,0.1195,10.225,-10.225,0.1195,0.0928,0.0413,16.4779,3.201,1.799
4,pid_xte,14.781,16.5276,0.1272,10.030,-10.030,0.1272,0.0983,0.0476,16.5276,3.169,1.831
4,pid_xte,14.831,16.5629,0.1326,9.854,-9.854,0.1326,0.0991,0.0447,16.5629,3.174,1.826
4,pid_xte,14.881,16.6193,0.1409,9.517,-9.517,0.1409,0.1051,0.0515,16.6193,3.104,1.896
4,pid_xte,14.932,16.6568,0.1461,9.259,-9.259,0.1461,0.1050,0.0467,16.6568,3.128,1.872
4,pid_xte,14.982,16.7181,0.1541,8.785,-8.785,0.1541,0.1100,0.0515,16.7181,3.026,1.974
4,pid_xte,15.032,16.7822,0.1622,8.208,-8.208,0.1622,0.1147,0.0553,16.7822,2.966,2.034
4,pid_xte,15.082,16.8242,0.1677,7.768,-7.768,0.1677,0.1142,0.0493,16.8242,3.005,1.995
4,pid_xte,15.133,16.8814,0.1755,7.038,-7.038,0.1755,0.1180,0.0517,16.8814,2.858,2.142
4,pid_xte,15.183,16.9208,0.1813,6.403,-6.403,0.1813,0.1177,0.0465,16.9208,2.869,2.131
4,pid_xte,15.233,16.9455,0.1851,5.935,-5.935,0.1851,0.1138,0.0351,16.9455,2.915,2.085
4,pid_xte,15.283,16.9817,0.1906,5.139,-5.139,0.1906,0.1133,0.0311,16.9817,2.742,2.258
4,pid_xte,15.334,17.0154,0.1953,4.264,-4.264,0.1953,0.1116,0.0252,17.0154,2.665,2.335
4,pid_xte,15.384,17.0349,0.1976,3.698,-3.698,0.1976,0.1056,0.0119,17.0349,2.761,2.239
4,pid_xte,15.434,17.0599,0.1996,2.887,-2.887,0.1996,0.0997,0.0000,17.0599,2.612,2.388
4,pid_xte,15.485,17.0793,0.2002,2.172,-2.172,0.2002,0.0915,-0.0147,17.0793,2.608,2.392
4,pid_xte,15.535,17.0935,0.1996,1.585,-1.585,0.1996,0.0822,-0.0304,17.0935,2.620,2.380
4,pid_xte,15.585,17.1037,0.1984,1.113,-1.113,0.1984,0.0723,-0.0455,17.1037,2.633,2.367
4,pid_xte,15.636,17.1162,0.1953,0.454,-0.454,0.1953,0.0601,-0.0636,17.1162,2.505,2.495
4,pid_xte,15.686,17.1232,0.1925,0.048,-0.048,0.1925,0.0496,-0.0769,17.1232,2.575,2.425
4,pid_xte,15.736,17.1324,0.1877,-0.515,0.515,0.1877,0.0363,-0.0940,17.1324,2.463,2.537
4,pid_xte,15.787,17.1401,0.1831,-0.952,0.952,0.1831,0.0247,-0.1064,17.1401,2.476,2.524
4,pid_xte,15.837,17.1496,0.1779,-1.397,1.397,0.1779,0.0129,-0.1182,17.1496,2.433,2.567
4,pid_xte,15.887,17.1566,0.1745,-1.657,1.657,0.1745,0.0056,-0.1206,17.1566,2.485,2.515
4,pid_xte,15.937,17.1712,0.1688,-2.079,2.079,0.1688,-0.0052,-0.1293,17.1712,2.379,2.621
4,pid_xte,15.988,17.1854,0.1644,-2.393,2.393,0.1644,-0.0128,-0.1312,17.1854,2.396,2.604
4,pid_xte,16.038,17.2036,0.1597,-2.716,2.716,0.1597,-0.0202,-0.1327,17.2036,2.363,2.637
4,pid_xte,16.088,17.2251,0.1550,-3.018,3.018,0.1550,-0.0269,-0.1328,17.2251,2.345,2.655
4,pid_xte,16.139,17.2468,0.1508,-3.264,3.264,0.1508,-0.0321,-0.1301,17.2468,2.345,2.655
4,pid_xte,16.189,17.2770,0.1455,-3.544,3.544,0.1455,-0.0388,-0.1304,17.2770,2.304,2.696
4,pid_xte,16.239,17.3088,0.1404,-3.793,3.793,0.1404,-0.0445,-0.1288,17.3088,2.294,2.706
4,pid_xte,16.289,17.3311,0.1371,-3.951,3.951,0.1371,-0.0464,-0.1205,17.3311,2.318,2.682
4,pid_xte,16.340,17.3680,0.1320,-4.201,4.201,0.1320,-0.0514,-0.1186,17.3680,2.257,2.743
4,pid_xte,16.390,17.4157,0.1259,-4.522,4.522,0.1259,-0.0579,-0.1195,17.4157,2.197,2.803
4,pid_xte,16.440,17.4482,0.1219,-4.745,4.745,0.1219,-0.0598,-0.1120,17.4482,2.221,2.779
4,pid_xte,16.491,17.4941,0.1165,-5.068,5.068,0.1165,-0.0642,-0.1099,17.4941,2.152,2.848
4,pid_xte,16.541,17.5404,0.1109,-5.397,5.397,0.1109,-0.0684,-0.1074,17.5404,2.124,2.876
4,pid_xte,16.591,17.5953,0.1043,-5.779,5.779,0.1043,-0.0742,-0.1081,17.5953,2.068,2.932
4,pid_xte,16.642,17.6622,0.0961,-6.226,6.226,0.0961,-0.0824,-0.1131,17.6622,2.002,2.998
4,pid_xte,16.692,17.7349,0.0871,-6.710,6.710,0.0871,-0.0912,-0.1188,17.7349,1.943,3.057
4,pid_xte,16.742,17.8132,0.0777,-7.262,7.262,0.0777,-0.0999,-0.1238,17.8132,1.867,3.133
4,pid_xte,16.792,17.8853,0.0693,-7.836,7.836,0.0693,-0.1060,-0.1236,17.8853,1.814,3.186
4,pid_xte,16.843,17.9283,0.0643,-8.231,8.231,0.0643,-0.1054,-0.1111,17.9283,1.863,3.137
4,pid_xte,16.893,17.9929,0.0567,-8.948,8.948,0.0567,-0.1096,-0.1086,17.9929,1.680,3.320
4,pid_xte,16.943,18.0281,0.0524,-9.433,9.433,0.0524,-0.1074,-0.0947,18.0281,1.749,3.251
4,pid_xte,16.994,18.0707,0.0469,-10.139,10.139,0.0469,-0.1075,-0.0863,18.0707,1.616,3.384
4,pid_xte,17.044,18.1034,0.0423,-10.756,10.756,0.0423,-0.1060,-0.0757,18.1034,1.616,3.384
4,pid_xte,17.094,18.1314,0.0381,-11.291,11.291,0.0381,-0.1041,-0.0653,18.1314,1.620,3.380
4,pid_xte,17.145,18.1629,0.0329,-11.842,11.842,0.0329,-0.1039,-0.0590,18.1629,1.581,3.419
4,pid_xte,17.195,18.1940,0.0274,-12.313,12.313,0.0274,-0.1043,-0.0543,18.1940,1.582,3.418
4,pid_xte,17.245,18.2199,0.0227,-12.650,12.650,0.0227,-0.1035,-0.0477,18.2199,1.617,3.383
4,pid_xte,17.296,18.2614,0.0146,-13.099,13.099,0.0146,-0.1086,-0.0526,18.2614,1.534,3.466
4,pid_xte,17.346,18.3074,0.0054,-13.478,13.478,0.0054,-0.1153,-0.0600,18.3074,1.527,3.473
4,pid_xte,17.397,18.3397,-0.0009,-13.671,13.671,-0.0009,-0.1162,-0.0562,18.3397,1.586,3.414
4,pid_xte,17.447,18.3925,-0.0106,-13.874,13.874,-0.0106,-0.1234,-0.0640,18.3925,1.555,3.445
4,pid_xte,17.497,18.4467,-0.0201,-13.968,13.968,-0.0201,-0.1293,-0.0690,18.4467,1.580,3.420
4,pid_xte,17.548,18.5102,-0.0311,-13.980,13.980,-0.0311,-0.1374,-0.0774,18.5102,1.595,3.405
4,pid_xte,17.598,18.5591,-0.0396,-13.940,13.940,-0.0396,-0.1403,-0.0756,18.5591,1.607,3.393
4,pid_xte,17.648,18.6439,-0.0544,-13.802,13.802,-0.0544,-0.1544,-0.0943,18.6439,1.626,3.374
4,pid_xte,17.699,18.7247,-0.0686,-13.608,13.608,-0.0686,-0.1661,-0.1070,18.7247,1.634,3.366
4,pid_xte,17.749,18.8327,-0.0878,-13.265,13.265,-0.0878,-0.1859,-0.1331,18.8327,1.675,3.325
4,pid_xte,17.799,18.9492,-0.1086,-12.818,12.818,-0.1086,-0.2066,-0.1586,18.9492,1.700,3.300
4,pid_no_xte,0.000,0.4413,-0.0578,-0.762,0.762,-0.0578,0.0000,0.0000,0.4413,0.000,6.000
4,pid_no_xte,0.050,0.4729,-0.0561,-0.924,0.924,-0.0561,0.0030,0.0055,0.4729,2.384,2.616
4,pid_no_xte,0.101,0.5135,-0.0533,-1.038,1.038,-0.0533,0.0079,0.0139,0.5135,2.398,2.602
4,pid_no_xte,0.151,0.5681,-0.0485,-1.221,1.221,-0.0485,0.0158,0.0269,0.5681,2.360,2.640
4,pid_no_xte,0.201,0.6307,-0.0422,-1.456,1.456,-0.0422,0.0259,0.0428,0.6307,2.326,2.674
4,pid_no_xte,0.252,0.7095,-0.0335,-1.748,1.748,-0.0335,0.0393,0.0633,0.7095,2.287,2.713
4,pid_no_xte,0.302,0.7723,-0.0264,-1.960,1.960,-0.0264,0.0487,0.0746,0.7723,2.309,2.691
4,pid_no_xte,0.352,0.8806,-0.0143,-2.276,2.276,-0.0143,0.0661,0.0994,0.8806,2.249,2.751
4,pid_no_xte,0.402,0.9981,-0.0019,-2.555,2.555,-0.0019,0.0826,0.1203,0.9981,2.250,2.750
4,pid_no_xte,0.453,1.1166,0.0093,-2.788,2.788,0.0093,0.0955,0.1327,1.1166,2.257,2.743
4,pid_no_xte,0.503,1.1864,0.0152,-2.908,2.908,0.0152,0.0974,0.1240,1.1864,2.298,2.702
4,pid_no_xte,0.554,1.2976,0.0229,-3.086,3.086,0.0229,0.1026,0.1222,1.2976,2.264,2.736
4,pid_no_xte,0.604,1.3860,0.0273,-3.221,3.221,0.0273,0.1011,0.1082,1.3860,2.275,2.725
4,pid_no_xte,0.654,1.4818,0.0295,-3.350,3.350,0.0295,0.0959,0.0889,1.4818,2.271,2.729
4,pid_no_xte,0.704,1.5588,0.0289,-3.430,3.430,0.0289,0.0860,0.0628,1.5588,2.287,2.713
4,pid_no_xte,0.755,1.6105,0.0263,-3.458,3.458,0.0263,0.0734,0.0342,1.6105,2.307,2.693
4,pid_no_xte,0.805,1.6562,0.0213,-3.451,3.451,0.0213,0.0576,0.0024,1.6562,2.322,2.678
4,pid_no_xte,0.855,1.6917,0.0141,-3.411,3.411,0.0141,0.0392,-0.0313,1.6917,2.338,2.662
4,pid_no_xte,0.906,1.7105,0.0083,-3.371,3.371,0.0083,0.0252,-0.0539,1.7105,2.340,2.660
4,pid_no_xte,0.956,1.7393,-0.0036,-3.281,3.281,-0.0036,0.0013,-0.0925,1.7393,2.366,2.634
4,pid_no_xte,1.006,1.7685,-0.0194,-3.157,3.157,-0.0194,-0.0275,-0.1364,1.7685,2.387,2.613
4,pid_no_xte,1.057,1.7866,-0.0309,-3.065,3.065,-0.0309,-0.0460,-0.1574,1.7866,2.377,2.623
4,pid_no_xte,1.107,1.8085,-0.0473,-2.938,2.938,-0.0473,-0.0715,-0.1892,1.8085,2.399,2.601
4,pid_no_xte,1.158,1.8271,-0.0643,-2.808,2.808,-0.0643,-0.0958,-0.2160,1.8271,2.407,2.593
4,pid_no_xte,1.208,1.8374,-0.0758,-2.717,2.717,-0.0758,-0.1079,-0.2183,1.8374,2.395,2.605
4,pid_no_xte,1.259,1.8513,-0.0951,-2.550,2.550,-0.0951,-0.1331,-0.2440,1.8513,2.436,2.564
4,pid_no_xte,1.309,1.8600,-0.1115,-2.380,2.380,-0.1115,-0.1508,-0.2539,1.8600,2.446,2.554
4,pid_no_xte,1.359,1.8659,-0.1278,-2.154,2.154,-0.1278,-0.1666,-0.2594,1.8659,2.481,2.519
4,pid_no_xte,1.410,1.8683,-0.1402,-1.893,1.893,-0.1402,-0.1739,-0.2490,1.8683,2.509,2.491
4,pid_no_xte,1.460,1.8682,-0.1482,-1.623,1.623,-0.1482,-0.1726,-0.2240,1.8682,2.527,2.473
4,pid_no_xte,1.510,1.8658,-0.1550,-1.268,1.268,-0.1550,-0.1691,-0.1971,1.8658,2.582,2.418
4,pid_no_xte,1.560,1.8618,-0.1604,-0.898,0.898,-0.1604,-0.1636,-0.1691,1.8618,2.607,2.393
4,pid_no_xte,1.611,1.8586,-0.1637,-0.665,0.665,-0.1637,-0.1546,-0.1373,1.8586,2.562,2.438
4,pid_no_xte,1.661,1.8525,-0.1688,-0.326,0.326,-0.1688,-0.1498,-0.1160,1.8525,2.624,2.376
4,pid_no_xte,1.711,1.8455,-0.1735,-0.112,0.112,-0.1735,-0.1446,-0.0959,1.8455,2.583,2.417
4,pid_no_xte,1.761,1.8406,-0.1764,-0.046,0.046,-0.1764,-0.1366,-0.0727,1.8406,2.525,2.475
4,pid_no_xte,1.812,1.8329,-0.1805,-0.019,0.019,-0.1805,-0.1316,-0.0570,1.8329,2.510,2.490
4,pid_no_xte,1.862,1.8268,-0.1837,-0.014,0.014,-0.1837,-0.1254,-0.0404,1.8268,2.501,2.499
4,pid_no_xte,1.913,1.8225,-0.1859,-0.012,0.012,-0.1859,-0.1179,-0.0230,1.8225,2.500,2.500
4,pid_no_xte,1.963,1.8162,-0.1891,-0.012,0.012,-0.1891,-0.1129,-0.0119,1.8162,2.499,2.501
4,pid_no_xte,2.013,1.8094,-0.1925,-0.013,0.013,-0.1925,-0.1088,-0.0033,1.8094,2.499,2.501
4,pid_no_xte,2.064,1.8031,-0.1957,-0.015,0.015,-0.1957,-0.1045,0.0047,1.8031,2.499,2.501
4,pid_no_xte,2.114,1.7968,-0.1988,-0.016,0.016,-0.1988,-0.1007,0.0112,1.7968,2.498,2.502
4,pid_no_xte,2.165,1.7911,-0.2017,-0.018,0.018,-0.2017,-0.0966,0.0175,1.7911,2.498,2.502
4,pid_no_xte,2.215,1.7845,-0.2050,-0.019,0.019,-0.2050,-0.0938,0.0212,1.7845,2.498,2.502
4,pid_no_xte,2.266,1.7807,-0.2069,-0.020,0.020,-0.2069,-0.0886,0.0286,1.7807,2.499,2.501
4,pid_no_xte,2.316,1.7730,-0.2108,-0.021,0.021,-0.2108,-0.0876,0.0279,1.7730,2.498,2.502
4,pid_no_xte,2.367,1.7662,-0.2142,-0.022,0.022,-0.2142,-0.0857,0.0286,1.7662,2.499,2.501
4,pid_no_xte,2.417,1.7628,-0.2159,-0.022,0.022,-0.2159,-0.0810,0.0345,1.7628,2.499,2.501
4,pid_no_xte,2.467,1.7560,-0.2194,-0.023,0.023,-0.2194,-0.0800,0.0333,1.7560,2.499,2.501
4,pid_no_xte,2.518,1.7499,-0.2226,-0.023,0.023,-0.2226,-0.0784,0.0332,1.7499,2.499,2.501
4,pid_no_xte,2.568,1.7429,-0.2262,-0.025,0.025,-0.2262,-0.0779,0.0310,1.7429,2.498,2.502
4,pid_no_xte,2.618,1.7364,-0.2297,-0.027,0.027,-0.2297,-0.0771,0.0297,1.7364,2.498,2.502
4,pid_no_xte,2.669,1.7308,-0.2329,-0.032,0.032,-0.2329,-0.0758,0.0292,1.7308,2.496,2.504
4,pid_no_xte,2.719,1.7264,-0.2356,-0.038,0.038,-0.2356,-0.0738,0.0302,1.7264,2.495,2.505
4,pid_no_xte,2.769,1.7208,-0.2398,-0.056,0.056,-0.2398,-0.0747,0.0258,1.7208,2.490,2.510
4,pid_no_xte,2.819,1.7177,-0.2427,-0.072,0.072,-0.2427,-0.0732,0.0262,1.7177,2.489,2.511
4,pid_no_xte,2.870,1.7147,-0.2472,-0.106,0.106,-0.2472,-0.0747,0.0211,1.7147,2.480,2.520
4,pid_no_xte,2.920,1.7138,-0.2502,-0.134,0.134,-0.2502,-0.0732,0.0219,1.7138,2.481,2.519
4,pid_no_xte,2.970,1.7146,-0.2542,-0.184,0.184,-0.2542,-0.0738,0.0188,1.7146,2.470,2.530
4,pid_no_xte,3.021,1.7178,-0.2572,-0.226,0.226,-0.2572,-0.0726,0.0193,1.7178,2.471,2.529
4,pid_no_xte,3.071,1.7231,-0.2593,-0.255,0.255,-0.2593,-0.0697,0.0227,1.7231,2.474,2.526
4,pid_no_xte,3.121,1.7321,-0.2600,-0.271,0.271,-0.2600,-0.0647,0.0298,1.7321,2.479,2.521
4,pid_no_xte,3.171,1.7401,-0.2593,-0.271,0.271,-0.2593,-0.0575,0.0402,1.7401,2.486,2.514
4,pid_no_xte,3.222,1.7534,-0.2565,-0.254,0.254,-0.2565,-0.0470,0.0555,1.7534,2.494,2.506
4,pid_no_xte,3.272,1.7678,-0.2518,-0.221,0.221,-0.2518,-0.0343,0.0735,1.7678,2.502,2.498
4,pid_no_xte,3.322,1.7997,-0.2384,-0.149,0.149,-0.2384,-0.0068,0.1169,1.7997,2.522,2.478
4,pid_no_xte,3.372,1.8272,-0.2271,-0.093,0.093,-0.2271,0.0144,0.1447,1.8272,2.518,2.482
4,pid_no_xte,3.423,1.8694,-0.2133,-0.029,0.029,-0.2133,0.0381,0.1745,1.8694,2.525,2.475
4,pid_no_xte,3.473,1.9171,-0.2011,0.023,-0.023,-0.2011,0.0567,0.1924,1.9171,2.523,2.477
4,pid_no_xte,3.524,1.9841,-0.1873,0.077,-0.077,-0.1873,0.0767,0.2110,1.9841,2.526,2.474
4,pid_no_xte,3.574,2.0375,-0.1780,0.110,-0.110,-0.1780,0.0866,0.2098,2.0375,2.520,2.480
4,pid_no_xte,3.624,2.1146,-0.1671,0.141,-0.141,-0.1671,0.0985,0.2122,2.1146,2.520,2.480
4,pid_no_xte,3.674,2.1810,-0.1610,0.110,-0.110,-0.1610,0.1005,0.1964,2.1810,2.493,2.507
4,pid_no_xte,3.725,2.2566,-0.1561,-0.025,0.025,-0.1561,0.1003,0.1781,2.2566,2.443,2.557
4,pid_no_xte,3.775,2.3134,-0.1528,-0.176,0.176,-0.1528,0.0971,0.1561,2.3134,2.428,2.572
4,pid_no_xte,3.825,2.4038,-0.1473,-0.458,0.458,-0.1473,0.0982,0.1439,2.4038,2.358,2.642
4,pid_no_xte,3.876,2.4888,-0.1425,-0.731,0.731,-0.1425,0.0979,0.1301,2.4888,2.349,2.651
4,pid_no_xte,3.926,2.5797,-0.1380,-1.012,1.012,-0.1380,0.0971,0.1166,2.5797,2.330,2.670
4,pid_no_xte,3.976,2.6773,-0.1337,-1.296,1.296,-0.1337,0.0961,0.1043,2.6773,2.314,2.686
4,pid_no_xte,4.027,2.7750,-0.1293,-1.560,1.560,-0.1293,0.0952,0.0931,2.7750,2.308,2.692
4,pid_no_xte,4.077,2.8891,-0.1240,-1.848,1.848,-0.1240,0.0962,0.0863,2.8891,2.283,2.717
4,pid_no_xte,4.127,2.9730,-0.1198,-2.046,2.046,-0.1198,0.0950,0.0763,2.9730,2.311,2.689
4,pid_no_xte,4.178,3.1143,-0.1130,-2.363,2.363,-0.1130,0.0988,0.0762,3.1143,2.244,2.756
4,pid_no_xte,4.228,3.2655,-0.1064,-2.688,2.688,-0.1064,0.1018,0.0746,3.2655,2.224,2.776
4,pid_no_xte,4.278,3.3746,-0.1019,-2.915,2.915,-0.1019,0.1006,0.0657,3.3746,2.253,2.747
4,pid_no_xte,4.329,3.5370,-0.0945,-3.251,3.251,-0.0945,0.1049,0.0674,3.5370,2.190,2.810
4,pid_no_xte,4.379,3.6514,-0.0885,-3.487,3.487,-0.0885,0.1061,0.0636,3.6514,2.220,2.780
4,pid_no_xte,4.429,3.8259,-0.0793,-3.842,3.842,-0.0793,0.1132,0.0705,3.8259,2.151,2.849
4,pid_no_xte,4.480,3.9823,-0.0706,-4.152,4.152,-0.0706,0.1186,0.0739,3.9823,2.154,2.846
4,pid_no_xte,4.530,4.0955,-0.0629,-4.352,4.352,-0.0629,0.1218,0.0730,4.0955,2.189,2.811
4,pid_no_xte,4.580,4.2784,-0.0501,-4.629,4.629,-0.0501,0.1338,0.0882,4.2784,2.143,2.857
4,pid_no_xte,4.631,4.4504,-0.0370,-4.833,4.833,-0.0370,0.1453,0.1010,4.4504,2.162,2.838
4,pid_no_xte,4.681,4.6458,-0.0198,-5.011,5.011,-0.0198,0.1634,0.1245,4.6458,2.164,2.836
4,pid_no_xte,4.731,4.8317,-0.0009,-5.144,5.144,-0.0009,0.1828,0.1484,4.8317,2.175,2.825
4,pid_no_xte,4.782,4.9739,0.0146,-5.229,5.229,0.0146,0.1942,0.1555,4.9739,2.191,2.809
4,pid_no_xte,4.832,5.1818,0.0383,-5.333,5.333,0.0383,0.2196,0.1876,5.1818,2.178,2.822
4,pid_no_xte,4.882,5.3808,0.0614,-5.409,5.409,0.0614,0.2414,0.2100,5.3808,2.185,2.815
4,pid_no_xte,4.933,5.5707,0.0821,-5.463,5.463,0.0821,0.2570,0.2192,5.5707,2.192,2.808
4,pid_no_xte,4.983,5.7148,0.0962,-5.491,5.491,0.0962,0.2591,0.2030,5.7148,2.201,2.799
4,pid_no_xte,5.033,5.9489,0.1162,-5.504,5.504,0.1162,0.2719,0.2077,5.9489,2.206,2.794
4,pid_no_xte,5.083,6.1128,0.1291,-5.483,5.483,0.1291,0.2703,0.1859,6.1128,2.222,2.778
4,pid_no_xte,5.134,6.3482,0.1451,-5.445,5.445,0.1451,0.2749,0.1772,6.3482,2.231,2.769
4,pid_no_xte,5.184,6.5901,0.1590,-5.457,5.457,0.1590,0.2750,0.1611,6.5901,2.209,2.791
4,pid_no_xte,5.234,6.7496,0.1674,-5.481,5.481,0.1674,0.2652,0.1287,6.7496,2.203,2.797
4,pid_no_xte,5.284,6.9826,0.1821,-5.557,5.557,0.1821,0.2675,0.1212,6.9826,2.178,2.822
4,pid_no_xte,5.335,7.1366,0.1939,-5.588,5.588,0.1939,0.2646,0.1048,7.1366,2.194,2.806
4,pid_no_xte,5.385,7.3702,0.2098,-5.634,5.634,0.2098,0.2693,0.1038,7.3702,2.186,2.814
4,pid_no_xte,5.435,7.5152,0.2151,-5.621,5.621,0.2151,0.2545,0.0674,7.5152,2.211,2.789
4,pid_no_xte,5.486,7.6720,0.2106,-5.501,5.501,0.2106,0.2230,0.0040,7.6720,2.262,2.738
4,pid_no_xte,5.536,7.7930,0.1985,-5.199,5.199,0.1985,0.1806,-0.0734,7.7930,2.354,2.646
4,pid_no_xte,5.586,7.8678,0.1875,-4.796,4.796,0.1875,0.1442,-0.1329,7.8678,2.416,2.584
4,pid_no_xte,5.636,7.9283,0.1722,-4.180,4.180,0.1722,0.1032,-0.1952,7.9283,2.538,2.462
4,pid_no_xte,5.687,7.9653,0.1526,-3.485,3.485,0.1526,0.0581,-0.2594,7.9653,2.607,2.393
4,pid_no_xte,5.737,7.9895,0.1267,-2.672,2.672,0.1267,0.0057,-0.3309,7.9895,2.700,2.300
4,pid_no_xte,5.787,8.0012,0.1060,-2.048,2.048,0.1060,-0.0323,-0.3698,8.0012,2.652,2.348
4,pid_no_xte,5.837,8.0143,0.0739,-1.074,1.074,0.0739,-0.0878,-0.4367,8.0143,2.849,2.151
4,pid_no_xte,5.888,8.0216,0.0516,-0.385,0.385,0.0516,-0.1203,-0.4558,8.0216,2.767,2.233
4,pid_no_xte,5.938,8.0271,0.0307,0.274,-0.274,0.0307,-0.1472,-0.4630,8.0271,2.787,2.213
4,pid_no_xte,5.989,8.0317,-0.0010,1.300,-1.300,-0.0010,-0.1914,-0.5009,8.0317,2.995,2.005
4,pid_no_xte,6.039,8.0303,-0.0298,2.276,-2.276,-0.0298,-0.2262,-0.5183,8.0303,3.025,1.975
4,pid_no_xte,6.089,8.0241,-0.0533,3.152,-3.152,-0.0533,-0.2482,-0.5109,8.0241,3.029,1.971
4,pid_no_xte,6.139,8.0184,-0.0667,3.705,-3.705,-0.0667,-0.2499,-0.4673,8.0184,2.925,2.075
4,pid_no_xte,6.190,8.0074,-0.0856,4.586,-4.586,-0.0856,-0.2613,-0.4454,8.0074,3.106,1.894
4,pid_no_xte,6.240,7.9944,-0.1033,5.524,-5.524,-0.1033,-0.2696,-0.4198,7.9944,3.180,1.820
4,pid_no_xte,6.290,7.9852,-0.1144,6.155,-6.155,-0.1144,-0.2653,-0.3735,7.9852,3.085,1.915
4,pid_no_xte,6.341,7.9715,-0.1299,7.037,-7.037,-0.1299,-0.2692,-0.3466,7.9715,3.236,1.764
4,pid_no_xte,6.391,7.9613,-0.1407,7.624,-7.624,-0.1407,-0.2642,-0.3057,7.9613,3.144,1.856
4,pid_no_xte,6.441,7.9504,-0.1520,8.198,-8.198,-0.1520,-0.2606,-0.2713,7.9504,3.169,1.831
4,pid_no_xte,6.491,7.9347,-0.1681,8.938,-8.938,-0.1681,-0.2660,-0.2564,7.9347,3.276,1.724
4,pid_no_xte,6.542,7.9193,-0.1835,9.570,-9.570,-0.1835,-0.2698,-0.2397,7.9193,3.264,1.736
4,pid_no_xte,6.592,7.9063,-0.1963,10.051,-10.051,-0.1963,-0.2683,-0.2152,7.9063,3.226,1.774
4,pid_no_xte,6.642,7.8904,-0.2121,10.627,-10.627,-0.2121,-0.2725,-0.2031,7.8904,3.296,1.704
4,pid_no_xte,6.693,7.8764,-0.2265,11.199,-11.199,-0.2265,-0.2738,-0.1869,7.8764,3.325,1.675
4,pid_no_xte,6.743,7.8694,-0.2339,11.594,-11.594,-0.2339,-0.2621,-0.1486,7.8694,3.272,1.728
4,pid_no_xte,6.793,7.8658,-0.2372,11.926,-11.926,-0.2372,-0.2443,-0.1026,7.8658,3.262,1.738
4,pid_no_xte,6.844,7.8637,-0.2382,12.247,-12.247,-0.2382,-0.2237,-0.0559,7.8637,3.274,1.726
4,pid_no_xte,6.894,7.8621,-0.2377,12.574,-12.574,-0.2377,-0.2022,-0.0117,7.8621,3.295,1.705
4,pid_no_xte,6.944,7.8611,-0.2363,12.768,-12.768,-0.2363,-0.1812,0.0276,7.8611,3.249,1.751
4,pid_no_xte,6.995,7.8609,-0.2360,12.791,-12.791,-0.2360,-0.1639,0.0564,7.8609,3.179,1.821
4,pid_no_xte,7.046,7.8605,-0.2344,12.867,-12.867,-0.2344,-0.1459,0.0839,7.8605,3.205,1.795
4,pid_no_xte,7.096,7.8601,-0.2320,12.899,-12.899,-0.2320,-0.1283,0.1082,7.8601,3.188,1.812
4,pid_no_xte,7.147,7.8599,-0.2292,12.879,-12.879,-0.2292,-0.1113,0.1291,7.8599,3.166,1.834
4,pid_no_xte,7.197,7.8599,-0.2266,12.834,-12.834,-0.2266,-0.0964,0.1444,7.8599,3.153,1.847
4,pid_no_xte,7.248,7.8601,-0.2237,12.766,-12.766,-0.2237,-0.0823,0.1568,7.8601,3.140,1.860
4,pid_no_xte,7.298,7.8604,-0.2215,12.706,-12.706,-0.2215,-0.0709,0.1632,7.8604,3.141,1.859
4,pid_no_xte,7.348,7.8612,-0.2188,12.616,-12.616,-0.2188,-0.0594,0.1691,7.8612,3.123,1.877
4,pid_no_xte,7.399,7.8621,-0.2174,12.558,-12.558,-0.2174,-0.0514,0.1681,7.8621,3.134,1.866
4,pid_no_xte,7.450,7.8726,-0.2195,12.410,-12.410,-0.2195,-0.0505,0.1543,7.8726,3.088,1.912
4,pid_no_xte,7.500,7.8868,-0.2234,12.289,-12.289,-0.2234,-0.0529,0.1357,7.8868,3.093,1.907
4,pid_no_xte,7.550,7.9061,-0.2267,12.163,-12.163,-0.2267,-0.0542,0.1210,7.9061,3.084,1.916
4,pid_no_xte,7.601,7.9436,-0.2294,11.965,-11.965,-0.2294,-0.0542,0.1100,7.9436,3.044,1.956
4,pid_no_xte,7.651,7.9835,-0.2292,11.783,-11.783,-0.2292,-0.0488,0.1097,7.9835,3.041,1.959
4,pid_no_xte,7.701,8.0270,-0.2272,11.607,-11.607,-0.2272,-0.0407,0.1144,8.0270,3.035,1.965
4,pid_no_xte,7.752,8.0688,-0.2251,11.459,-11.459,-0.2251,-0.0332,0.1176,8.0688,3.038,1.962
4,pid_no_xte,7.802,8.1061,-0.2240,11.342,-11.342,-0.2240,-0.0281,0.1161,8.1061,3.045,1.955
4,pid_no_xte,7.852,8.1608,-0.2245,11.187,-11.187,-0.2245,-0.0265,0.1085,8.1608,3.021,1.979
4,pid_no_xte,7.902,8.2090,-0.2271,11.049,-11.049,-0.2271,-0.0288,0.0943,8.2090,3.021,1.979
4,pid_no_xte,7.952,8.2343,-0.2290,10.964,-10.964,-0.2290,-0.0297,0.0842,8.2343,3.039,1.961
4,pid_no_xte,8.003,8.2696,-0.2316,10.815,-10.815,-0.2316,-0.0316,0.0729,8.2696,3.004,1.996
4,pid_no_xte,8.053,8.3023,-0.2335,10.633,-10.633,-0.2335,-0.0321,0.0654,8.3023,2.981,2.019
4,pid_no_xte,8.104,8.3461,-0.2343,10.308,-10.308,-0.2343,-0.0306,0.0620,8.3461,2.904,2.096
4,pid_no_xte,8.154,8.3726,-0.2336,10.069,-10.069,-0.2336,-0.0265,0.0638,8.3726,2.928,2.072
4,pid_no_xte,8.204,8.4121,-0.2309,9.665,-9.665,-0.2309,-0.0192,0.0712,8.4121,2.838,2.162
4,pid_no_xte,8.255,8.4462,-0.2274,9.289,-9.289,-0.2274,-0.0112,0.0793,8.4462,2.830,2.170
4,pid_no_xte,8.305,8.4826,-0.2233,8.879,-8.879,-0.2233,-0.0026,0.0877,8.4826,2.794,2.206
4,pid_no_xte,8.355,8.5251,-0.2185,8.410,-8.410,-0.2185,0.0064,0.0959,8.5251,2.745,2.255
4,pid_no_xte,8.406,8.5565,-0.2152,8.083,-8.083,-0.2152,0.0117,0.0969,8.5565,2.787,2.213
4,pid_no_xte,8.456,8.5904,-0.2120,7.749,-7.749,-0.2120,0.0165,0.0967,8.5904,2.767,2.233
4,pid_no_xte,8.506,8.6356,-0.2082,7.332,-7.332,-0.2082,0.0218,0.0975,8.6356,2.710,2.290
4,pid_no_xte,8.557,8.6759,-0.2054,6.980,-6.980,-0.2054,0.0249,0.0942,8.6759,2.719,2.281
4,pid_no_xte,8.607,8.7221,-0.2028,6.597,-6.597,-0.2028,0.0274,0.0903,8.7221,2.686,2.314
4,pid_no_xte,8.657,8.7547,-0.2011,6.335,-6.335,-0.2011,0.0280,0.0830,8.7547,2.722,2.278
4,pid_no_xte,8.708,8.7991,-0.1989,5.989,-5.989,-0.1989,0.0294,0.0780,8.7991,2.670,2.330
4,pid_no_xte,8.758,8.8447,-0.1966,5.642,-5.642,-0.1966,0.0310,0.0737,8.8447,2.651,2.349
4,pid_no_xte,8.808,8.8797,-0.1946,5.379,-5.379,-0.1946,0.0318,0.0684,8.8797,2.672,2.328
4,pid_no_xte,8.858,8.9204,-0.1919,5.076,-5.076,-0.1919,0.0337,0.0658,8.9204,2.639,2.361
4,pid_no_xte,8.909,8.9653,-0.1884,4.741,-4.741,-0.1884,0.0369,0.0655,8.9653,2.609,2.391
4,pid_no_xte,8.959,8.9996,-0.1855,4.484,-4.484,-0.1855,0.0389,0.0631,8.9996,2.628,2.372
4,pid_no_xte,9.009,9.0450,-0.1810,4.137,-4.137,-0.1810,0.0435,0.0657,9.0450,2.572,2.428
4,pid_no_xte,9.060,9.0833,-0.1766,3.836,-3.836,-0.1766,0.0475,0.0670,9.0833,2.576,2.424
4,pid_no_xte,9.110,9.1127,-0.1729,3.599,-3.599,-0.1729,0.0498,0.0651,9.1127,2.590,2.410
4,pid_no_xte,9.161,9.1458,-0.1686,3.327,-3.327,-0.1686,0.0531,0.0651,9.1458,2.561,2.439
4,pid_no_xte,9.211,9.1932,-0.1625,2.935,-2.935,-0.1625,0.0594,0.0706,9.1932,2.490,2.510
4,pid_no_xte,9.261,9.2229,-0.1589,2.693,-2.693,-0.1589,0.0604,0.0660,9.2229,2.540,2.460
4,pid_no_xte,9.311,9.2688,-0.1544,2.334,-2.334,-0.1544,0.0632,0.0650,9.2688,2.473,2.527
4,pid_no_xte,9.362,9.3098,-0.1515,2.033,-2.033,-0.1515,0.0627,0.0581,9.3098,2.481,2.519
4,pid_no_xte,9.412,9.3620,-0.1495,1.678,-1.678,-0.1495,0.0606,0.0490,9.3620,2.440,2.560
4,pid_no_xte,9.462,9.3978,-0.1489,1.452,-1.452,-0.1489,0.0561,0.0363,9.3978,2.482,2.518
4,pid_no_xte,9.513,9.4522,-0.1487,1.137,-1.137,-0.1487,0.0514,0.0245,9.4522,2.428,2.572
4,pid_no_xte,9.563,9.4997,-0.1487,0.886,-0.886,-0.1487,0.0466,0.0136,9.4997,2.442,2.558
4,pid_no_xte,9.613,9.5517,-0.1488,0.640,-0.640,-0.1488,0.0422,0.0043,9.5517,2.431,2.569
4,pid_no_xte,9.663,9.5954,-0.1489,0.456,-0.456,-0.1489,0.0382,-0.0035,9.5954,2.447,2.553
4,pid_no_xte,9.714,9.6607,-0.1490,0.218,-0.218,-0.1490,0.0344,-0.0100,9.6607,2.412,2.588
4,pid_no_xte,9.764,9.7110,-0.1492,0.059,-0.059,-0.1492,0.0309,-0.0155,9.7110,2.437,2.563
4,pid_no_xte,9.814,9.7629,-0.1496,-0.090,0.090,-0.1496,0.0273,-0.0205,9.7629,2.433,2.567
4,pid_no_xte,9.865,9.8475,-0.1507,-0.332,0.332,-0.1507,0.0230,-0.0265,9.8475,2.382,2.618
4,pid_no_xte,9.915,9.9054,-0.1516,-0.506,0.506,-0.1516,0.0192,-0.0309,9.9054,2.401,2.599
4,pid_no_xte,9.965,9.9908,-0.1531,-0.783,0.783,-0.1531,0.0147,-0.0362,9.9908,2.344,2.656
4,pid_no_xte,10.016,10.0623,-0.1544,-1.040,1.040,-0.1544,0.0109,-0.0398,10.0623,2.339,2.661
4,pid_no_xte,10.066,10.1249,-0.1558,-1.288,1.288,-0.1558,0.0075,-0.0424,10.1249,2.329,2.671
4,pid_no_xte,10.116,10.1889,-0.1574,-1.567,1.567,-0.1574,0.0038,-0.0453,10.1889,2.302,2.698
4,pid_no_xte,10.167,10.2148,-0.1582,-1.686,1.686,-0.1582,0.0020,-0.0445,10.2148,2.362,2.638
4,pid_no_xte,10.217,10.2714,-0.1604,-1.951,1.951,-0.1604,-0.0022,-0.0479,10.2714,2.288,2.712
4,pid_no_xte,10.268,10.3086,-0.1623,-2.122,2.122,-0.1623,-0.0053,-0.0492,10.3086,2.318,2.682
4,pid_no_xte,10.318,10.3565,-0.1651,-2.331,2.331,-0.1651,-0.0100,-0.0532,10.3565,2.291,2.709
4,pid_no_xte,10.369,10.4017,-0.1684,-2.511,2.511,-0.1684,-0.0151,-0.0575,10.4017,2.294,2.706
4,pid_no_xte,10.419,10.4341,-0.1711,-2.629,2.629,-0.1711,-0.0187,-0.0588,10.4341,2.313,2.687
4,pid_no_xte,10.469,10.4876,-0.1763,-2.801,2.801,-0.1763,-0.0264,-0.0675,10.4876,2.282,2.718
4,pid_no_xte,10.519,10.5412,-0.1823,-2.951,2.951,-0.1823,-0.0348,-0.0766,10.5412,2.283,2.717
4,pid_no_xte,10.570,10.5857,-0.1876,-3.059,3.059,-0.1876,-0.0413,-0.0813,10.5857,2.295,2.705
4,pid_no_xte,10.620,10.6303,-0.1931,-3.159,3.159,-0.1931,-0.0474,-0.0851,10.6303,2.293,2.707
4,pid_no_xte,10.670,10.6611,-0.1969,-3.226,3.226,-0.1969,-0.0500,-0.0820,10.6611,2.303,2.697
4,pid_no_xte,10.721,10.7038,-0.2019,-3.319,3.319,-0.2019,-0.0547,-0.0830,10.7038,2.287,2.713
4,pid_no_xte,10.771,10.7590,-0.2080,-3.444,3.444,-0.2080,-0.0607,-0.0864,10.7590,2.267,2.733
4,pid_no_xte,10.821,10.7978,-0.2119,-3.536,3.536,-0.2119,-0.0622,-0.0812,10.7978,2.277,2.723
4,pid_no_xte,10.871,10.8544,-0.2167,-3.667,3.667,-0.2167,-0.0653,-0.0795,10.8544,2.253,2.747
4,pid_no_xte,10.922,10.9062,-0.2205,-3.773,3.773,-0.2205,-0.0663,-0.0739,10.9062,2.258,2.742
4,pid_no_xte,10.972,10.9712,-0.2247,-3.880,3.880,-0.2247,-0.0678,-0.0700,10.9712,2.252,2.748
4,pid_no_xte,11.022,11.0248,-0.2280,-3.947,3.947,-0.2280,-0.0675,-0.0630,11.0248,2.265,2.735
4,pid_no_xte,11.072,11.1109,-0.2330,-4.021,4.021,-0.2330,-0.0706,-0.0629,11.1109,2.259,2.741
4,pid_no_xte,11.123,11.1901,-0.2376,-4.062,4.062,-0.2376,-0.0724,-0.0605,11.1901,2.270,2.730
4,pid_no_xte,11.173,11.2803,-0.2426,-4.081,4.081,-0.2426,-0.0750,-0.0596,11.2803,2.279,2.721
4,pid_no_xte,11.223,11.3851,-0.2484,-4.069,4.069,-0.2484,-0.0785,-0.0605,11.3851,2.292,2.708
4,pid_no_xte,11.274,11.4830,-0.2528,-4.060,4.060,-0.2528,-0.0793,-0.0565,11.4830,2.291,2.709
4,pid_no_xte,11.324,11.6108,-0.2566,-4.092,4.092,-0.2566,-0.0790,-0.0508,11.6108,2.272,2.728
4,pid_no_xte,11.374,11.6952,-0.2582,-4.139,4.139,-0.2582,-0.0748,-0.0384,11.6952,2.264,2.736
4,pid_no_xte,11.425,11.8293,-0.2580,-4.269,4.269,-0.2580,-0.0676,-0.0218,11.8293,2.223,2.777
4,pid_no_xte,11.475,11.9493,-0.2534,-4.444,4.444,-0.2534,-0.0529,0.0069,11.9493,2.194,2.806
4,pid_no_xte,11.526,12.0748,-0.2454,-4.667,4.667,-0.2454,-0.0336,0.0414,12.0748,2.163,2.837
4,pid_no_xte,11.576,12.1561,-0.2395,-4.817,4.817,-0.2395,-0.0198,0.0626,12.1561,2.185,2.815
4,pid_no_xte,11.626,12.2988,-0.2293,-5.058,5.058,-0.2293,0.0005,0.0937,12.2988,2.135,2.865
4,pid_no_xte,11.677,12.4453,-0.2229,-5.222,5.222,-0.2229,0.0122,0.1065,12.4453,2.158,2.842
4,pid_no_xte,11.727,12.5325,-0.2232,-5.239,5.239,-0.2232,0.0105,0.0935,12.5325,2.219,2.781
4,pid_no_xte,11.777,12.6153,-0.2271,-5.168,5.168,-0.2271,0.0025,0.0705,12.6153,2.259,2.741
4,pid_no_xte,11.827,12.7254,-0.2371,-4.896,4.896,-0.2371,-0.0159,0.0306,12.7254,2.357,2.643
4,pid_no_xte,11.878,12.7908,-0.2447,-4.620,4.620,-0.2447,-0.0282,0.0054,12.7908,2.373,2.627
4,pid_no_xte,11.928,12.8801,-0.2564,-4.084,4.084,-0.2564,-0.0470,-0.0291,12.8801,2.509,2.491
4,pid_no_xte,11.978,12.9354,-0.2642,-3.659,3.659,-0.2642,-0.0569,-0.0445,12.9354,2.485,2.515
4,pid_no_xte,12.029,13.0131,-0.2756,-2.955,2.955,-0.2756,-0.0723,-0.0683,13.0131,2.637,2.363
4,pid_no_xte,12.079,13.0403,-0.2795,-2.682,2.682,-0.2795,-0.0729,-0.0631,13.0403,2.473,2.527
4,pid_no_xte,12.130,13.1147,-0.2900,-1.880,1.880,-0.2900,-0.0853,-0.0800,13.1147,2.735,2.265
4,pid_no_xte,12.180,13.1653,-0.2969,-1.287,1.287,-0.2969,-0.0900,-0.0811,13.1653,2.679,2.321
4,pid_no_xte,12.230,13.2355,-0.3059,-0.394,0.394,-0.3059,-0.0980,-0.0884,13.2355,2.852,2.148
4,pid_no_xte,12.281,13.2807,-0.3110,0.247,-0.247,-0.3110,-0.0984,-0.0810,13.2807,2.780,2.220
4,pid_no_xte,12.331,13.3154,-0.3144,0.807,-0.807,-0.3144,-0.0956,-0.0685,13.3154,2.776,2.224
4,pid_no_xte,12.381,13.3571,-0.3170,1.592,-1.592,-0.3170,-0.0916,-0.0550,13.3571,2.910,2.090
4,pid_no_xte,12.431,13.3789,-0.3173,2.036,-2.036,-0.3173,-0.0838,-0.0358,13.3789,2.791,2.209
4,pid_no_xte,12.482,13.4120,-0.3163,2.702,-2.702,-0.3163,-0.0743,-0.0152,13.4120,2.918,2.082
4,pid_no_xte,12.532,13.4430,-0.3144,3.290,-3.290,-0.3144,-0.0639,0.0051,13.4430,2.916,2.084
4,pid_no_xte,12.583,13.4801,-0.3114,3.961,-3.961,-0.3114,-0.0526,0.0252,13.4801,2.986,2.014
4,pid_no_xte,12.633,13.5079,-0.3090,4.447,-4.447,-0.3090,-0.0436,0.0393,13.5079,2.935,2.065
4,pid_no_xte,12.683,13.5485,-0.3058,5.128,-5.128,-0.3058,-0.0337,0.0535,13.5485,3.052,1.948
4,pid_no_xte,12.734,13.5844,-0.3032,5.703,-5.703,-0.3032,-0.0258,0.0631,13.5844,3.038,1.962
4,pid_no_xte,12.784,13.6230,-0.3005,6.283,-6.283,-0.3005,-0.0187,0.0702,13.6230,3.070,1.930
4,pid_no_xte,12.834,13.6675,-0.2978,6.899,-6.899,-0.2978,-0.0120,0.0759,13.6675,3.118,1.882
4,pid_no_xte,12.884,13.7169,-0.2950,7.514,-7.514,-0.2950,-0.0059,0.0802,13.7169,3.150,1.850
4,pid_no_xte,12.935,13.7644,-0.2924,8.035,-8.035,-0.2924,-0.0005,0.0826,13.7644,3.138,1.862
4,pid_no_xte,12.985,13.8057,-0.2900,8.437,-8.437,-0.2900,0.0039,0.0831,13.8057,3.109,1.891
4,pid_no_xte,13.035,13.8751,-0.2858,9.029,-9.029,-0.2858,0.0112,0.0887,13.8751,3.220,1.780
4,pid_no_xte,13.085,13.9250,-0.2829,9.397,-9.397,-0.2829,0.0153,0.0882,13.9250,3.145,1.855
4,pid_no_xte,13.136,13.9811,-0.2800,9.765,-9.765,-0.2800,0.0192,0.0871,13.9811,3.165,1.835
4,pid_no_xte,13.186,14.0481,-0.2770,10.164,-10.164,-0.2770,0.0229,0.0859,14.0481,3.198,1.802
4,pid_no_xte,13.236,14.1007,-0.2750,10.452,-10.452,-0.2750,0.0245,0.0809,14.1007,3.167,1.833
4,pid_no_xte,13.287,14.1542,-0.2733,10.723,-10.723,-0.2733,0.0253,0.0750,14.1542,3.174,1.826
4,pid_no_xte,13.337,14.2170,-0.2716,11.009,-11.009,-0.2716,0.0261,0.0695,14.2170,3.195,1.805
4,pid_no_xte,13.387,14.2626,-0.2704,11.190,-11.190,-0.2704,0.0259,0.0629,14.2626,3.161,1.839
4,pid_no_xte,13.438,14.3334,-0.2680,11.423,-11.423,-0.2680,0.0279,0.0608,14.3334,3.195,1.805
4,pid_no_xte,13.488,14.4081,-0.2646,11.624,-11.624,-0.2646,0.0316,0.0620,14.4081,3.193,1.807
4,pid_no_xte,13.538,14.4908,-0.2603,11.816,-11.816,-0.2603,0.0364,0.0651,14.4908,3.199,1.801
4,pid_no_xte,13.588,14.5459,-0.2576,11.931,-11.931,-0.2576,0.0381,0.0622,14.5459,3.173,1.827
4,pid_no_xte,13.639,14.6222,-0.2533,12.072,-12.072,-0.2533,0.0423,0.0642,14.6222,3.191,1.809
4,pid_no_xte,13.689,14.7202,-0.2473,12.224,-12.224,-0.2473,0.0494,0.0711,14.7202,3.203,1.797
4,pid_no_xte,13.739,14.8321,-0.2400,12.353,-12.353,-0.2400,0.0582,0.0806,14.8321,3.201,1.799
4,pid_no_xte,13.790,14.9067,-0.2349,12.410,-12.410,-0.2349,0.0622,0.0805,14.9067,3.173,1.827
4,pid_no_xte,13.840,15.0320,-0.2257,12.449,-12.449,-0.2257,0.0732,0.0931,15.0320,3.168,1.832
4,pid_no_xte,13.890,15.1679,-0.2147,12.417,-12.417,-0.2147,0.0865,0.1088,15.1679,3.137,1.863
4,pid_no_xte,13.941,15.2945,-0.2036,12.344,-12.344,-0.2036,0.0986,0.1208,15.2945,3.116,1.884
4,pid_no_xte,13.991,15.3860,-0.1957,12.279,-12.279,-0.1957,0.1041,0.1197,15.3860,3.116,1.884
4,pid_no_xte,14.042,15.5410,-0.1832,12.163,-12.163,-0.1832,0.1171,0.1323,15.5410,3.089,1.911
4,pid_no_xte,14.092,15.6445,-0.1765,12.089,-12.089,-0.1765,0.1185,0.1228,15.6445,3.102,1.898
4,pid_no_xte,14.143,15.7807,-0.1702,12.010,-12.010,-0.1702,0.1191,0.1125,15.7807,3.096,1.904
4,pid_no_xte,14.193,15.8737,-0.1672,11.979,-11.979,-0.1672,0.1136,0.0923,15.8737,3.114,1.886
4,pid_no_xte,14.244,15.9407,-0.1648,11.980,-11.980,-0.1648,0.1076,0.0730,15.9407,3.128,1.872
4,pid_no_xte,14.294,15.9904,-0.1625,12.012,-12.012,-0.1625,0.1019,0.0558,15.9904,3.142,1.858
4,pid_no_xte,14.344,16.0214,-0.1608,12.058,-12.058,-0.1608,0.0958,0.0396,16.0214,3.150,1.850
4,pid_no_xte,14.395,16.0413,-0.1594,12.103,-12.103,-0.1594,0.0895,0.0246,16.0413,3.152,1.848
4,pid_no_xte,14.446,16.0722,-0.1565,12.195,-12.195,-0.1565,0.0865,0.0169,16.0722,3.177,1.823
4,pid_no_xte,14.496,16.0903,-0.1543,12.257,-12.257,-0.1543,0.0824,0.0080,16.0903,3.167,1.833
4,pid_no_xte,14.547,16.1157,-0.1507,12.349,-12.349,-0.1507,0.0816,0.0057,16.1157,3.185,1.815
4,pid_no_xte,14.597,16.1451,-0.1451,12.463,-12.463,-0.1451,0.0843,0.0101,16.1451,3.200,1.800
4,pid_no_xte,14.648,16.1654,-0.1403,12.544,-12.544,-0.1403,0.0852,0.0109,16.1654,3.190,1.810
4,pid_no_xte,14.698,16.1945,-0.1330,12.657,-12.657,-0.1330,0.0906,0.0197,16.1945,3.210,1.790
4,pid_no_xte,14.749,16.2216,-0.1263,12.759,-12.759,-0.1263,0.0946,0.0250,16.2216,3.210,1.790
4,pid_no_xte,14.799,16.2515,-0.1191,12.857,-12.857,-0.1191,0.0990,0.0307,16.2515,3.214,1.786
4,pid_no_xte,14.849,16.2750,-0.1135,12.921,-12.921,-0.1135,0.1000,0.0298,16.2750,3.203,1.797
4,pid_no_xte,14.900,16.3123,-0.1051,12.993,-12.993,-0.1051,0.1063,0.0384,16.3123,3.210,1.790
4,pid_no_xte,14.950,16.3430,-0.0983,13.023,-13.023,-0.0983,0.1087,0.0394,16.3430,3.195,1.805
4,pid_no_xte,15.001,16.3653,-0.0936,13.028,-13.028,-0.0936,0.1074,0.0334,16.3653,3.184,1.816
4,pid_no_xte,15.051,16.3933,-0.0877,13.013,-13.013,-0.0877,0.1081,0.0316,16.3933,3.175,1.825
4,pid_no_xte,15.103,16.4366,-0.0790,12.945,-12.945,-0.0790,0.1138,0.0389,16.4366,3.150,1.850
4,pid_no_xte,15.154,16.4738,-0.0717,12.845,-12.845,-0.0717,0.1165,0.0402,16.4738,3.132,1.868
4,pid_no_xte,15.206,16.5178,-0.0633,12.683,-12.683,-0.0633,0.1209,0.0444,16.5178,3.099,1.901
4,pid_no_xte,15.256,16.5658,-0.0542,12.459,-12.459,-0.0542,0.1262,0.0501,16.5658,3.059,1.941
4,pid_no_xte,15.306,16.6075,-0.0465,12.229,-12.229,-0.0465,0.1288,0.0501,16.6075,3.045,1.955
4,pid_no_xte,15.357,16.6474,-0.0392,11.982,-11.982,-0.0392,0.1302,0.0481,16.6474,3.024,1.976
4,pid_no_xte,15.407,16.6988,-0.0301,11.623,-11.623,-0.0301,0.1348,0.0521,16.6988,2.960,2.040
4,pid_no_xte,15.458,16.7357,-0.0238,11.336,-11.336,-0.0238,0.1340,0.0459,16.7357,2.974,2.026
4,pid_no_xte,15.508,16.7928,-0.0139,10.832,-10.832,-0.0139,0.1397,0.0521,16.7928,2.857,2.143
4,pid_no_xte,15.558,16.8384,-0.0057,10.359,-10.359,-0.0057,0.1417,0.0509,16.8384,2.846,2.154
4,pid_no_xte,15.610,16.8875,0.0036,9.737,-9.737,0.0036,0.1453,0.0526,16.8875,2.758,2.242
4,pid_no_xte,15.661,16.9295,0.0122,9.086,-9.086,0.0122,0.1474,0.0516,16.9295,2.709,2.291
4,pid_no_xte,15.713,16.9515,0.0170,8.691,-8.691,0.0170,0.1423,0.0375,16.9515,2.795,2.205
4,pid_no_xte,15.764,16.9887,0.0253,7.940,-7.940,0.0253,0.1441,0.0373,16.9887,2.610,2.390
4,pid_no_xte,15.815,17.0234,0.0331,7.131,-7.131,0.0331,0.1451,0.0356,17.0234,2.537,2.463
4,pid_no_xte,15.865,17.0440,0.0375,6.598,-6.598,0.0375,0.1397,0.0226,17.0440,2.625,2.375
4,pid_no_xte,15.916,17.0624,0.0411,6.079,-6.079,0.0411,0.1334,0.0091,17.0624,2.603,2.397
4,pid_no_xte,15.967,17.0845,0.0444,5.406,-5.406,0.0444,0.1273,-0.0029,17.0845,2.505,2.495
4,pid_no_xte,16.018,17.1009,0.0460,4.871,-4.871,0.0460,0.1182,-0.0191,17.1009,2.537,2.463
4,pid_no_xte,16.068,17.1167,0.0464,4.325,-4.325,0.0464,0.1082,-0.0356,17.1167,2.500,2.500
4,pid_no_xte,16.120,17.1310,0.0455,3.806,-3.806,0.0455,0.0964,-0.0536,17.1310,2.487,2.513
4,pid_no_xte,16.171,17.1443,0.0431,3.321,-3.321,0.0431,0.0831,-0.0727,17.1443,2.476,2.524
4,pid_no_xte,16.222,17.1549,0.0401,2.950,-2.950,0.0401,0.0700,-0.0898,17.1549,2.503,2.497
4,pid_no_xte,16.273,17.1666,0.0360,2.569,-2.569,0.0360,0.0561,-0.1066,17.1666,2.479,2.521
4,pid_no_xte,16.324,17.1789,0.0316,2.215,-2.215,0.0316,0.0429,-0.1209,17.1789,2.469,2.531
4,pid_no_xte,16.375,17.1918,0.0275,1.909,-1.909,0.0275,0.0315,-0.1303,17.1918,2.474,2.526
4,pid_no_xte,16.425,17.2039,0.0243,1.665,-1.665,0.0243,0.0228,-0.1343,17.2039,2.486,2.514
4,pid_no_xte,16.476,17.2244,0.0200,1.319,-1.319,0.0200,0.0128,-0.1400,17.2244,2.426,2.574
4,pid_no_xte,16.526,17.2395,0.0175,1.103,-1.103,0.0175,0.0072,-0.1375,17.2395,2.468,2.532
4,pid_no_xte,16.576,17.2644,0.0143,0.803,-0.803,0.0143,0.0007,-0.1368,17.2644,2.417,2.583
4,pid_no_xte,16.627,17.2913,0.0113,0.534,-0.534,0.0113,-0.0048,-0.1341,17.2913,2.417,2.583
4,pid_no_xte,16.677,17.3191,0.0086,0.303,-0.303,0.0086,-0.0093,-0.1300,17.3191,2.420,2.580
4,pid_no_xte,16.728,17.3378,0.0070,0.165,-0.165,0.0070,-0.0114,-0.1220,17.3378,2.451,2.549
4,pid_no_xte,16.778,17.3716,0.0042,-0.067,0.067,0.0042,-0.0154,-0.1180,17.3716,2.400,2.600
4,pid_no_xte,16.828,17.4133,0.0011,-0.344,0.344,0.0011,-0.0197,-0.1150,17.4133,2.367,2.633
4,pid_no_xte,16.879,17.4436,-0.0011,-0.546,0.546,-0.0011,-0.0217,-0.1082,17.4436,2.387,2.613
4,pid_no_xte,16.929,17.4758,-0.0032,-0.768,0.768,-0.0032,-0.0237,-0.1019,17.4758,2.368,2.632
4,pid_no_xte,16.980,17.5277,-0.0065,-1.141,1.141,-0.0065,-0.0275,-0.0993,17.5277,2.287,2.713
4,pid_no_xte,17.032,17.5833,-0.0100,-1.559,1.559,-0.0100,-0.0313,-0.0969,17.5833,2.248,2.752
4,pid_no_xte,17.083,17.6378,-0.0134,-1.966,1.966,-0.0134,-0.0344,-0.0937,17.6378,2.230,2.770
4,pid_no_xte,17.134,17.6961,-0.0170,-2.397,2.397,-0.0170,-0.0379,-0.0912,17.6961,2.198,2.802
4,pid_no_xte,17.185,17.7672,-0.0216,-2.921,2.921,-0.0216,-0.0426,-0.0914,17.7672,2.132,2.868
4,pid_no_xte,17.236,17.8435,-0.0266,-3.503,3.503,-0.0266,-0.0478,-0.0923,17.8435,2.078,2.922
4,pid_no_xte,17.287,17.8878,-0.0296,-3.868,3.868,-0.0296,-0.0488,-0.0855,17.8878,2.148,2.852
4,pid_no_xte,17.338,17.9581,-0.0346,-4.525,4.525,-0.0346,-0.0534,-0.0861,17.9581,1.990,3.010
4,pid_no_xte,17.388,18.0189,-0.0395,-5.219,5.219,-0.0395,-0.0574,-0.0854,18.0189,1.939,3.061
4,pid_no_xte,17.439,18.0609,-0.0434,-5.793,5.793,-0.0434,-0.0593,-0.0810,18.0609,1.958,3.042
4,pid_no_xte,17.489,18.0963,-0.0472,-6.335,6.335,-0.0472,-0.0607,-0.0762,18.0963,1.943,3.057
4,pid_no_xte,17.539,18.1307,-0.0514,-6.887,6.887,-0.0514,-0.0628,-0.0731,18.1307,1.910,3.090
4,pid_no_xte,17.590,18.1652,-0.0564,-7.410,7.410,-0.0564,-0.0661,-0.0724,18.1652,1.894,3.106
4,pid_no_xte,17.640,18.1852,-0.0596,-7.685,7.685,-0.0596,-0.0659,-0.0653,18.1852,1.984,3.016
4,pid_no_xte,17.691,18.2211,-0.0660,-8.120,8.120,-0.0660,-0.0713,-0.0691,18.2211,1.896,3.104
4,pid_no_xte,17.742,18.2563,-0.0729,-8.478,8.478,-0.0729,-0.0772,-0.0734,18.2563,1.910,3.090
4,pid_no_xte,17.794,18.3021,-0.0826,-8.846,8.846,-0.0826,-0.0877,-0.0857,18.3021,1.886,3.114
4,pid_no_xte,17.845,18.3494,-0.0929,-9.120,9.120,-0.0929,-0.0982,-0.0968,18.3494,1.910,3.090
4,pid_no_xte,17.895,18.3847,-0.1002,-9.261,9.261,-0.1002,-0.1025,-0.0956,18.3847,1.957,3.043
4,pid_no_xte,17.946,18.4469,-0.1122,-9.410,9.410,-0.1122,-0.1148,-0.1090,18.4469,1.946,3.054
4,pid_no_xte,17.997,18.4944,-0.1208,-9.464,9.464,-0.1208,-0.1197,-0.1078,18.4944,1.982,3.018
4,pid_no_xte,18.048,18.5735,-0.1345,-9.484,9.484,-0.1345,-0.1336,-0.1232,18.5735,1.995,3.005
4,pid_no_xte,18.099,18.6645,-0.1499,-9.440,9.440,-0.1499,-0.1494,-0.1406,18.6645,2.024,2.976
4,pid_no_xte,18.149,18.7271,-0.1603,-9.376,9.376,-0.1603,-0.1545,-0.1369,18.7271,2.035,2.965
4,pid_no_xte,18.200,18.8298,-0.1770,-9.223,9.223,-0.1770,-0.1706,-0.1534,18.8298,2.080,2.920
4,pid_no_xte,18.251,18.9205,-0.1914,-9.050,9.050,-0.1914,-0.1809,-0.1581,18.9205,2.097,2.903
5,no_pid,0.000,0.1257,0.0073,0.057,-0.057,0.0073,0.0000,0.0000,0.1257,2.500,2.500
5,no_pid,0.050,0.1415,0.0089,0.071,-0.071,0.0089,0.0029,0.0053,0.1415,2.500,2.500
5,no_pid,0.101,0.1688,0.0108,0.120,-0.120,0.0108,0.0061,0.0106,0.1688,2.500,2.500
5,no_pid,0.151,0.1981,0.0120,0.192,-0.192,0.0120,0.0077,0.0126,0.1981,2.500,2.500
5,no_pid,0.202,0.2408,0.0126,0.316,-0.316,0.0126,0.0081,0.0121,0.2408,2.500,2.500
5,no_pid,0.252,0.2699,0.0126,0.405,-0.405,0.0126,0.0073,0.0096,0.2699,2.500,2.500
5,no_pid,0.302,0.3014,0.0123,0.497,-0.497,0.0123,0.0061,0.0066,0.3014,2.500,2.500
5,no_pid,0.353,0.3509,0.0115,0.628,-0.628,0.0115,0.0041,0.0023,0.3509,2.500,2.500
5,no_pid,0.403,0.3945,0.0106,0.724,-0.724,0.0106,0.0021,-0.0017,0.3945,2.500,2.500
5,no_pid,0.454,0.4422,0.0095,0.806,-0.806,0.0095,-0.0001,-0.0055,0.4422,2.500,2.500
5,no_pid,0.504,0.4764,0.0087,0.848,-0.848,0.0087,-0.0015,-0.0076,0.4764,2.500,2.500
5,no_pid,0.554,0.5153,0.0079,0.877,-0.877,0.0079,-0.0029,-0.0094,0.5153,2.500,2.500
5,no_pid,0.605,0.5769,0.0067,0.880,-0.880,0.0067,-0.0048,-0.0119,0.5769,2.500,2.500
5,no_pid,0.655,0.6202,0.0059,0.843,-0.843,0.0059,-0.0057,-0.0125,0.6202,2.500,2.500
5,no_pid,0.706,0.6869,0.0052,0.726,-0.726,0.0052,-0.0065,-0.0128,0.6869,2.500,2.500
5,no_pid,0.756,0.7306,0.0054,0.609,-0.609,0.0054,-0.0056,-0.0100,0.7306,2.500,2.500
5,no_pid,0.806,0.7917,0.0069,0.389,-0.389,0.0069,-0.0024,-0.0031,0.7917,2.500,2.500
5,no_pid,0.857,0.8288,0.0091,0.224,-0.224,0.0091,0.0018,0.0047,0.8288,2.500,2.500
5,no_pid,0.907,0.8799,0.0144,-0.028,0.028,0.0144,0.0114,0.0217,0.8799,2.500,2.500
5,no_pid,0.958,0.9150,0.0198,-0.192,0.192,0.0198,0.0201,0.0356,0.9150,2.500,2.500
5,no_pid,1.008,0.9437,0.0252,-0.303,0.303,0.0252,0.0281,0.0468,0.9437,2.500,2.500
5,no_pid,1.058,0.9901,0.0356,-0.408,0.408,0.0356,0.0443,0.0720,0.9901,2.500,2.500
5,no_pid,1.109,1.0244,0.0440,-0.402,0.402,0.0440,0.0556,0.0859,1.0244,2.500,2.500
5,no_pid,1.159,1.0671,0.0546,-0.279,0.279,0.0546,0.0697,0.1036,1.0671,2.500,2.500
5,no_pid,1.210,1.0996,0.0620,-0.101,0.101,0.0620,0.0768,0.1069,1.0996,2.500,2.500
5,no_pid,1.260,1.1475,0.0713,0.264,-0.264,0.0713,0.0867,0.1152,1.1475,2.500,2.500
5,no_pid,1.310,1.1811,0.0766,0.569,-0.569,0.0766,0.0883,0.1076,1.1811,2.500,2.500
5,no_pid,1.361,1.2084,0.0802,0.836,-0.836,0.0802,0.0869,0.0953,1.2084,2.500,2.500
5,no_pid,1.411,1.2481,0.0850,1.238,-1.238,0.0850,0.0875,0.0876,1.2481,2.500,2.500
5,no_pid,1.462,1.2921,0.0898,1.683,-1.683,0.0898,0.0883,0.0810,1.2921,2.500,2.500
5,no_pid,1.512,1.3479,0.0959,2.217,-2.217,0.0959,0.0913,0.0790,1.3479,2.500,2.500
5,no_pid,1.562,1.4059,0.1020,2.720,-2.720,0.1020,0.0940,0.0767,1.4059,2.500,2.500
5,no_pid,1.613,1.4670,0.1079,3.192,-3.192,0.1079,0.0961,0.0736,1.4670,2.500,2.500
5,no_pid,1.663,1.5200,0.1126,3.568,-3.568,0.1126,0.0960,0.0666,1.5200,2.500,2.500
5,no_pid,1.713,1.6060,0.1197,4.133,-4.133,0.1197,0.1001,0.0680,1.6060,2.500,2.500
5,no_pid,1.764,1.6639,0.1243,4.479,-4.479,0.1243,0.0993,0.0603,1.6639,2.500,2.500
5,no_pid,1.814,1.7599,0.1317,4.984,-4.984,0.1317,0.1036,0.0626,1.7599,2.500,2.500
5,no_pid,1.864,1.8641,0.1382,5.450,-5.450,0.1382,0.1060,0.0612,1.8641,2.500,2.500
5,no_pid,1.915,1.9368,0.1414,5.695,-5.695,0.1414,0.1021,0.0485,1.9368,2.500,2.500
5,no_pid,1.965,2.0465,0.1480,5.927,-5.927,0.1480,0.1047,0.0489,2.0465,2.500,2.500
5,no_pid,2.015,2.1156,0.1549,5.974,-5.974,0.1549,0.1077,0.0497,2.1156,2.500,2.500
5,no_pid,2.066,2.2048,0.1682,5.852,-5.852,0.1682,0.1219,0.0711,2.2048,2.500,2.500
5,no_pid,2.116,2.2520,0.1791,5.638,-5.638,0.1791,0.1306,0.0803,2.2520,2.500,2.500
5,no_pid,2.167,2.3052,0.2002,5.130,-5.130,0.2002,0.1570,0.1210,2.3052,2.500,2.500
5,no_pid,2.217,2.3311,0.2182,4.677,-4.677,0.2182,0.1753,0.1432,2.3311,2.500,2.500
5,no_pid,2.267,2.3607,0.2513,3.836,-3.836,0.2513,0.2195,0.2104,2.3607,2.500,2.500
5,no_pid,2.318,2.3763,0.2750,3.225,-3.225,0.2750,0.2425,0.2329,2.3763,2.500,2.500
5,no_pid,2.368,2.3998,0.3139,2.192,-2.192,0.3139,0.2909,0.2995,2.3998,2.500,2.500
5,no_pid,2.418,2.4169,0.3404,1.457,-1.457,0.3404,0.3125,0.3114,2.4169,2.500,2.500
5,no_pid,2.469,2.4461,0.3802,0.314,-0.314,0.3802,0.3562,0.3623,2.4461,2.500,2.500
5,no_pid,2.519,2.4682,0.4063,-0.461,0.461,0.4063,0.3710,0.3561,2.4682,2.500,2.500
5,no_pid,2.569,2.5054,0.4444,-1.614,1.614,0.4444,0.4064,0.3878,2.5054,2.500,2.500
5,no_pid,2.620,2.5326,0.4690,-2.355,2.355,0.4690,0.4140,0.3661,2.5326,2.500,2.500
5,no_pid,2.670,2.5780,0.5049,-3.413,3.413,0.5049,0.4413,0.3823,2.5780,2.500,2.500
5,no_pid,2.720,2.6100,0.5268,-4.035,4.035,0.5268,0.4406,0.3459,2.6100,2.500,2.500
5,no_pid,2.771,2.6557,0.5534,-4.746,4.746,0.5534,0.4485,0.3287,2.6557,2.500,2.500
5,no_pid,2.821,2.6985,0.5738,-5.242,5.242,0.5738,0.4445,0.2913,2.6985,2.500,2.500
5,no_pid,2.872,2.7384,0.5894,-5.578,5.578,0.5894,0.4321,0.2419,2.7384,2.500,2.500
5,no_pid,2.922,2.7857,0.6047,-5.850,5.850,0.6047,0.4203,0.1985,2.7857,2.500,2.500
5,no_pid,2.972,2.8433,0.6200,-6.034,6.034,0.6200,0.4098,0.1611,2.8433,2.500,2.500
5,no_pid,3.023,2.8995,0.6328,-6.076,6.076,0.6328,0.3954,0.1203,2.8995,2.500,2.500
5,no_pid,3.073,2.9413,0.6412,-6.039,6.039,0.6412,0.3744,0.0712,2.9413,2.500,2.500
5,no_pid,3.124,2.9953,0.6510,-5.926,5.926,0.6510,0.3581,0.0349,2.9953,2.500,2.500
5,no_pid,3.174,3.0677,0.6628,-5.696,5.696,0.6628,0.3467,0.0111,3.0677,2.500,2.500
5,no_pid,3.224,3.1052,0.6684,-5.552,5.552,0.6684,0.3252,-0.0291,3.1052,2.500,2.500
5,no_pid,3.275,3.1871,0.6796,-5.197,5.197,0.6796,0.3158,-0.0435,3.1871,2.500,2.500
5,no_pid,3.325,3.2543,0.6879,-4.882,4.882,0.6879,0.3019,-0.0647,3.2543,2.500,2.500
5,no_pid,3.375,3.3054,0.6937,-4.635,4.635,0.6937,0.2848,-0.0899,3.3054,2.500,2.500
5,no_pid,3.426,3.3968,0.7026,-4.179,4.179,0.7026,0.2750,-0.0994,3.3968,2.500,2.500
5,no_pid,3.476,3.4585,0.7074,-3.853,3.853,0.7074,0.2585,-0.1203,3.4585,2.500,2.500
5,no_pid,3.526,3.5477,0.7115,-3.314,3.314,0.7115,0.2424,-0.1386,3.5477,2.500,2.500
5,no_pid,3.577,3.5866,0.7122,-3.037,3.037,0.7122,0.2213,-0.1642,3.5866,2.500,2.500
5,no_pid,3.627,3.6326,0.7120,-2.660,2.660,0.7120,0.2007,-0.1865,3.6326,2.500,2.500
5,no_pid,3.678,3.6811,0.7110,-2.190,2.190,0.7110,0.1805,-0.2061,3.6811,2.500,2.500
5,no_pid,3.728,3.7414,0.7093,-1.469,1.469,0.7093,0.1608,-0.2231,3.7414,2.500,2.500
5,no_pid,3.779,3.7831,0.7084,-0.867,0.867,0.7084,0.1445,-0.2324,3.7831,2.500,2.500
5,no_pid,3.829,3.8259,0.7084,-0.179,0.179,0.7084,0.1313,-0.2351,3.8259,2.500,2.500
5,no_pid,3.879,3.8537,0.7092,0.285,-0.285,0.7092,0.1207,-0.2328,3.8537,2.500,2.500
5,no_pid,3.930,3.8975,0.7118,1.022,-1.022,0.7118,0.1144,-0.2230,3.8975,2.500,2.500
5,no_pid,3.980,3.9418,0.7158,1.759,-1.759,0.7158,0.1112,-0.2083,3.9418,2.500,2.500
5,no_pid,4.030,3.9719,0.7191,2.254,-2.254,0.7191,0.1070,-0.1970,3.9719,2.500,2.500
5,no_pid,4.080,4.0028,0.7226,2.756,-2.756,0.7226,0.1037,-0.1850,4.0028,2.500,2.500
5,no_pid,4.131,4.0510,0.7283,3.523,-3.523,0.7283,0.1046,-0.1665,4.0510,2.500,2.500
5,no_pid,4.181,4.0841,0.7322,4.043,-4.043,0.7322,0.1020,-0.1559,4.0841,2.500,2.500
5,no_pid,4.231,4.1329,0.7377,4.804,-4.804,0.7377,0.1028,-0.1403,4.1329,2.500,2.500
5,no_pid,4.282,4.1790,0.7427,5.509,-5.509,0.7427,0.1025,-0.1281,4.1790,2.500,2.500
5,no_pid,4.332,4.2247,0.7474,6.166,-6.166,0.7474,0.1017,-0.1178,4.2247,2.500,2.500
5,no_pid,4.382,4.2745,0.7524,6.817,-6.817,0.7524,0.1015,-0.1073,4.2745,2.500,2.500
5,no_pid,4.432,4.3315,0.7584,7.471,-7.471,0.7584,0.1030,-0.0947,4.3315,2.500,2.500
5,no_pid,4.483,4.3710,0.7627,7.870,-7.870,0.7627,0.1015,-0.0890,4.3710,2.500,2.500
5,no_pid,4.533,4.4365,0.7702,8.448,-8.448,0.7702,0.1057,-0.0731,4.4365,2.500,2.500
5,no_pid,4.583,4.5120,0.7793,9.011,-9.011,0.7793,0.1126,-0.0539,4.5120,2.500,2.500
5,no_pid,4.634,4.5925,0.7894,9.510,-9.510,0.7894,0.1207,-0.0343,4.5925,2.500,2.500
5,no_pid,4.684,4.6629,0.7983,9.872,-9.872,0.7983,0.1260,-0.0216,4.6629,2.500,2.500
5,no_pid,4.734,4.7611,0.8107,10.283,-10.283,0.8107,0.1368,0.0001,4.7611,2.500,2.500
5,no_pid,4.785,4.8594,0.8225,10.599,-10.599,0.8225,0.1458,0.0164,4.8594,2.500,2.500
5,no_pid,4.835,4.9452,0.8328,10.805,-10.805,0.8328,0.1512,0.0247,4.9452,2.500,2.500
5,no_pid,4.886,5.0780,0.8502,11.015,-11.015,0.8502,0.1690,0.0548,5.0780,2.500,2.500
5,no_pid,4.936,5.1652,0.8637,11.084,-11.084,0.8637,0.1779,0.0660,5.1652,2.500,2.500
5,no_pid,4.986,5.2845,0.8862,11.069,-11.069,0.8862,0.2027,0.1050,5.2845,2.500,2.500
5,no_pid,5.036,5.3515,0.9012,10.980,-10.980,0.9012,0.2114,0.1113,5.3515,2.500,2.500
5,no_pid,5.087,5.4308,0.9217,10.744,-10.744,0.9217,0.2294,0.1337,5.4308,2.500,2.500
5,no_pid,5.137,5.4710,0.9346,10.537,-10.537,0.9346,0.2318,0.1258,5.4710,2.500,2.500
5,no_pid,5.187,5.5178,0.9544,10.196,-10.196,0.9544,0.2465,0.1412,5.5178,2.500,2.500
5,no_pid,5.238,5.5434,0.9683,9.972,-9.972,0.9683,0.2493,0.1334,5.5434,2.500,2.500
5,no_pid,5.288,5.5784,0.9902,9.684,-9.684,0.9902,0.2664,0.1522,5.5784,2.500,2.500
5,no_pid,5.338,5.6089,1.0103,9.515,-9.515,1.0103,0.2785,0.1603,5.6089,2.500,2.500
5,no_pid,5.388,5.6409,1.0310,9.463,-9.463,1.0310,0.2907,0.1679,5.6409,2.500,2.500
5,no_pid,5.439,5.6730,1.0509,9.561,-9.561,1.0509,0.3003,0.1699,5.6730,2.500,2.500
5,no_pid,5.489,5.6955,1.0639,9.727,-9.727,1.0639,0.2966,0.1477,5.6955,2.500,2.500
5,no_pid,5.539,5.7230,1.0785,10.033,-10.033,1.0785,0.2960,0.1331,5.7230,2.500,2.500
5,no_pid,5.589,5.7603,1.0956,10.587,-10.587,1.0956,0.3001,0.1285,5.7603,2.500,2.500
5,no_pid,5.640,5.7960,1.1091,11.198,-11.198,1.1091,0.2972,0.1114,5.7960,2.500,2.500
5,no_pid,5.690,5.8345,1.1216,11.889,-11.889,1.1216,0.2927,0.0931,5.8345,2.500,2.500
5,no_pid,5.740,5.8599,1.1292,12.345,-12.345,1.1292,0.2798,0.0610,5.8599,2.500,2.500
5,no_pid,5.791,5.8982,1.1406,13.014,-13.014,1.1406,0.2748,0.0464,5.8982,2.500,2.500
5,no_pid,5.841,5.9310,1.1504,13.557,-13.557,1.1504,0.2675,0.0289,5.9310,2.500,2.500
5,no_pid,5.891,5.9754,1.1639,14.247,-14.247,1.1639,0.2676,0.0264,5.9754,2.500,2.500
5,no_pid,5.942,6.0161,1.1764,14.821,-14.821,1.1764,0.2657,0.0206,6.0161,2.500,2.500
5,no_pid,5.992,6.0519,1.1874,15.275,-15.275,1.1874,0.2615,0.0111,6.0519,2.500,2.500
5,no_pid,6.042,6.1074,1.2044,15.878,-15.878,1.2044,0.2685,0.0228,6.1074,2.500,2.500
5,no_pid,6.093,6.1552,1.2189,16.301,-16.301,1.2189,0.2703,0.0239,6.1552,2.500,2.500
5,no_pid,6.143,6.1925,1.2300,16.572,-16.572,1.2300,0.2657,0.0134,6.1925,2.500,2.500
5,no_pid,6.193,6.2660,1.2509,16.970,-16.970,1.2509,0.2795,0.0372,6.2660,2.500,2.500
5,no_pid,6.244,6.3354,1.2695,17.221,-17.221,1.2695,0.2877,0.0488,6.3354,2.500,2.500
5,no_pid,6.294,6.4144,1.2891,17.404,-17.404,1.2891,0.2969,0.0611,6.4144,2.500,2.500
5,no_pid,6.344,6.4820,1.3048,17.494,-17.494,1.3048,0.2985,0.0583,6.4820,2.500,2.500
5,no_pid,6.394,6.5900,1.3291,17.545,-17.545,1.3291,0.3154,0.0837,6.5900,2.500,2.500
5,no_pid,6.445,6.6649,1.3459,17.523,-17.523,1.3459,0.3169,0.0789,6.6649,2.500,2.500
5,no_pid,6.495,6.7768,1.3720,17.408,-17.408,1.3720,0.3355,0.1054,6.7768,2.500,2.500
5,no_pid,6.545,6.8474,1.3901,17.272,-17.272,1.3901,0.3376,0.0996,6.8474,2.500,2.500
5,no_pid,6.596,6.9425,1.4178,16.965,-16.965,1.4178,0.3570,0.1257,6.9425,2.500,2.500
5,no_pid,6.646,7.0000,1.4365,16.669,-16.669,1.4365,0.3582,0.1163,7.0000,2.500,2.500
5,no_pid,6.697,7.0386,1.4501,16.400,-16.400,1.4501,0.3501,0.0909,7.0386,2.500,2.500
5,no_pid,6.747,7.0915,1.4713,15.912,-15.912,1.4713,0.3565,0.0942,7.0915,2.500,2.500
5,no_pid,6.798,7.1219,1.4855,15.572,-15.572,1.4855,0.3497,0.0733,7.1219,2.500,2.500
5,no_pid,6.848,7.1632,1.5074,15.088,-15.088,1.5074,0.3575,0.0808,7.1632,2.500,2.500
5,no_pid,6.898,7.1898,1.5226,14.806,-14.806,1.5226,0.3525,0.0642,7.1898,2.500,2.500
5,no_pid,6.948,7.2301,1.5461,14.486,-14.486,1.5461,0.3630,0.0775,7.2301,2.500,2.500
5,no_pid,6.999,7.2572,1.5619,14.361,-14.361,1.5619,0.3585,0.0623,7.2572,2.500,2.500
5,no_pid,7.049,7.2981,1.5848,14.341,-14.341,1.5848,0.3675,0.0728,7.2981,2.500,2.500
5,no_pid,7.099,7.3253,1.5991,14.452,-14.452,1.5991,0.3598,0.0522,7.3253,2.500,2.500
5,no_pid,7.150,7.3636,1.6166,14.768,-14.768,1.6166,0.3587,0.0455,7.3636,2.500,2.500
5,no_pid,7.200,7.3976,1.6294,15.161,-15.161,1.6294,0.3492,0.0240,7.3976,2.500,2.500
5,no_pid,7.250,7.4407,1.6433,15.750,-15.750,1.6433,0.3426,0.0098,7.4407,2.500,2.500
5,no_pid,7.301,7.4644,1.6506,16.092,-16.092,1.6506,0.3244,-0.0241,7.4644,2.500,2.500
5,no_pid,7.351,7.5059,1.6634,16.698,-16.698,1.6634,0.3179,-0.0337,7.5059,2.500,2.500
5,no_pid,7.401,7.5531,1.6782,17.375,-17.375,1.6782,0.3159,-0.0343,7.5531,2.500,2.500
5,no_pid,7.452,7.5941,1.6916,17.933,-17.933,1.6916,0.3114,-0.0393,7.5941,2.500,2.500
5,no_pid,7.502,7.6422,1.7080,18.541,-18.541,1.7080,0.3126,-0.0335,7.6422,2.500,2.500
5,no_pid,7.552,7.6944,1.7263,19.128,-19.128,1.7263,0.3174,-0.0218,7.6944,2.500,2.500
5,no_pid,7.602,7.7457,1.7447,19.628,-19.628,1.7447,0.3219,-0.0115,7.7457,2.500,2.500
5,no_pid,7.653,7.8100,1.7678,20.148,-20.148,1.7678,0.3345,0.0124,7.8100,2.500,2.500
5,no_pid,7.703,7.8627,1.7866,20.500,-20.500,1.7866,0.3381,0.0178,7.8627,2.500,2.500
5,no_pid,7.753,7.9370,1.8128,20.908,-20.908,1.8128,0.3547,0.0464,7.9370,2.500,2.500
5,no_pid,7.803,8.0082,1.8367,21.206,-21.206,1.8367,0.3657,0.0621,8.0082,2.500,2.500
5,no_pid,7.854,8.1005,1.8655,21.449,-21.449,1.8655,0.3848,0.0911,8.1005,2.500,2.500
5,no_pid,7.904,8.1685,1.8863,21.533,-21.533,1.8863,0.3873,0.0874,8.1685,2.500,2.500
5,no_pid,7.954,8.2650,1.9169,21.520,-21.520,1.9169,0.4075,0.1160,8.2650,2.500,2.500
5,no_pid,8.005,8.3429,1.9445,21.374,-21.374,1.9445,0.4203,0.1288,8.3429,2.500,2.500
5,no_pid,8.055,8.4307,1.9803,20.977,-20.977,1.9803,0.4471,0.1656,8.4307,2.500,2.500
5,no_pid,8.105,8.4792,2.0036,20.571,-20.571,2.0036,0.4484,0.1529,8.4792,2.500,2.500
5,no_pid,8.156,8.5324,2.0360,19.823,-19.823,2.0360,0.4664,0.1715,8.5324,2.500,2.500
5,no_pid,8.206,8.5597,2.0587,19.216,-19.216,2.0587,0.4651,0.1535,8.5597,2.500,2.500
5,no_pid,8.256,8.5917,2.0950,18.187,-18.187,2.0950,0.4885,0.1821,8.5917,2.500,2.500
5,no_pid,8.306,8.6174,2.1322,17.099,-17.099,2.1322,0.5115,0.2071,8.6174,2.500,2.500
5,no_pid,8.357,8.6376,2.1639,16.166,-16.166,2.1639,0.5223,0.2079,8.6376,2.500,2.500
5,no_pid,8.407,8.6533,2.1882,15.453,-15.453,2.1882,0.5188,0.1825,8.6533,2.500,2.500
5,no_pid,8.457,8.6818,2.2302,14.240,-14.240,2.2302,0.5476,0.2182,8.6818,2.500,2.500
5,no_pid,8.507,8.7021,2.2582,13.449,-13.449,2.2582,0.5486,0.2001,8.7021,2.500,2.500
5,no_pid,8.558,8.7342,2.2998,12.324,-12.324,2.2998,0.5740,0.2279,8.7342,2.500,2.500
5,no_pid,8.608,8.7641,2.3359,11.411,-11.411,2.3359,0.5873,0.2312,8.7641,2.500,2.500
5,no_pid,8.658,8.7949,2.3700,10.639,-10.639,2.3700,0.5955,0.2250,8.7949,2.500,2.500
5,no_pid,8.709,8.8261,2.3997,10.078,-10.078,2.3997,0.5950,0.2036,8.8261,2.500,2.500
5,no_pid,8.759,8.8525,2.4203,9.789,-9.789,2.4203,0.5780,0.1542,8.8525,2.500,2.500
5,no_pid,8.809,8.8969,2.4464,9.613,-9.613,2.4464,0.5727,0.1304,8.8969,2.500,2.500
5,no_pid,8.859,8.9409,2.4644,9.707,-9.707,2.4644,0.5531,0.0829,8.9409,2.500,2.500
5,no_pid,8.910,8.9834,2.4772,9.968,-9.968,2.4772,0.5258,0.0257,8.9834,2.500,2.500
5,no_pid,8.960,9.0222,2.4868,10.301,-10.301,2.4868,0.4951,-0.0325,9.0222,2.500,2.500
5,no_pid,9.010,9.0867,2.5009,10.964,-10.964,2.5009,0.4756,-0.0649,9.0867,2.500,2.500
5,no_pid,9.061,9.1537,2.5150,11.706,-11.706,2.5150,0.4576,-0.0916,9.1537,2.500,2.500
5,no_pid,9.111,9.2129,2.5273,12.372,-12.372,2.5273,0.4382,-0.1186,9.2129,2.500,2.500
5,no_pid,9.161,9.2605,2.5374,12.915,-12.915,2.5374,0.4165,-0.1472,9.2605,2.500,2.500
5,no_pid,9.212,9.3360,2.5544,13.805,-13.805,2.5544,0.4094,-0.1467,9.3360,2.500,2.500
5,no_pid,9.262,9.4131,2.5729,14.736,-14.736,2.5729,0.4055,-0.1403,9.4131,2.500,2.500
5,no_pid,9.312,9.4646,2.5854,15.334,-15.334,2.5854,0.3912,-0.1535,9.4646,2.500,2.500
5,no_pid,9.362,9.5457,2.6046,16.165,-16.165,2.6046,0.3904,-0.1410,9.5457,2.500,2.500
5,no_pid,9.413,9.6002,2.6169,16.616,-16.616,2.6169,0.3771,-0.1523,9.6002,2.500,2.500
5,no_pid,9.463,9.6823,2.6355,17.093,-17.093,2.6355,0.3763,-0.1398,9.6823,2.500,2.500
5,no_pid,9.513,9.7386,2.6489,17.274,-17.274,2.6489,0.3662,-0.1453,9.7386,2.500,2.500
5,no_pid,9.564,9.8103,2.6675,17.322,-17.322,2.6675,0.3665,-0.1314,9.8103,2.500,2.500
5,no_pid,9.614,9.8832,2.6888,17.153,-17.153,2.6888,0.3716,-0.1102,9.8832,2.500,2.500
5,no_pid,9.665,9.9480,2.7091,16.809,-16.809,2.7091,0.3744,-0.0948,9.9480,2.500,2.500
5,no_pid,9.715,9.9855,2.7215,16.522,-16.522,2.7215,0.3626,-0.1077,9.9855,2.500,2.500
5,no_pid,9.765,10.0353,2.7384,16.033,-16.033,2.7384,0.3602,-0.1021,10.0353,2.500,2.500
5,no_pid,9.816,10.0932,2.7588,15.313,-15.313,2.7588,0.3644,-0.0852,10.0932,2.500,2.500
5,no_pid,9.866,10.1330,2.7731,14.741,-14.741,2.7731,0.3571,-0.0908,10.1330,2.500,2.500
5,no_pid,9.916,10.1790,2.7897,14.040,-14.040,2.7897,0.3546,-0.0870,10.1790,2.500,2.500
5,no_pid,9.966,10.2109,2.8009,13.567,-13.567,2.8009,0.3426,-0.1009,10.2109,2.500,2.500
5,no_pid,10.017,10.2570,2.8164,12.963,-12.963,2.8164,0.3395,-0.0973,10.2570,2.500,2.500
5,no_pid,10.067,10.2880,2.8260,12.650,-12.650,2.8260,0.3260,-0.1129,10.2880,2.500,2.500
5,no_pid,10.117,10.3317,2.8382,12.372,-12.372,2.8382,0.3183,-0.1166,10.3317,2.500,2.500
5,no_pid,10.168,10.3700,2.8475,12.293,-12.293,2.8475,0.3060,-0.1282,10.3700,2.500,2.500
5,no_pid,10.218,10.4080,2.8560,12.351,-12.351,2.8560,0.2937,-0.1389,10.4080,2.500,2.500
5,no_pid,10.268,10.4486,2.8652,12.526,-12.526,2.8652,0.2835,-0.1447,10.4486,2.500,2.500
5,no_pid,10.318,10.4711,2.8705,12.658,-12.658,2.8705,0.2672,-0.1612,10.4711,2.500,2.500
5,no_pid,10.369,10.5084,2.8795,12.907,-12.907,2.8795,0.2592,-0.1610,10.5084,2.500,2.500
5,no_pid,10.419,10.5529,2.8908,13.220,-13.220,2.8908,0.2560,-0.1520,10.5529,2.500,2.500
5,no_pid,10.469,10.5827,2.8986,13.423,-13.423,2.8986,0.2468,-0.1549,10.5827,2.500,2.500
5,no_pid,10.520,10.6285,2.9106,13.701,-13.701,2.9106,0.2461,-0.1420,10.6285,2.500,2.500
5,no_pid,10.570,10.6600,2.9189,13.856,-13.856,2.9189,0.2386,-0.1427,10.6600,2.500,2.500
5,no_pid,10.620,10.7090,2.9315,14.027,-14.027,2.9315,0.2397,-0.1276,10.7090,2.500,2.500
5,no_pid,10.670,10.7442,2.9403,14.092,-14.092,2.9403,0.2339,-0.1265,10.7442,2.500,2.500
5,no_pid,10.721,10.7788,2.9489,14.108,-14.108,2.9489,0.2281,-0.1256,10.7788,2.500,2.500
5,no_pid,10.771,10.8365,2.9626,14.039,-14.039,2.9626,0.2322,-0.1065,10.8365,2.500,2.500
5,no_pid,10.821,10.9019,2.9775,13.850,-13.850,2.9775,0.2380,-0.0863,10.9019,2.500,2.500
5,no_pid,10.872,10.9508,2.9882,13.655,-13.655,2.9882,0.2357,-0.0826,10.9508,2.500,2.500
5,no_pid,10.922,11.0332,3.0051,13.256,-13.256,3.0051,0.2449,-0.0584,11.0332,2.500,2.500
5,no_pid,10.972,11.0937,3.0165,12.922,-12.922,3.0165,0.2432,-0.0560,11.0937,2.500,2.500
5,no_pid,11.022,11.1907,3.0336,12.336,-12.336,3.0336,0.2521,-0.0348,11.1907,2.500,2.500
5,no_pid,11.073,11.2583,3.0449,11.898,-11.898,3.0449,0.2496,-0.0361,11.2583,2.500,2.500
5,no_pid,11.123,11.3616,3.0618,11.186,-11.186,3.0618,0.2574,-0.0187,11.3616,2.500,2.500
5,no_pid,11.173,11.4520,3.0765,10.518,-10.518,3.0765,0.2606,-0.0111,11.4520,2.500,2.500
5,no_pid,11.224,11.5413,3.0914,9.814,-9.814,3.0914,0.2639,-0.0041,11.5413,2.500,2.500
5,no_pid,11.274,11.5939,3.1004,9.382,-9.382,3.1004,0.2562,-0.0178,11.5939,2.500,2.500
5,no_pid,11.324,11.6830,3.1157,8.636,-8.636,3.1157,0.2605,-0.0082,11.6830,2.500,2.500
5,no_pid,11.375,11.7514,3.1275,8.061,-8.061,3.1275,0.2581,-0.0120,11.7514,2.500,2.500
5,no_pid,11.425,11.8047,3.1365,7.624,-7.624,3.1365,0.2509,-0.0239,11.8047,2.500,2.500
5,no_pid,11.475,11.8916,3.1510,6.954,-6.954,3.1510,0.2543,-0.0156,11.8916,2.500,2.500
5,no_pid,11.526,11.9656,3.1627,6.447,-6.447,3.1627,0.2523,-0.0178,11.9656,2.500,2.500
5,no_pid,11.576,12.0093,3.1693,6.179,-6.179,3.1693,0.2412,-0.0363,12.0093,2.500,2.500
5,no_pid,11.626,12.1011,3.1824,5.698,-5.698,3.1824,0.2429,-0.0299,12.1011,2.500,2.500
5,no_pid,11.676,12.1689,3.1913,5.401,-5.401,3.1913,0.2369,-0.0380,12.1689,2.500,2.500
5,no_pid,11.727,12.2587,3.2019,5.058,-5.058,3.2019,0.2346,-0.0387,12.2587,2.500,2.500
5,no_pid,11.777,12.3185,3.2082,4.851,-4.851,3.2082,0.2246,-0.0534,12.3185,2.500,2.500
5,no_pid,11.827,12.4056,3.2162,4.570,-4.570,3.2162,0.2185,-0.0596,12.4056,2.500,2.500
5,no_pid,11.878,12.4676,3.2210,4.382,-4.382,3.2210,0.2073,-0.0746,12.4676,2.500,2.500
5,no_pid,11.928,12.5237,3.2248,4.218,-4.218,3.2248,0.1952,-0.0896,12.5237,2.500,2.500
5,no_pid,11.978,12.5808,3.2282,4.055,-4.055,3.2282,0.1836,-0.1026,12.5808,2.500,2.500
5,no_pid,12.028,12.6482,3.2317,3.865,-3.865,3.2317,0.1732,-0.1122,12.6482,2.500,2.500
5,no_pid,12.079,12.6916,3.2337,3.741,-3.741,3.2337,0.1609,-0.1241,12.6916,2.500,2.500
5,no_pid,12.129,12.7516,3.2362,3.566,-3.566,3.2362,0.1509,-0.1311,12.7516,2.500,2.500
5,no_pid,12.180,12.8014,3.2384,3.414,-3.414,3.2384,0.1410,-0.1371,12.8014,2.500,2.500
5,no_pid,12.230,12.8512,3.2406,3.254,-3.254,3.2406,0.1321,-0.1405,12.8512,2.500,2.500
5,no_pid,12.280,12.8812,3.2420,3.151,-3.151,3.2420,0.1226,-0.1451,12.8812,2.500,2.500
5,no_pid,12.331,12.9348,3.2445,2.953,-2.953,3.2445,0.1159,-0.1440,12.9348,2.500,2.500
5,no_pid,12.381,12.9789,3.2465,2.773,-2.773,3.2465,0.1089,-0.1435,12.9789,2.500,2.500
5,no_pid,12.431,13.0298,3.2487,2.544,-2.544,3.2487,0.1029,-0.1413,13.0298,2.500,2.500
5,no_pid,12.482,13.0818,3.2508,2.284,-2.284,3.2508,0.0973,-0.1385,13.0818,2.500,2.500
5,no_pid,12.532,13.1265,3.2524,2.038,-2.038,3.2524,0.0914,-0.1365,13.1265,2.500,2.500
5,no_pid,12.582,13.1748,3.2541,1.747,-1.747,3.2541,0.0862,-0.1336,13.1748,2.500,2.500
5,no_pid,12.632,13.2066,3.2551,1.544,-1.544,3.2551,0.0801,-0.1324,13.2066,2.500,2.500
5,no_pid,12.683,13.2550,3.2566,1.226,-1.226,3.2566,0.0754,-0.1289,13.2550,2.500,2.500
5,no_pid,12.733,13.2873,3.2574,1.015,-1.015,3.2574,0.0701,-0.1269,13.2873,2.500,2.500
5,no_pid,12.783,13.3363,3.2585,0.712,-0.712,3.2585,0.0656,-0.1234,13.3363,2.500,2.500
5,no_pid,12.833,13.3672,3.2590,0.536,-0.536,3.2590,0.0605,-0.1213,13.3672,2.500,2.500
5,no_pid,12.884,13.3992,3.2594,0.371,-0.371,3.2594,0.0558,-0.1189,13.3992,2.500,2.500
5,no_pid,12.934,13.4469,3.2597,0.160,-0.160,3.2597,0.0513,-0.1161,13.4469,2.500,2.500
5,no_pid,12.985,13.4862,3.2598,0.016,-0.016,3.2598,0.0467,-0.1138,13.4862,2.500,2.500
5,no_pid,13.035,13.5310,3.2597,-0.125,0.125,3.2597,0.0422,-0.1117,13.5310,2.500,2.500
5,no_pid,13.085,13.5806,3.2593,-0.262,0.262,3.2593,0.0376,-0.1097,13.5806,2.500,2.500
5,no_pid,13.135,13.6282,3.2588,-0.386,0.386,3.2588,0.0334,-0.1073,13.6282,2.500,2.500
5,no_pid,13.186,13.6737,3.2584,-0.501,0.501,3.2584,0.0296,-0.1045,13.6737,2.500,2.500
5,no_pid,13.236,13.7428,3.2577,-0.677,0.677,3.2577,0.0256,-0.1022,13.7428,2.500,2.500
5,no_pid,13.286,13.7960,3.2570,-0.819,0.819,3.2570,0.0220,-0.0994,13.7960,2.500,2.500
5,no_pid,13.336,13.8832,3.2556,-1.069,1.069,3.2556,0.0175,-0.0986,13.8832,2.500,2.500
5,no_pid,13.387,13.9463,3.2543,-1.269,1.269,3.2543,0.0134,-0.0969,13.9463,2.500,2.500
5,no_pid,13.437,14.0379,3.2516,-1.598,1.598,3.2516,0.0074,-0.0990,14.0379,2.500,2.500
5,no_pid,13.487,14.1303,3.2487,-1.990,1.990,3.2487,0.0014,-0.1008,14.1303,2.500,2.500
5,no_pid,13.538,14.2277,3.2466,-2.476,2.476,3.2466,-0.0027,-0.0990,14.2277,2.500,2.500
5,no_pid,13.588,14.2961,3.2463,-2.882,2.882,3.2463,-0.0029,-0.0904,14.2961,2.500,2.500
5,no_pid,13.638,14.3842,3.2481,-3.558,3.558,3.2481,0.0006,-0.0758,14.3842,2.500,2.500
5,no_pid,13.689,14.4308,3.2503,-4.038,4.038,3.2503,0.0045,-0.0617,14.4308,2.500,2.500
5,no_pid,13.739,14.4839,3.2552,-4.770,4.770,3.2552,0.0131,-0.0404,14.4839,2.500,2.500
5,no_pid,13.789,14.5115,3.2599,-5.245,5.245,3.2599,0.0204,-0.0235,14.5115,2.500,2.500
5,no_pid,13.840,14.5478,3.2684,-5.898,5.898,3.2684,0.0341,0.0035,14.5478,2.500,2.500
5,no_pid,13.890,14.5718,3.2747,-6.271,6.271,3.2747,0.0424,0.0182,14.5718,2.500,2.500
5,no_pid,13.940,14.6105,3.2841,-6.701,6.701,3.2841,0.0556,0.0407,14.6105,2.500,2.500
5,no_pid,13.991,14.6475,3.2917,-6.924,6.924,3.2917,0.0642,0.0525,14.6475,2.500,2.500
5,no_pid,14.041,14.6849,3.2975,-6.983,6.983,3.2975,0.0688,0.0562,14.6849,2.500,2.500
5,no_pid,14.091,14.7116,3.3001,-6.937,6.937,3.3001,0.0673,0.0483,14.7116,2.500,2.500
5,no_pid,14.142,14.7589,3.3020,-6.728,6.728,3.3020,0.0646,0.0389,14.7589,2.500,2.500
5,no_pid,14.192,14.8078,3.3014,-6.397,6.397,3.3014,0.0577,0.0228,14.8078,2.500,2.500
5,no_pid,14.242,14.8539,3.2997,-6.028,6.028,3.2997,0.0493,0.0055,14.8539,2.500,2.500
5,no_pid,14.293,14.9009,3.2976,-5.642,5.642,3.2976,0.0410,-0.0101,14.9009,2.500,2.500
5,no_pid,14.343,14.9388,3.2958,-5.344,5.344,3.2958,0.0339,-0.0220,14.9388,2.500,2.500
5,no_pid,14.393,14.9956,3.2928,-4.936,4.936,3.2928,0.0254,-0.0356,14.9956,2.500,2.500
5,no_pid,14.443,15.0633,3.2889,-4.504,4.504,3.2889,0.0161,-0.0493,15.0633,2.500,2.500
5,no_pid,14.494,15.1280,3.2853,-4.137,4.137,3.2853,0.0080,-0.0594,15.1280,2.500,2.500
5,no_pid,14.544,15.2058,3.2812,-3.763,3.763,3.2812,-0.0002,-0.0690,15.2058,2.500,2.500
5,no_pid,14.594,15.2567,3.2785,-3.573,3.573,3.2785,-0.0051,-0.0714,15.2567,2.500,2.500
5,no_pid,14.644,15.3374,3.2744,-3.379,3.379,3.2744,-0.0120,-0.0775,15.3374,2.500,2.500
5,no_pid,14.695,15.3887,3.2725,-3.338,3.338,3.2725,-0.0144,-0.0747,15.3887,2.500,2.500
5,no_pid,14.745,15.4340,3.2719,-3.371,3.371,3.2719,-0.0142,-0.0675,15.4340,2.500,2.500
5,no_pid,14.796,15.4881,3.2736,-3.539,3.539,3.2736,-0.0098,-0.0533,15.4881,2.500,2.500
5,no_pid,14.846,15.5168,3.2762,-3.713,3.713,3.2762,-0.0041,-0.0381,15.5168,2.500,2.500
5,no_pid,14.896,15.5536,3.2818,-4.036,4.036,3.2818,0.0064,-0.0156,15.5536,2.500,2.500
5,no_pid,14.947,15.5737,3.2856,-4.246,4.246,3.2856,0.0127,-0.0027,15.5737,2.500,2.500
5,no_pid,14.997,15.5838,3.2875,-4.353,4.353,3.2875,0.0151,0.0018,15.5838,2.500,2.500
5,no_pid,15.048,15.6137,3.2930,-4.659,4.659,3.2930,0.0237,0.0173,15.6137,2.500,2.500
5,no_pid,15.098,15.6367,3.2967,-4.866,4.866,3.2967,0.0282,0.0239,15.6367,2.500,2.500
5,no_pid,15.149,15.6633,3.3003,-5.071,5.071,3.3003,0.0321,0.0288,15.6633,2.500,2.500
5,no_pid,15.199,15.6938,3.3032,-5.252,5.252,3.3032,0.0345,0.0306,15.6938,2.500,2.500
5,no_pid,15.249,15.7205,3.3048,-5.361,5.361,3.3048,0.0342,0.0272,15.7205,2.500,2.500
5,no_pid,15.300,15.7672,3.3051,-5.434,5.434,3.3051,0.0316,0.0200,15.7672,2.500,2.500
5,no_pid,15.350,15.8007,3.3036,-5.402,5.402,3.3036,0.0261,0.0081,15.8007,2.500,2.500
5,no_pid,15.400,15.8363,3.3011,-5.306,5.306,3.3011,0.0190,-0.0054,15.8363,2.500,2.500
5,no_pid,15.450,15.8952,3.2963,-5.065,5.065,3.2963,0.0085,-0.0240,15.8952,2.500,2.500
5,no_pid,15.501,15.9378,3.2930,-4.863,4.863,3.2930,0.0018,-0.0340,15.9378,2.500,2.500
5,no_pid,15.551,16.0008,3.2882,-4.554,4.554,3.2882,-0.0070,-0.0468,16.0008,2.500,2.500
5,no_pid,15.601,16.0677,3.2833,-4.228,4.228,3.2833,-0.0153,-0.0577,16.0677,2.500,2.500
5,no_pid,15.652,16.1359,3.2783,-3.900,3.900,3.2783,-0.0231,-0.0665,16.1359,2.500,2.500
5,no_pid,15.702,16.2203,3.2718,-3.511,3.511,3.2718,-0.0327,-0.0779,16.2203,2.500,2.500
5,no_pid,15.753,16.2945,3.2659,-3.211,3.211,3.2659,-0.0405,-0.0849,16.2945,2.500,2.500
5,no_pid,15.803,16.3522,3.2610,-3.014,3.014,3.2610,-0.0457,-0.0866,16.3522,2.500,2.500
5,no_pid,15.853,16.4521,3.2517,-2.769,2.769,3.2517,-0.0584,-0.1017,16.4521,2.500,2.500
5,no_pid,15.904,16.5286,3.2438,-2.678,2.678,3.2438,-0.0673,-0.1086,16.5286,2.500,2.500
5,no_pid,15.954,16.6499,3.2309,-2.714,2.714,3.2309,-0.0847,-0.1303,16.6499,2.500,2.500
5,no_pid,16.004,16.7308,3.2226,-2.860,2.860,3.2226,-0.0919,-0.1315,16.7308,2.500,2.500
5,no_pid,16.055,16.8552,3.2123,-3.274,3.274,3.2123,-0.1023,-0.1383,16.8552,2.500,2.500
5,no_pid,16.105,16.9515,3.2068,-3.790,3.790,3.2068,-0.1029,-0.1269,16.9515,2.500,2.500
5,no_pid,16.155,16.9965,3.2049,-4.119,4.119,3.2049,-0.0970,-0.1046,16.9965,2.500,2.500
5,no_pid,16.205,17.0708,3.2025,-4.868,4.868,3.2025,-0.0924,-0.0866,17.0708,2.500,2.500
5,no_pid,16.256,17.1174,3.2025,-5.575,5.575,3.2025,-0.0840,-0.0635,17.1174,2.500,2.500
5,no_pid,16.306,17.1479,3.2043,-6.209,6.209,3.2043,-0.0732,-0.0380,17.1479,2.500,2.500
5,no_pid,16.356,17.1685,3.2068,-6.706,6.706,3.2068,-0.0619,-0.0141,17.1685,2.500,2.500
5,no_pid,16.406,17.1972,3.2116,-7.366,7.366,3.2116,-0.0475,0.0135,17.1972,2.500,2.500
5,no_pid,16.457,17.2239,3.2164,-7.826,7.826,3.2164,-0.0345,0.0358,17.2239,2.500,2.500
5,no_pid,16.507,17.2494,3.2206,-8.112,8.112,3.2206,-0.0237,0.0522,17.2494,2.500,2.500
5,no_pid,16.557,17.2723,3.2240,-8.246,8.246,3.2240,-0.0152,0.0628,17.2723,2.500,2.500
5,no_pid,16.607,17.3035,3.2279,-8.254,8.254,3.2279,-0.0068,0.0725,17.3035,2.500,2.500
5,no_pid,16.658,17.3366,3.2305,-8.065,8.065,3.2305,-0.0015,0.0755,17.3366,2.500,2.500
5,no_pid,16.708,17.3714,3.2312,-7.718,7.718,3.2312,-0.0002,0.0709,17.3714,2.500,2.500
5,no_pid,16.758,17.3994,3.2307,-7.373,7.373,3.2307,-0.0010,0.0630,17.3994,2.500,2.500
5,no_pid,16.808,17.4448,3.2291,-6.747,6.747,3.2291,-0.0038,0.0522,17.4448,2.500,2.500
5,no_pid,16.859,17.4751,3.2278,-6.308,6.308,3.2278,-0.0058,0.0438,17.4751,2.500,2.500
5,no_pid,16.909,17.5172,3.2260,-5.698,5.698,3.2260,-0.0085,0.0348,17.5172,2.500,2.500
5,no_pid,16.959,17.5579,3.2245,-5.124,5.124,3.2245,-0.0106,0.0279,17.5579,2.500,2.500
5,no_pid,17.009,17.5999,3.2231,-4.565,4.565,3.2231,-0.0121,0.0226,17.5999,2.500,2.500
5,no_pid,17.060,17.6493,3.2217,-3.972,3.972,3.2217,-0.0135,0.0180,17.6493,2.500,2.500
5,no_pid,17.110,17.6857,3.2208,-3.591,3.591,3.2208,-0.0140,0.0154,17.6857,2.500,2.500
5,no_pid,17.160,17.7482,3.2191,-3.048,3.048,3.2191,-0.0158,0.0107,17.7482,2.500,2.500
5,no_pid,17.211,17.7932,3.2178,-2.741,2.741,3.2178,-0.0167,0.0081,17.7932,2.500,2.500
5,no_pid,17.261,17.8669,3.2156,-2.370,2.370,3.2156,-0.0191,0.0030,17.8669,2.500,2.500
5,no_pid,17.311,17.9178,3.2140,-2.205,2.205,3.2140,-0.0202,0.0007,17.9178,2.500,2.500
5,no_pid,17.361,17.9976,3.2112,-2.102,2.102,3.2112,-0.0236,-0.0055,17.9976,2.500,2.500
5,no_pid,17.412,18.0864,3.2076,-2.197,2.197,3.2076,-0.0279,-0.0128,18.0864,2.500,2.500
5,no_pid,17.462,18.1490,3.2053,-2.367,2.367,3.2053,-0.0295,-0.0146,18.1490,2.500,2.500
5,no_pid,17.512,18.2446,3.2028,-2.773,2.773,3.2028,-0.0314,-0.0167,18.2446,2.500,2.500
5,no_pid,17.562,18.3261,3.2020,-3.270,3.270,3.2020,-0.0299,-0.0124,18.3261,2.500,2.500
5,no_pid,17.612,18.3736,3.2025,-3.637,3.637,3.2025,-0.0264,-0.0050,18.3736,2.500,2.500
5,no_pid,17.663,18.4444,3.2044,-4.320,4.320,3.2044,-0.0205,0.0063,18.4444,2.500,2.500
5,no_pid,17.713,18.5127,3.2077,-5.157,5.157,3.2077,-0.0126,0.0201,18.5127,2.500,2.500
5,no_pid,17.763,18.5535,3.2104,-5.741,5.741,3.2104,-0.0066,0.0290,18.5535,2.500,2.500
5,no_pid,17.813,18.6103,3.2146,-6.618,6.618,3.2146,0.0017,0.0416,18.6103,2.500,2.500
5,no_pid,17.864,18.6457,3.2173,-7.166,7.166,3.2173,0.0065,0.0464,18.6457,2.500,2.500
5,no_pid,17.914,18.6947,3.2205,-7.871,7.871,3.2205,0.0117,0.0517,18.6947,2.500,2.500
5,no_pid,17.964,18.7400,3.2225,-8.430,8.430,3.2225,0.0141,0.0514,18.7400,2.500,2.500
5,no_pid,18.015,18.7934,3.2228,-8.938,8.938,3.2228,0.0135,0.0455,18.7934,2.500,2.500
5,no_pid,18.065,18.8461,3.2210,-9.267,9.267,3.2210,0.0089,0.0331,18.8461,2.500,2.500
5,no_pid,18.115,18.8969,3.2173,-9.438,9.438,3.2173,0.0015,0.0165,18.8969,2.500,2.500
5,no_pid,18.165,18.9410,3.2130,-9.488,9.488,3.2130,-0.0066,0.0003,18.9410,2.500,2.500
5,pid_xte,0.000,0.3246,0.0099,0.277,-0.277,0.0099,0.0000,0.0000,0.3246,6.000,0.000
5,pid_xte,0.050,0.3456,0.0084,0.302,-0.302,0.0084,-0.0027,-0.0050,0.3456,2.532,2.468
5,pid_xte,0.101,0.3768,0.0065,0.286,-0.286,0.0065,-0.0059,-0.0102,0.3768,2.509,2.491
5,pid_xte,0.151,0.4189,0.0043,0.249,-0.249,0.0043,-0.0095,-0.0158,0.4189,2.492,2.508
5,pid_xte,0.201,0.4602,0.0022,0.196,-0.196,0.0022,-0.0123,-0.0196,0.4602,2.478,2.522
5,pid_xte,0.251,0.4952,0.0006,0.139,-0.139,0.0006,-0.0141,-0.0210,0.4952,2.470,2.530
5,pid_xte,0.302,0.5566,-0.0015,0.010,-0.010,-0.0015,-0.0167,-0.0238,0.5566,2.429,2.571
5,pid_xte,0.352,0.6071,-0.0022,-0.130,0.130,-0.0022,-0.0165,-0.0213,0.6071,2.416,2.584
5,pid_xte,0.402,0.6591,-0.0016,-0.309,0.309,-0.0016,-0.0138,-0.0143,0.6591,2.394,2.606
5,pid_xte,0.453,0.7016,0.0006,-0.476,0.476,0.0006,-0.0086,-0.0036,0.7016,2.397,2.603
5,pid_xte,0.503,0.7401,0.0041,-0.633,0.633,0.0041,-0.0015,0.0096,0.7401,2.404,2.596
5,pid_xte,0.553,0.7727,0.0081,-0.762,0.762,0.0081,0.0061,0.0224,0.7727,2.421,2.579
5,pid_xte,0.603,0.8145,0.0146,-0.904,0.904,0.0146,0.0172,0.0407,0.8145,2.425,2.575
5,pid_xte,0.654,0.8580,0.0223,-1.010,1.010,0.0223,0.0296,0.0595,0.8580,2.455,2.545
5,pid_xte,0.704,0.9019,0.0301,-1.063,1.063,0.0301,0.0412,0.0751,0.9019,2.494,2.506
5,pid_xte,0.754,0.9444,0.0369,-1.062,1.062,0.0369,0.0497,0.0837,0.9444,2.531,2.469
5,pid_xte,0.804,0.9910,0.0425,-1.018,1.018,0.0425,0.0554,0.0865,0.9910,2.563,2.437
5,pid_xte,0.855,1.0215,0.0454,-0.973,0.973,0.0454,0.0555,0.0786,1.0215,2.569,2.431
5,pid_xte,0.905,1.0730,0.0492,-0.878,0.878,0.0492,0.0573,0.0748,1.0730,2.600,2.400
5,pid_xte,0.956,1.1139,0.0520,-0.795,0.795,0.0520,0.0571,0.0675,1.1139,2.602,2.398
5,pid_xte,1.006,1.1506,0.0545,-0.719,0.719,0.0545,0.0564,0.0601,1.1506,2.605,2.395
5,pid_xte,1.056,1.2024,0.0577,-0.609,0.609,0.0577,0.0572,0.0559,1.2024,2.628,2.372
5,pid_xte,1.107,1.2665,0.0612,-0.467,0.467,0.0612,0.0583,0.0528,1.2665,2.654,2.346
5,pid_xte,1.157,1.3166,0.0634,-0.344,0.344,0.0634,0.0570,0.0458,1.3166,2.654,2.346
5,pid_xte,1.207,1.3859,0.0658,-0.142,0.142,0.0658,0.0561,0.0400,1.3859,2.698,2.302
5,pid_xte,1.258,1.4543,0.0673,0.100,-0.100,0.0673,0.0536,0.0317,1.4543,2.727,2.273
5,pid_xte,1.308,1.5220,0.0681,0.380,-0.380,0.0681,0.0502,0.0226,1.5220,2.755,2.245
5,pid_xte,1.358,1.5710,0.0685,0.603,-0.603,0.0685,0.0465,0.0138,1.5710,2.739,2.261
5,pid_xte,1.409,1.6433,0.0690,0.964,-0.964,0.0690,0.0430,0.0061,1.6433,2.813,2.187
5,pid_xte,1.459,1.7308,0.0680,1.442,-1.442,0.0680,0.0372,-0.0049,1.7308,2.879,2.121
5,pid_xte,1.509,1.8231,0.0657,1.897,-1.897,0.0657,0.0297,-0.0180,1.8231,2.885,2.115
5,pid_xte,1.560,1.9017,0.0661,2.199,-2.199,0.0661,0.0277,-0.0201,1.9017,2.835,2.165
5,pid_xte,1.610,1.9826,0.0707,2.407,-2.407,0.0707,0.0335,-0.0076,1.9826,2.817,2.183
5,pid_xte,1.660,2.0324,0.0768,2.464,-2.464,0.0768,0.0417,0.0078,2.0324,2.771,2.229
5,pid_xte,1.710,2.0928,0.0923,2.405,-2.405,0.0923,0.0659,0.0511,2.0928,2.760,2.240
5,pid_xte,1.761,2.1305,0.1131,2.214,-2.214,0.1131,0.0977,0.1043,2.1305,2.747,2.253
5,pid_xte,1.811,2.1576,0.1412,1.896,-1.896,0.1412,0.1400,0.1716,2.1576,2.748,2.252
5,pid_xte,1.861,2.1708,0.1617,1.639,-1.639,0.1617,0.1644,0.2003,2.1708,2.805,2.195
5,pid_xte,1.911,2.1903,0.2000,1.106,-1.106,0.2000,0.2189,0.2810,2.1903,2.755,2.245
5,pid_xte,1.962,2.2105,0.2408,0.455,-0.455,0.2408,0.2729,0.3533,2.2105,2.768,2.232
5,pid_xte,2.012,2.2253,0.2673,-0.018,0.018,0.2673,0.2960,0.3630,2.2253,2.866,2.134
5,pid_xte,2.063,2.2478,0.3013,-0.689,0.689,0.3013,0.3307,0.3927,2.2478,2.818,2.182
5,pid_xte,2.113,2.2738,0.3346,-1.418,1.418,0.3346,0.3609,0.4117,2.2738,2.818,2.182
5,pid_xte,2.163,2.3028,0.3660,-2.176,2.176,0.3660,0.3850,0.4179,2.3028,2.822,2.178
5,pid_xte,2.214,2.3224,0.3849,-2.664,2.664,0.3849,0.3840,0.3777,2.3224,2.928,2.072
5,pid_xte,2.264,2.3638,0.4206,-3.649,3.649,0.4206,0.4137,0.3971,2.3638,2.733,2.267
5,pid_xte,2.315,2.3934,0.4431,-4.315,4.315,0.4431,0.4167,0.3663,2.3934,2.857,2.143
5,pid_xte,2.365,2.4407,0.4745,-5.298,5.298,0.4745,0.4358,0.3675,2.4407,2.723,2.277
5,pid_xte,2.415,2.4842,0.4990,-6.105,6.105,0.4990,0.4406,0.3426,2.4842,2.783,2.217
5,pid_xte,2.465,2.5319,0.5209,-6.863,6.863,0.5209,0.4401,0.3103,2.5319,2.786,2.214
5,pid_xte,2.516,2.5657,0.5334,-7.326,7.326,0.5334,0.4226,0.2503,2.5657,2.879,2.121
5,pid_xte,2.566,2.6269,0.5506,-8.042,8.042,0.5506,0.4151,0.2138,2.6269,2.747,2.253
5,pid_xte,2.616,2.6860,0.5614,-8.615,8.615,0.5614,0.3970,0.1612,2.6860,2.769,2.231
5,pid_xte,2.667,2.7489,0.5688,-9.124,9.124,0.5688,0.3741,0.1049,2.7489,2.753,2.247
5,pid_xte,2.717,2.8130,0.5735,-9.557,9.557,0.5735,0.3484,0.0488,2.8130,2.741,2.259
5,pid_xte,2.767,2.8654,0.5760,-9.861,9.861,0.5760,0.3211,-0.0053,2.8654,2.754,2.246
5,pid_xte,2.817,2.9355,0.5779,-10.211,10.211,0.5779,0.2954,-0.0516,2.9355,2.693,2.307
5,pid_xte,2.868,3.0117,0.5788,-10.533,10.533,0.5788,0.2700,-0.0930,3.0117,2.663,2.337
5,pid_xte,2.918,3.1014,0.5784,-10.846,10.846,0.5784,0.2445,-0.1309,3.1014,2.625,2.375
5,pid_xte,2.968,3.1637,0.5771,-11.028,11.028,0.5771,0.2198,-0.1638,3.1637,2.644,2.356
5,pid_xte,3.019,3.2414,0.5742,-11.228,11.228,0.5742,0.1944,-0.1949,3.2414,2.597,2.403
5,pid_xte,3.069,3.3234,0.5696,-11.453,11.453,0.5696,0.1683,-0.2244,3.3234,2.545,2.455
5,pid_xte,3.119,3.4082,0.5634,-11.736,11.736,0.5634,0.1417,-0.2523,3.4082,2.473,2.527
5,pid_xte,3.170,3.4577,0.5592,-11.940,11.940,0.5592,0.1210,-0.2668,3.4577,2.470,2.530
5,pid_xte,3.220,3.5219,0.5528,-12.261,12.261,0.5528,0.0984,-0.2836,3.5219,2.375,2.625
5,pid_xte,3.270,3.5579,0.5485,-12.472,12.472,0.5485,0.0816,-0.2881,3.5579,2.389,2.611
5,pid_xte,3.321,3.6056,0.5419,-12.767,12.767,0.5419,0.0620,-0.2974,3.6056,2.313,2.687
5,pid_xte,3.372,3.6430,0.5354,-12.993,12.993,0.5354,0.0446,-0.3012,3.6430,2.308,2.692
5,pid_xte,3.424,3.6866,0.5264,-13.232,13.232,0.5264,0.0240,-0.3102,3.6866,2.261,2.739
5,pid_xte,3.476,3.7323,0.5153,-13.445,13.445,0.5153,0.0016,-0.3219,3.7323,2.227,2.773
5,pid_xte,3.527,3.7711,0.5050,-13.594,13.594,0.5050,-0.0172,-0.3256,3.7711,2.216,2.784
5,pid_xte,3.579,3.8155,0.4929,-13.730,13.730,0.4929,-0.0375,-0.3321,3.8155,2.181,2.819
5,pid_xte,3.631,3.8492,0.4837,-13.810,13.810,0.4837,-0.0507,-0.3248,3.8492,2.177,2.823
5,pid_xte,3.682,3.9003,0.4701,-13.897,13.897,0.4701,-0.0705,-0.3304,3.9003,2.137,2.863
5,pid_xte,3.734,3.9473,0.4582,-13.943,13.943,0.4582,-0.0856,-0.3267,3.9473,2.124,2.876
5,pid_xte,3.786,3.9981,0.4457,-13.959,13.959,0.4457,-0.1003,-0.3228,3.9981,2.108,2.892
5,pid_xte,3.836,4.0539,0.4323,-13.951,13.951,0.4323,-0.1154,-0.3206,4.0539,2.090,2.910
5,pid_xte,3.886,4.1081,0.4196,-13.934,13.934,0.4196,-0.1279,-0.3141,4.1081,2.069,2.931
5,pid_xte,3.937,4.1486,0.4102,-13.925,13.925,0.4102,-0.1333,-0.2951,4.1486,2.052,2.948
5,pid_xte,3.987,4.2302,0.3914,-13.926,13.926,0.3914,-0.1551,-0.3078,4.2302,2.007,2.993
5,pid_xte,4.039,4.2904,0.3777,-13.945,13.945,0.3777,-0.1654,-0.2976,4.2904,1.974,3.026
5,pid_xte,4.090,4.3894,0.3556,-14.009,14.009,0.3556,-0.1900,-0.3143,4.3894,1.906,3.094
5,pid_xte,4.142,4.4987,0.3325,-14.115,14.115,0.3325,-0.2141,-0.3286,4.4987,1.837,3.163
5,pid_xte,4.194,4.5759,0.3172,-14.197,14.197,0.3172,-0.2218,-0.3117,4.5759,1.819,3.181
5,pid_xte,4.245,4.6934,0.2951,-14.312,14.312,0.2951,-0.2410,-0.3174,4.6934,1.758,3.242
5,pid_xte,4.297,4.7688,0.2815,-14.371,14.371,0.2815,-0.2432,-0.2917,4.7688,1.762,3.238
5,pid_xte,4.347,4.8665,0.2642,-14.412,14.412,0.2642,-0.2524,-0.2816,4.8665,1.740,3.260
5,pid_xte,4.398,4.9354,0.2524,-14.398,14.398,0.2524,-0.2507,-0.2529,4.9354,1.754,3.246
5,pid_xte,4.449,4.9882,0.2438,-14.336,14.336,0.2438,-0.2430,-0.2152,4.9882,1.776,3.224
5,pid_xte,4.501,5.0304,0.2375,-14.228,14.228,0.2375,-0.2317,-0.1746,5.0304,1.805,3.195
5,pid_xte,4.552,5.0722,0.2320,-14.048,14.048,0.2320,-0.2200,-0.1372,5.0722,1.850,3.150
5,pid_xte,4.604,5.0976,0.2291,-13.904,13.904,0.2291,-0.2048,-0.0968,5.0976,1.855,3.145
5,pid_xte,4.656,5.1219,0.2264,-13.745,13.745,0.2264,-0.1903,-0.0613,5.1219,1.880,3.120
5,pid_xte,4.707,5.1670,0.2220,-13.410,13.410,0.2220,-0.1806,-0.0381,5.1670,1.976,3.024
5,pid_xte,4.759,5.1972,0.2192,-13.158,13.158,0.2192,-0.1687,-0.0130,5.1972,1.964,3.036
5,pid_xte,4.810,5.2425,0.2152,-12.738,12.738,0.2152,-0.1604,0.0034,5.2425,2.059,2.941
5,pid_xte,4.861,5.2820,0.2115,-12.335,12.335,0.2115,-0.1521,0.0181,5.2820,2.078,2.922
5,pid_xte,4.913,5.3239,0.2072,-11.872,11.872,0.2072,-0.1456,0.0282,5.3239,2.128,2.872
5,pid_xte,4.964,5.3505,0.2043,-11.560,11.560,0.2043,-0.1374,0.0404,5.3505,2.089,2.911
5,pid_xte,5.015,5.3974,0.1985,-10.976,10.976,0.1985,-0.1353,0.0405,5.3974,2.231,2.769
5,pid_xte,5.065,5.4291,0.1944,-10.568,10.568,0.1944,-0.1305,0.0456,5.4291,2.181,2.819
5,pid_xte,5.115,5.4757,0.1882,-9.964,9.964,0.1882,-0.1298,0.0427,5.4757,2.288,2.712
5,pid_xte,5.167,5.5176,0.1828,-9.427,9.427,0.1828,-0.1275,0.0428,5.5176,2.280,2.720
5,pid_xte,5.217,5.5620,0.1773,-8.881,8.881,0.1773,-0.1256,0.0423,5.5620,2.313,2.687
5,pid_xte,5.269,5.5975,0.1732,-8.461,8.461,0.1732,-0.1213,0.0461,5.5975,2.280,2.720
5,pid_xte,5.319,5.6536,0.1672,-7.839,7.839,0.1672,-0.1212,0.0421,5.6536,2.394,2.606
5,pid_xte,5.370,5.6938,0.1632,-7.426,7.426,0.1632,-0.1173,0.0454,5.6938,2.326,2.674
5,pid_xte,5.421,5.7600,0.1570,-6.809,6.809,0.1570,-0.1177,0.0404,5.7600,2.439,2.561
5,pid_xte,5.472,5.8091,0.1527,-6.396,6.396,0.1527,-0.1146,0.0424,5.8091,2.372,2.628
5,pid_xte,5.523,5.8826,0.1464,-5.838,5.838,0.1464,-0.1154,0.0369,5.8826,2.456,2.544
5,pid_xte,5.574,5.9551,0.1403,-5.355,5.355,0.1403,-0.1158,0.0328,5.9551,2.441,2.559
5,pid_xte,5.625,6.0159,0.1356,-4.996,4.996,0.1356,-0.1137,0.0335,6.0159,2.408,2.592
5,pid_xte,5.675,6.1145,0.1292,-4.481,4.481,0.1292,-0.1150,0.0282,6.1145,2.494,2.506
5,pid_xte,5.725,6.1927,0.1257,-4.112,4.112,0.1257,-0.1108,0.0333,6.1927,2.453,2.547
5,pid_xte,5.776,6.2881,0.1242,-3.687,3.687,0.1242,-0.1032,0.0440,6.2881,2.502,2.498
5,pid_xte,5.828,6.3462,0.1251,-3.426,3.426,0.1251,-0.0919,0.0603,6.3462,2.460,2.540
5,pid_xte,5.879,6.4183,0.1284,-3.083,3.083,0.1284,-0.0773,0.0811,6.4183,2.529,2.471
5,pid_xte,5.930,6.4685,0.1328,-2.817,2.817,0.1328,-0.0622,0.1011,6.4685,2.532,2.468
5,pid_xte,5.982,6.4970,0.1366,-2.653,2.653,0.1366,-0.0497,0.1144,6.4970,2.515,2.485
5,pid_xte,6.033,6.5346,0.1430,-2.424,2.424,0.1430,-0.0334,0.1334,6.5346,2.577,2.423
5,pid_xte,6.083,6.5735,0.1511,-2.176,2.176,0.1511,-0.0156,0.1535,6.5735,2.625,2.375
5,pid_xte,6.133,6.6036,0.1578,-1.979,1.979,0.1578,-0.0020,0.1641,6.6036,2.634,2.366
5,pid_xte,6.184,6.6318,0.1641,-1.789,1.789,0.1641,0.0097,0.1703,6.6318,2.659,2.341
5,pid_xte,6.235,6.6720,0.1730,-1.495,1.495,0.1730,0.0249,0.1821,6.6720,2.739,2.261
5,pid_xte,6.286,6.7090,0.1807,-1.189,1.189,0.1807,0.0366,0.1865,6.7090,2.782,2.218
5,pid_xte,6.336,6.7338,0.1853,-0.963,0.963,0.1853,0.0416,0.1785,6.7338,2.770,2.230
5,pid_xte,6.386,6.7748,0.1915,-0.551,0.551,0.1915,0.0491,0.1758,6.7748,2.883,2.117
5,pid_xte,6.437,6.8109,0.1953,-0.156,0.156,0.1953,0.0515,0.1640,6.8109,2.902,2.098
5,pid_xte,6.488,6.8552,0.1981,0.346,-0.346,0.1981,0.0517,0.1493,6.8552,2.975,2.025
5,pid_xte,6.538,6.8888,0.1994,0.723,-0.723,0.1994,0.0494,0.1315,6.8888,2.943,2.057
5,pid_xte,6.589,6.9410,0.2016,1.292,-1.292,0.2016,0.0489,0.1185,6.9410,3.055,1.945
5,pid_xte,6.639,6.9968,0.2046,1.870,-1.870,0.2046,0.0498,0.1093,6.9968,3.092,1.908
5,pid_xte,6.690,7.0384,0.2072,2.274,-2.274,0.2072,0.0500,0.0996,7.0384,3.044,1.956
5,pid_xte,6.740,7.0715,0.2094,2.577,-2.577,0.2094,0.0494,0.0894,7.0715,3.019,1.981
5,pid_xte,6.790,7.1247,0.2131,3.023,-3.023,0.2131,0.0516,0.0852,7.1247,3.109,1.891
5,pid_xte,6.841,7.1869,0.2176,3.490,-3.490,0.2176,0.0550,0.0835,7.1869,3.149,1.851
5,pid_xte,6.891,7.2365,0.2212,3.832,-3.832,0.2212,0.0565,0.0787,7.2365,3.120,1.880
5,pid_xte,6.942,7.3014,0.2259,4.248,-4.248,0.2259,0.0598,0.0774,7.3014,3.178,1.822
5,pid_xte,6.994,7.3709,0.2308,4.648,-4.648,0.2308,0.0632,0.0764,7.3709,3.201,1.799
5,pid_xte,7.045,7.4533,0.2362,5.045,-5.045,0.2362,0.0671,0.0763,7.4533,3.230,1.770
5,pid_xte,7.096,7.5140,0.2398,5.270,-5.270,0.2398,0.0675,0.0698,7.5140,3.175,1.825
5,pid_xte,7.146,7.5930,0.2450,5.476,-5.476,0.2450,0.0707,0.0693,7.5930,3.188,1.812
5,pid_xte,7.197,7.6756,0.2518,5.604,-5.604,0.2518,0.0766,0.0737,7.6756,3.175,1.825
5,pid_xte,7.247,7.7395,0.2583,5.646,-5.646,0.2583,0.0814,0.0756,7.7395,3.153,1.847
5,pid_xte,7.298,7.8259,0.2690,5.620,-5.620,0.2690,0.0933,0.0903,7.8259,3.146,1.854
5,pid_xte,7.348,7.8848,0.2776,5.536,-5.536,0.2776,0.1004,0.0950,7.8848,3.133,1.867
5,pid_xte,7.399,7.9249,0.2841,5.440,-5.440,0.2841,0.1029,0.0907,7.9249,3.132,1.868
5,pid_xte,7.450,7.9781,0.2934,5.255,-5.255,0.2934,0.1102,0.0958,7.9781,3.102,1.898
5,pid_xte,7.500,8.0258,0.3019,5.040,-5.040,0.3019,0.1156,0.0967,8.0258,3.092,1.908
5,pid_xte,7.551,8.0553,0.3069,4.893,-4.893,0.3069,0.1141,0.0851,8.0553,3.117,1.883
5,pid_xte,7.601,8.1047,0.3145,4.646,-4.646,0.3145,0.1175,0.0835,8.1047,3.073,1.927
5,pid_xte,7.652,8.1405,0.3191,4.479,-4.479,0.3191,0.1151,0.0713,8.1405,3.099,1.901
5,pid_xte,7.702,8.1790,0.3232,4.316,-4.316,0.3232,0.1119,0.0590,8.1790,3.093,1.907
5,pid_xte,7.753,8.2128,0.3259,4.188,-4.188,0.3259,0.1067,0.0442,8.2128,3.099,1.901
5,pid_xte,7.803,8.2495,0.3284,4.064,-4.064,0.3284,0.1013,0.0303,8.2495,3.091,1.909
5,pid_xte,7.854,8.2994,0.3312,3.910,-3.910,0.3312,0.0971,0.0199,8.2994,3.070,1.930
5,pid_xte,7.905,8.3453,0.3337,3.775,-3.775,0.3337,0.0926,0.0100,8.3453,3.069,1.931
5,pid_xte,7.956,8.3983,0.3366,3.626,-3.626,0.3366,0.0893,0.0031,8.3983,3.055,1.945
5,pid_xte,8.006,8.4350,0.3386,3.527,-3.527,0.3386,0.0849,-0.0053,8.4350,3.067,1.933
5,pid_xte,8.057,8.4959,0.3420,3.363,-3.363,0.3420,0.0832,-0.0079,8.4959,3.034,1.966
5,pid_xte,8.108,8.5683,0.3459,3.165,-3.165,0.3459,0.0826,-0.0083,8.5683,3.012,1.988
5,pid_xte,8.158,8.6164,0.3483,3.027,-3.027,0.3483,0.0794,-0.0134,8.6164,3.029,1.971
5,pid_xte,8.208,8.6895,0.3516,2.805,-2.805,0.3516,0.0782,-0.0142,8.6895,2.985,2.015
5,pid_xte,8.259,8.7587,0.3546,2.578,-2.578,0.3546,0.0763,-0.0164,8.7587,2.972,2.028
5,pid_xte,8.310,8.8500,0.3581,2.253,-2.253,0.3581,0.0758,-0.0159,8.8500,2.917,2.083
5,pid_xte,8.361,8.9138,0.3605,2.014,-2.014,0.3605,0.0731,-0.0192,8.9138,2.940,2.060
5,pid_xte,8.411,9.0147,0.3642,1.632,-1.632,0.3642,0.0731,-0.0175,9.0147,2.864,2.136
5,pid_xte,8.462,9.0853,0.3667,1.364,-1.364,0.3667,0.0708,-0.0200,9.0853,2.898,2.102
5,pid_xte,8.512,9.1946,0.3703,0.948,-0.948,0.3703,0.0710,-0.0179,9.1946,2.819,2.181
5,pid_xte,8.563,9.2683,0.3728,0.661,-0.661,0.3728,0.0689,-0.0200,9.2683,2.857,2.143
5,pid_xte,8.614,9.3751,0.3765,0.212,-0.212,0.3765,0.0693,-0.0174,9.3751,2.771,2.229
5,pid_xte,8.664,9.4724,0.3805,-0.272,0.272,0.3805,0.0703,-0.0140,9.4724,2.736,2.264
5,pid_xte,8.715,9.5241,0.3833,-0.592,0.592,0.3833,0.0689,-0.0153,9.5241,2.789,2.211
5,pid_xte,8.765,9.5826,0.3881,-1.048,1.048,0.3881,0.0713,-0.0095,9.5826,2.715,2.285
5,pid_xte,8.816,9.6260,0.3938,-1.471,1.471,0.3938,0.0751,-0.0017,9.6260,2.718,2.282
5,pid_xte,8.867,9.6693,0.4021,-1.948,1.948,0.4021,0.0833,0.0133,9.6693,2.687,2.313
5,pid_xte,8.918,9.7065,0.4111,-2.369,2.369,0.4111,0.0919,0.0276,9.7065,2.705,2.295
5,pid_xte,8.968,9.7294,0.4172,-2.623,2.623,0.4172,0.0945,0.0298,9.7294,2.770,2.230
5,pid_xte,9.019,9.7648,0.4269,-2.993,2.993,0.4269,0.1034,0.0433,9.7648,2.720,2.280
5,pid_xte,9.070,9.7959,0.4350,-3.289,3.289,0.4350,0.1085,0.0486,9.7959,2.750,2.250
5,pid_xte,9.120,9.8327,0.4431,-3.597,3.597,0.4431,0.1134,0.0530,9.8327,2.740,2.260
5,pid_xte,9.171,9.8630,0.4481,-3.818,3.818,0.4481,0.1120,0.0456,9.8630,2.768,2.232
5,pid_xte,9.221,9.8916,0.4511,-4.007,4.007,0.4511,0.1071,0.0326,9.8916,2.770,2.230
5,pid_xte,9.272,9.9202,0.4525,-4.180,4.180,0.4525,0.0999,0.0164,9.9202,2.762,2.238
5,pid_xte,9.323,9.9507,0.4527,-4.349,4.349,0.4527,0.0910,-0.0012,9.9507,2.746,2.254
5,pid_xte,9.373,9.9851,0.4517,-4.520,4.520,0.4517,0.0807,-0.0198,9.9851,2.725,2.275
5,pid_xte,9.424,10.0163,0.4499,-4.656,4.656,0.4499,0.0702,-0.0371,10.0163,2.720,2.280
5,pid_xte,9.474,10.0509,0.4475,-4.787,4.787,0.4475,0.0593,-0.0535,10.0509,2.702,2.298
5,pid_xte,9.525,10.0922,0.4443,-4.915,4.915,0.4443,0.0482,-0.0688,10.0922,2.682,2.318
5,pid_xte,9.575,10.1368,0.4409,-5.024,5.024,0.4409,0.0374,-0.0820,10.1368,2.670,2.330
5,pid_xte,9.626,10.1712,0.4381,-5.090,5.090,0.4381,0.0290,-0.0898,10.1712,2.673,2.327
5,pid_xte,9.676,10.2368,0.4327,-5.179,5.179,0.4327,0.0164,-0.1044,10.2368,2.641,2.359
5,pid_xte,9.727,10.2835,0.4285,-5.216,5.216,0.4285,0.0074,-0.1112,10.2835,2.647,2.353
5,pid_xte,9.777,10.3466,0.4225,-5.233,5.233,0.4225,-0.0042,-0.1221,10.3466,2.638,2.362
5,pid_xte,9.828,10.4028,0.4164,-5.222,5.222,0.4164,-0.0148,-0.1302,10.4028,2.633,2.367
5,pid_xte,9.878,10.4907,0.4052,-5.206,5.206,0.4052,-0.0339,-0.1528,10.4907,2.605,2.395
5,pid_xte,9.928,10.5734,0.3945,-5.242,5.242,0.3945,-0.0502,-0.1686,10.5734,2.555,2.445
5,pid_xte,9.979,10.6221,0.3889,-5.292,5.292,0.3889,-0.0558,-0.1632,10.6221,2.535,2.465
5,pid_xte,10.029,10.6888,0.3825,-5.402,5.402,0.3825,-0.0623,-0.1601,10.6888,2.492,2.508
5,pid_xte,10.080,10.7850,0.3766,-5.673,5.673,0.3766,-0.0673,-0.1546,10.7850,2.399,2.601
5,pid_xte,10.130,10.8438,0.3755,-5.931,5.931,0.3755,-0.0631,-0.1326,10.8438,2.395,2.605
5,pid_xte,10.181,10.9211,0.3780,-6.429,6.429,0.3780,-0.0528,-0.1018,10.9211,2.281,2.719
5,pid_xte,10.231,10.9656,0.3822,-6.830,6.830,0.3822,-0.0403,-0.0699,10.9656,2.317,2.683
5,pid_xte,10.281,11.0178,0.3904,-7.432,7.432,0.3904,-0.0218,-0.0298,11.0178,2.229,2.771
5,pid_xte,10.332,11.0603,0.3993,-8.023,8.023,0.3993,-0.0035,0.0061,11.0603,2.231,2.769
5,pid_xte,10.382,11.1114,0.4115,-8.814,8.814,0.4115,0.0190,0.0464,11.1114,2.139,2.861
5,pid_xte,10.433,11.1307,0.4163,-9.126,9.126,0.4163,0.0258,0.0545,11.1307,2.335,2.665
5,pid_xte,10.483,11.1645,0.4243,-9.677,9.677,0.4243,0.0380,0.0716,11.1645,2.227,2.773
5,pid_xte,10.534,11.2000,0.4321,-10.250,10.250,0.4321,0.0486,0.0845,11.2000,2.206,2.794
5,pid_xte,10.584,11.2361,0.4392,-10.822,10.822,0.4392,0.0571,0.0921,11.2361,2.192,2.808
5,pid_xte,10.635,11.2726,0.4453,-11.382,11.382,0.4453,0.0631,0.0946,11.2726,2.179,2.821
5,pid_xte,10.685,11.3279,0.4524,-12.177,12.177,0.4524,0.0701,0.0986,11.3279,2.055,2.945
5,pid_xte,10.735,11.3656,0.4552,-12.662,12.662,0.4552,0.0689,0.0874,11.3656,2.159,2.841
5,pid_xte,10.786,11.4239,0.4565,-13.308,13.308,0.4565,0.0650,0.0723,11.4239,2.055,2.945
5,pid_xte,10.836,11.4629,0.4554,-13.673,13.673,0.4554,0.0570,0.0513,11.4629,2.145,2.855
5,pid_xte,10.886,11.5102,0.4523,-14.049,14.049,0.4523,0.0461,0.0267,11.5102,2.106,2.894
5,pid_xte,10.937,11.5501,0.4484,-14.318,14.318,0.4484,0.0347,0.0036,11.5501,2.123,2.877
5,pid_xte,10.988,11.6127,0.4406,-14.665,14.665,0.4406,0.0174,-0.0282,11.6127,2.046,2.954
5,pid_xte,11.038,11.6570,0.4343,-14.868,14.868,0.4343,0.0044,-0.0491,11.6570,2.076,2.924
5,pid_xte,11.089,11.7071,0.4268,-15.064,15.064,0.4268,-0.0097,-0.0703,11.7071,2.047,2.953
5,pid_xte,11.140,11.7653,0.4175,-15.260,15.260,0.4175,-0.0256,-0.0927,11.7653,2.012,2.988
5,pid_xte,11.190,11.8139,0.4095,-15.407,15.407,0.4095,-0.0377,-0.1062,11.8139,2.004,2.996
5,pid_xte,11.241,11.8576,0.4023,-15.532,15.532,0.4023,-0.0474,-0.1140,11.8576,1.990,3.010
5,pid_xte,11.291,11.9203,0.3923,-15.711,15.711,0.3923,-0.0613,-0.1289,11.9203,1.934,3.066
5,pid_xte,11.342,11.9596,0.3863,-15.827,15.827,0.3863,-0.0665,-0.1265,11.9596,1.943,3.057
5,pid_xte,11.392,12.0149,0.3785,-15.992,15.992,0.3785,-0.0746,-0.1296,12.0149,1.898,3.102
5,pid_xte,11.443,12.0498,0.3738,-16.095,16.095,0.3738,-0.0763,-0.1208,12.0498,1.912,3.088
5,pid_xte,11.493,12.0995,0.3672,-16.230,16.230,0.3672,-0.0813,-0.1189,12.0995,1.880,3.120
5,pid_xte,11.543,12.1430,0.3610,-16.330,16.330,0.3610,-0.0851,-0.1148,12.1430,1.879,3.121
5,pid_xte,11.594,12.1821,0.3549,-16.398,16.398,0.3549,-0.0885,-0.1106,12.1821,1.879,3.121
5,pid_xte,11.644,12.2248,0.3471,-16.442,16.442,0.3471,-0.0945,-0.1113,12.2248,1.873,3.127
5,pid_xte,11.694,12.2678,0.3381,-16.451,16.451,0.3381,-0.1022,-0.1152,12.2678,1.871,3.129
5,pid_xte,11.745,12.2968,0.3314,-16.436,16.436,0.3314,-0.1051,-0.1099,12.2968,1.872,3.128
5,pid_xte,11.795,12.3464,0.3187,-16.372,16.372,0.3187,-0.1185,-0.1242,12.3464,1.869,3.131
5,pid_xte,11.845,12.3926,0.3060,-16.273,16.273,0.3060,-0.1307,-0.1349,12.3926,1.864,3.136
5,pid_xte,11.896,12.4394,0.2930,-16.144,16.144,0.2930,-0.1423,-0.1437,12.4394,1.859,3.141
5,pid_xte,11.946,12.4805,0.2817,-16.014,16.014,0.2817,-0.1499,-0.1443,12.4805,1.847,3.153
5,pid_xte,11.996,12.5446,0.2644,-15.798,15.798,0.2644,-0.1676,-0.1633,12.5446,1.860,3.140
5,pid_xte,12.047,12.6073,0.2478,-15.578,15.578,0.2478,-0.1824,-0.1753,12.6073,1.841,3.159
5,pid_xte,12.097,12.6977,0.2237,-15.239,15.239,0.2237,-0.2095,-0.2085,12.6977,1.858,3.142
5,pid_xte,12.147,12.7619,0.2063,-14.992,14.992,0.2063,-0.2221,-0.2123,12.7619,1.802,3.198
5,pid_xte,12.198,12.8639,0.1778,-14.619,14.619,0.1778,-0.2536,-0.2501,12.8639,1.814,3.186
5,pid_xte,12.248,12.9380,0.1573,-14.375,14.375,0.1573,-0.2675,-0.2526,12.9380,1.739,3.261
5,pid_xte,12.298,13.0538,0.1273,-14.034,14.034,0.1273,-0.2977,-0.2842,13.0538,1.737,3.263
5,pid_xte,12.349,13.1336,0.1089,-13.825,13.825,0.1089,-0.3039,-0.2695,13.1336,1.668,3.332
5,pid_xte,12.399,13.2375,0.0895,-13.585,13.585,0.0895,-0.3115,-0.2587,13.2375,1.666,3.334
5,pid_xte,12.449,13.3106,0.0794,-13.441,13.441,0.0794,-0.3013,-0.2165,13.3106,1.635,3.365
5,pid_xte,12.499,13.3695,0.0751,-13.337,13.337,0.0751,-0.2815,-0.1609,13.3695,1.638,3.362
5,pid_xte,12.550,13.4025,0.0761,-13.279,13.279,0.0761,-0.2541,-0.0962,13.4025,1.651,3.349
5,pid_xte,12.600,13.4432,0.0827,-13.195,13.195,0.0827,-0.2188,-0.0234,13.4432,1.708,3.292
5,pid_xte,12.650,13.4673,0.0889,-13.127,13.127,0.0889,-0.1874,0.0358,13.4673,1.743,3.257
5,pid_xte,12.701,13.5044,0.0990,-12.982,12.982,0.0990,-0.1520,0.0969,13.5044,1.828,3.172
5,pid_xte,12.751,13.5309,0.1055,-12.843,12.843,0.1055,-0.1264,0.1346,13.5309,1.864,3.136
5,pid_xte,12.801,13.5720,0.1137,-12.563,12.563,0.1137,-0.0999,0.1704,13.5720,1.973,3.027
5,pid_xte,12.852,13.5954,0.1172,-12.360,12.360,0.1172,-0.0843,0.1831,13.5954,1.970,3.030
5,pid_xte,12.902,13.6303,0.1204,-12.001,12.001,0.1204,-0.0709,0.1907,13.6303,2.070,2.930
5,pid_xte,12.952,13.6600,0.1208,-11.655,11.655,0.1208,-0.0636,0.1866,13.6600,2.091,2.909
5,pid_xte,13.003,13.6989,0.1188,-11.170,11.170,0.1188,-0.0615,0.1733,13.6989,2.174,2.826
5,pid_xte,13.053,13.7261,0.1161,-10.819,10.819,0.1161,-0.0608,0.1587,13.7261,2.135,2.865
5,pid_xte,13.104,13.7719,0.1103,-10.221,10.221,0.1103,-0.0656,0.1353,13.7719,2.256,2.744
5,pid_xte,13.155,13.8064,0.1058,-9.776,9.776,0.1058,-0.0677,0.1191,13.8064,2.210,2.790
5,pid_xte,13.205,13.8494,0.1006,-9.234,9.234,0.1006,-0.0710,0.1021,13.8494,2.271,2.729
5,pid_xte,13.256,13.8785,0.0973,-8.873,8.873,0.0973,-0.0705,0.0936,13.8785,2.212,2.788
5,pid_xte,13.306,13.9353,0.0913,-8.187,8.187,0.0913,-0.0749,0.0772,13.9353,2.373,2.627
5,pid_xte,13.357,13.9850,0.0867,-7.603,7.603,0.0867,-0.0765,0.0672,13.9850,2.355,2.645
5,pid_xte,13.407,14.0372,0.0822,-7.000,7.000,0.0822,-0.0777,0.0589,14.0372,2.389,2.611
5,pid_xte,13.457,14.0760,0.0791,-6.544,6.544,0.0791,-0.0761,0.0563,14.0760,2.350,2.650
5,pid_xte,13.508,14.1321,0.0753,-5.856,5.856,0.0753,-0.0760,0.0514,14.1321,2.479,2.521
5,pid_xte,13.558,14.1849,0.0729,-5.152,5.152,0.0729,-0.0734,0.0513,14.1849,2.523,2.477
5,pid_xte,13.608,14.2161,0.0721,-4.717,4.717,0.0721,-0.0683,0.0560,14.2161,2.438,2.562
5,pid_xte,13.658,14.2637,0.0713,-4.065,4.065,0.0713,-0.0635,0.0596,14.2637,2.567,2.433
5,pid_xte,13.709,14.2963,0.0708,-3.641,3.641,0.0708,-0.0585,0.0631,14.2963,2.498,2.502
5,pid_xte,13.759,14.3456,0.0698,-3.042,3.042,0.0698,-0.0550,0.0638,14.3456,2.605,2.395
5,pid_xte,13.810,14.3941,0.0682,-2.500,2.500,0.0682,-0.0528,0.0620,14.3941,2.610,2.390
5,pid_xte,13.860,14.4438,0.0661,-1.995,1.995,0.0661,-0.0519,0.0579,14.4438,2.618,2.382
5,pid_xte,13.910,14.4987,0.0632,-1.500,1.500,0.0632,-0.0523,0.0519,14.4987,2.639,2.361
5,pid_xte,13.961,14.5727,0.0594,-0.912,0.912,0.0594,-0.0545,0.0432,14.5727,2.701,2.299
5,pid_xte,14.011,14.6259,0.0568,-0.528,0.528,0.0568,-0.0543,0.0396,14.6259,2.635,2.365
5,pid_xte,14.062,14.7181,0.0524,0.093,-0.093,0.0524,-0.0573,0.0304,14.7181,2.757,2.243
5,pid_xte,14.112,14.7895,0.0489,0.548,-0.548,0.0489,-0.0583,0.0259,14.7895,2.709,2.291
5,pid_xte,14.162,14.8881,0.0439,1.145,-1.145,0.0439,-0.0620,0.0167,14.8881,2.791,2.209
5,pid_xte,14.213,14.9894,0.0381,1.723,-1.723,0.0381,-0.0668,0.0064,14.9894,2.800,2.200
5,pid_xte,14.263,15.0667,0.0330,2.130,-2.130,0.0330,-0.0701,-0.0001,15.0667,2.744,2.256
5,pid_xte,14.314,15.1552,0.0268,2.553,-2.553,0.0268,-0.0750,-0.0089,15.1552,2.761,2.239
5,pid_xte,14.364,15.2923,0.0180,3.129,-3.129,0.0180,-0.0841,-0.0246,15.2923,2.837,2.163
5,pid_xte,14.414,15.4079,0.0131,3.554,-3.554,0.0131,-0.0852,-0.0244,15.4079,2.791,2.209
5,pid_xte,14.465,15.5081,0.0124,3.881,-3.881,0.0124,-0.0787,-0.0104,15.5081,2.773,2.227
5,pid_xte,14.515,15.5690,0.0144,4.057,-4.057,0.0144,-0.0680,0.0100,15.5690,2.732,2.268
5,pid_xte,14.565,15.6287,0.0188,4.201,-4.201,0.0188,-0.0537,0.0350,15.6287,2.745,2.255
5,pid_xte,14.616,15.6585,0.0226,4.258,-4.258,0.0226,-0.0419,0.0532,15.6585,2.727,2.273
5,pid_xte,14.666,15.6970,0.0310,4.307,-4.307,0.0310,-0.0228,0.0831,15.6970,2.754,2.246
5,pid_xte,14.716,15.7228,0.0400,4.317,-4.317,0.0400,-0.0043,0.1091,15.7228,2.766,2.234
5,pid_xte,14.767,15.7493,0.0515,4.311,-4.311,0.0515,0.0169,0.1378,15.7493,2.792,2.208
5,pid_xte,14.817,15.7769,0.0642,4.305,-4.305,0.0642,0.0384,0.1642,15.7769,2.826,2.174
5,pid_xte,14.867,15.8010,0.0752,4.310,-4.310,0.0752,0.0549,0.1792,15.8010,2.858,2.142
5,pid_xte,14.918,15.8153,0.0817,4.320,-4.320,0.0817,0.0617,0.1751,15.8153,2.874,2.126
5,pid_xte,14.968,15.8486,0.0970,4.373,-4.373,0.0970,0.0838,0.1991,15.8486,2.932,2.068
5,pid_xte,15.019,15.8854,0.1129,4.495,-4.495,0.1129,0.1051,0.2196,15.8854,3.004,1.996
5,pid_xte,15.069,15.9125,0.1231,4.632,-4.632,0.1231,0.1139,0.2157,15.9125,3.037,1.963
5,pid_xte,15.119,15.9438,0.1323,4.828,-4.828,0.1323,0.1203,0.2074,15.9438,3.087,1.913
5,pid_xte,15.169,15.9816,0.1401,5.093,-5.093,0.1401,0.1234,0.1942,15.9816,3.140,1.860
5,pid_xte,15.220,16.0092,0.1442,5.294,-5.294,0.1442,0.1197,0.1697,16.0092,3.125,1.875
5,pid_xte,15.270,16.0401,0.1481,5.513,-5.513,0.1481,0.1159,0.1472,16.0401,3.144,1.856
5,pid_xte,15.320,16.0878,0.1538,5.825,-5.825,0.1538,0.1156,0.1333,16.0878,3.204,1.796
5,pid_xte,15.371,16.1292,0.1589,6.069,-6.069,0.1589,0.1143,0.1186,16.1292,3.192,1.808
5,pid_xte,15.421,16.1816,0.1655,6.342,-6.342,0.1655,0.1157,0.1103,16.1816,3.227,1.773
5,pid_xte,15.472,16.2419,0.1725,6.617,-6.617,0.1725,0.1180,0.1044,16.2419,3.252,1.748
5,pid_xte,15.522,16.2778,0.1765,6.765,-6.765,0.1765,0.1143,0.0883,16.2778,3.207,1.793
5,pid_xte,15.572,16.3380,0.1829,6.997,-6.997,0.1829,0.1155,0.0822,16.3380,3.261,1.739
5,pid_xte,15.623,16.3957,0.1892,7.208,-7.208,0.1892,0.1164,0.0764,16.3957,3.271,1.729
5,pid_xte,15.673,16.4364,0.1939,7.352,-7.352,0.1939,0.1143,0.0657,16.4364,3.253,1.747
5,pid_xte,15.723,16.5094,0.2028,7.600,-7.600,0.2028,0.1200,0.0699,16.5094,3.324,1.676
5,pid_xte,15.774,16.5740,0.2104,7.796,-7.796,0.2104,0.1229,0.0689,16.5740,3.323,1.677
5,pid_xte,15.824,16.6142,0.2149,7.896,-7.896,0.2149,0.1198,0.0569,16.6142,3.290,1.710
5,pid_xte,15.874,16.6954,0.2234,8.014,-8.014,0.2234,0.1243,0.0599,16.6954,3.316,1.684
5,pid_xte,15.925,16.7576,0.2310,8.004,-8.004,0.2310,0.1268,0.0590,16.7576,3.273,1.727
5,pid_xte,15.975,16.8016,0.2376,7.932,-7.932,0.2376,0.1271,0.0542,16.8016,3.250,1.750
5,pid_xte,16.025,16.8618,0.2489,7.721,-7.721,0.2489,0.1361,0.0656,16.8618,3.201,1.799
5,pid_xte,16.075,16.9116,0.2615,7.400,-7.400,0.2615,0.1466,0.0786,16.9116,3.161,1.839
5,pid_xte,16.126,16.9436,0.2718,7.092,-7.092,0.2718,0.1519,0.0811,16.9436,3.167,1.833
5,pid_xte,16.176,16.9888,0.2896,6.499,-6.499,0.2896,0.1703,0.1071,16.9888,3.053,1.947
5,pid_xte,16.226,17.0169,0.3020,6.042,-6.042,0.3020,0.1773,0.1100,17.0169,3.105,1.895
5,pid_xte,16.277,17.0588,0.3209,5.282,-5.282,0.3209,0.1954,0.1328,17.0588,2.976,2.024
5,pid_xte,16.327,17.0933,0.3359,4.617,-4.617,0.3359,0.2049,0.1379,17.0933,3.006,1.994
5,pid_xte,16.378,17.1087,0.3424,4.313,-4.313,0.3424,0.1978,0.1124,17.1087,3.141,1.859
5,pid_xte,16.428,17.1312,0.3516,3.864,-3.864,0.3516,0.1962,0.0991,17.1312,3.064,1.936
5,pid_xte,16.479,17.1643,0.3642,3.189,-3.189,0.3642,0.2012,0.0990,17.1643,2.952,2.048
5,pid_xte,16.529,17.2051,0.3781,2.345,-2.345,0.3781,0.2081,0.1026,17.2051,2.857,2.143
5,pid_xte,16.579,17.2429,0.3889,1.567,-1.567,0.3889,0.2087,0.0943,17.2429,2.856,2.144
5,pid_xte,16.630,17.2783,0.3966,0.871,-0.871,0.3966,0.2035,0.0762,17.2783,2.856,2.144
5,pid_xte,16.680,17.3182,0.4019,0.155,-0.155,0.4019,0.1946,0.0531,17.3182,2.806,2.194
5,pid_xte,16.730,17.3600,0.4038,-0.503,0.503,0.4038,0.1803,0.0223,17.3600,2.783,2.217
5,pid_xte,16.781,17.3874,0.4033,-0.881,0.881,0.4033,0.1630,-0.0113,17.3874,2.863,2.137
5,pid_xte,16.831,17.4329,0.4006,-1.431,1.431,0.4006,0.1432,-0.0462,17.4329,2.739,2.261
5,pid_xte,16.881,17.4793,0.3966,-1.918,1.918,0.3966,0.1228,-0.0790,17.4793,2.716,2.284
5,pid_xte,16.931,17.5392,0.3912,-2.458,2.458,0.3912,0.1018,-0.1100,17.5392,2.640,2.360
5,pid_xte,16.982,17.6011,0.3863,-2.930,2.930,0.3863,0.0835,-0.1331,17.6011,2.620,2.380
5,pid_xte,17.032,17.6615,0.3818,-3.327,3.327,0.3818,0.0678,-0.1496,17.6615,2.610,2.390
5,pid_xte,17.082,17.7092,0.3782,-3.606,3.606,0.3782,0.0549,-0.1593,17.7092,2.628,2.372
5,pid_xte,17.132,17.7931,0.3710,-4.050,4.050,0.3710,0.0368,-0.1776,17.7931,2.510,2.490
5,pid_xte,17.183,17.8481,0.3657,-4.326,4.326,0.3657,0.0239,-0.1849,17.8481,2.548,2.452
5,pid_xte,17.233,17.9348,0.3566,-4.750,4.750,0.3566,0.0051,-0.2020,17.9348,2.437,2.563
5,pid_xte,17.283,18.0129,0.3476,-5.130,5.130,0.3476,-0.0116,-0.2139,18.0129,2.409,2.591
5,pid_xte,17.334,18.0972,0.3372,-5.550,5.550,0.3372,-0.0296,-0.2271,18.0972,2.342,2.658
5,pid_xte,17.384,18.1907,0.3240,-6.046,6.046,0.3240,-0.0509,-0.2450,18.1907,2.250,2.750
5,pid_xte,17.434,18.2565,0.3136,-6.426,6.426,0.3136,-0.0650,-0.2483,18.2565,2.254,2.746
5,pid_xte,17.485,18.3574,0.2973,-7.078,7.078,0.2973,-0.0887,-0.2686,18.3574,2.066,2.934
5,pid_xte,17.535,18.4253,0.2873,-7.593,7.593,0.2873,-0.0987,-0.2623,18.4253,2.077,2.923
5,pid_xte,17.585,18.5205,0.2758,-8.483,8.483,0.2758,-0.1106,-0.2598,18.5205,1.851,3.149
5,pid_xte,17.636,18.5843,0.2705,-9.258,9.258,0.2705,-0.1102,-0.2355,18.5843,1.853,3.147
5,pid_xte,17.686,18.6502,0.2675,-10.321,10.321,0.2675,-0.1056,-0.2055,18.6502,1.679,3.321
5,pid_xte,17.736,18.6873,0.2670,-11.104,11.104,0.2670,-0.0967,-0.1706,18.6873,1.762,3.238
5,pid_xte,17.787,18.7330,0.2672,-12.278,12.278,0.2672,-0.0875,-0.1383,18.7330,1.548,3.452
5,pid_xte,17.837,18.7680,0.2663,-13.252,13.252,0.2663,-0.0812,-0.1141,18.7680,1.587,3.413
5,pid_xte,17.887,18.8038,0.2625,-14.192,14.192,0.2625,-0.0806,-0.1026,18.8038,1.548,3.452
5,pid_xte,17.938,18.8274,0.2579,-14.748,14.748,0.2579,-0.0816,-0.0951,18.8274,1.672,3.328
5,pid_xte,17.988,18.8671,0.2461,-15.565,15.565,0.2461,-0.0956,-0.1118,18.8671,1.495,3.505
5,pid_xte,18.038,18.9029,0.2329,-16.170,16.170,0.2329,-0.1110,-0.1296,18.9029,1.523,3.477
5,pid_xte,18.088,18.9435,0.2167,-16.725,16.725,0.2167,-0.1303,-0.1528,18.9435,1.479,3.521
5,pid_xte,18.139,18.9722,0.2051,-17.049,17.049,0.2051,-0.1393,-0.1553,18.9722,1.538,3.462
5,pid_no_xte,0.000,0.2957,0.0121,0.222,-0.222,0.0121,0.0000,0.0000,0.2957,6.000,0.000
5,pid_no_xte,0.050,0.3224,0.0106,0.234,-0.234,0.0106,-0.0028,-0.0051,0.3224,2.517,2.483
5,pid_no_xte,0.101,0.3537,0.0091,0.203,-0.203,0.0091,-0.0053,-0.0092,0.3537,2.498,2.502
5,pid_no_xte,0.151,0.3962,0.0072,0.163,-0.163,0.0072,-0.0082,-0.0137,0.3962,2.492,2.508
5,pid_no_xte,0.201,0.4295,0.0057,0.126,-0.126,0.0057,-0.0101,-0.0157,0.4295,2.491,2.509
5,pid_no_xte,0.252,0.4728,0.0040,0.068,-0.068,0.0040,-0.0124,-0.0185,0.4728,2.480,2.520
5,pid_no_xte,0.302,0.5266,0.0019,-0.024,0.024,0.0019,-0.0150,-0.0216,0.5266,2.460,2.540
5,pid_no_xte,0.352,0.5841,0.0001,-0.151,0.151,0.0001,-0.0168,-0.0229,0.5841,2.439,2.561
5,pid_no_xte,0.402,0.6224,-0.0005,-0.256,0.256,-0.0005,-0.0165,-0.0202,0.6224,2.442,2.558
5,pid_no_xte,0.453,0.6812,-0.0001,-0.458,0.458,-0.0001,-0.0142,-0.0143,0.6812,2.392,2.608
5,pid_no_xte,0.503,0.7288,0.0020,-0.654,0.654,0.0020,-0.0091,-0.0036,0.7288,2.384,2.616
5,pid_no_xte,0.553,0.7746,0.0061,-0.855,0.855,0.0061,-0.0008,0.0118,0.7746,2.371,2.629
5,pid_no_xte,0.604,0.8169,0.0116,-1.032,1.032,0.0116,0.0093,0.0290,0.8169,2.372,2.628
5,pid_no_xte,0.654,0.8416,0.0155,-1.124,1.124,0.0155,0.0155,0.0377,0.8416,2.403,2.597
5,pid_no_xte,0.704,0.8823,0.0226,-1.246,1.246,0.0226,0.0270,0.0551,0.8823,2.384,2.616
5,pid_no_xte,0.755,0.9307,0.0313,-1.332,1.332,0.0313,0.0403,0.0743,0.9307,2.395,2.605
5,pid_no_xte,0.805,0.9632,0.0367,-1.351,1.351,0.0367,0.0464,0.0786,0.9632,2.422,2.578
5,pid_no_xte,0.856,0.9797,0.0391,-1.349,1.349,0.0391,0.0465,0.0715,0.9797,2.430,2.570
5,pid_no_xte,0.906,1.0191,0.0439,-1.323,1.323,0.0439,0.0509,0.0730,1.0191,2.442,2.558
5,pid_no_xte,0.956,1.0649,0.0480,-1.263,1.263,0.0480,0.0537,0.0714,1.0649,2.459,2.541
5,pid_no_xte,1.007,1.1180,0.0517,-1.168,1.168,0.0517,0.0556,0.0683,1.1180,2.478,2.522
5,pid_no_xte,1.057,1.1635,0.0548,-1.077,1.077,0.0548,0.0562,0.0631,1.1635,2.481,2.519
5,pid_no_xte,1.107,1.1994,0.0572,-1.002,1.002,0.0572,0.0553,0.0558,1.1994,2.479,2.521
5,pid_no_xte,1.158,1.2603,0.0608,-0.867,0.867,0.0608,0.0568,0.0533,1.2603,2.511,2.489
5,pid_no_xte,1.208,1.3282,0.0640,-0.699,0.699,0.0640,0.0574,0.0496,1.3282,2.533,2.467
5,pid_no_xte,1.258,1.3985,0.0665,-0.490,0.490,0.0665,0.0567,0.0437,1.3985,2.561,2.439
5,pid_no_xte,1.309,1.4536,0.0677,-0.295,0.295,0.0677,0.0538,0.0345,1.4536,2.566,2.434
5,pid_no_xte,1.359,1.5396,0.0687,0.067,-0.067,0.0687,0.0507,0.0256,1.5396,2.654,2.346
5,pid_no_xte,1.409,1.6212,0.0693,0.463,-0.463,0.0693,0.0470,0.0167,1.6212,2.689,2.311
5,pid_no_xte,1.460,1.6934,0.0693,0.853,-0.853,0.0693,0.0428,0.0074,1.6934,2.707,2.293
5,pid_no_xte,1.510,1.7576,0.0682,1.227,-1.227,0.0682,0.0370,-0.0038,1.7576,2.720,2.280
5,pid_no_xte,1.560,1.8565,0.0656,1.757,-1.757,0.0656,0.0288,-0.0183,1.8565,2.813,2.187
5,pid_no_xte,1.611,1.9532,0.0664,2.167,-2.167,0.0664,0.0276,-0.0189,1.9532,2.784,2.216
5,pid_no_xte,1.661,2.0221,0.0706,2.380,-2.380,0.0706,0.0327,-0.0078,2.0221,2.713,2.287
5,pid_no_xte,1.711,2.0684,0.0761,2.472,-2.472,0.0761,0.0398,0.0058,2.0684,2.668,2.332
5,pid_no_xte,1.761,2.1234,0.0886,2.498,-2.498,0.0886,0.0589,0.0399,2.1234,2.641,2.359
5,pid_no_xte,1.812,2.1621,0.1064,2.407,-2.407,0.1064,0.0858,0.0852,2.1621,2.588,2.412
5,pid_no_xte,1.862,2.1940,0.1354,2.165,-2.165,0.1354,0.1306,0.1588,2.1940,2.513,2.487
5,pid_no_xte,1.912,2.2098,0.1590,1.930,-1.930,0.1590,0.1616,0.2007,2.2098,2.503,2.497
5,pid_no_xte,1.963,2.2295,0.1981,1.486,-1.486,0.1981,0.2178,0.2845,2.2295,2.393,2.607
5,pid_no_xte,2.013,2.2424,0.2253,1.137,-1.137,0.2253,0.2474,0.3123,2.2424,2.414,2.586
5,pid_no_xte,2.063,2.2635,0.2657,0.557,-0.557,0.2657,0.2982,0.3759,2.2635,2.288,2.712
5,pid_no_xte,2.114,2.2808,0.2937,0.111,-0.111,0.2937,0.3216,0.3841,2.2808,2.320,2.680
5,pid_no_xte,2.164,2.3105,0.3334,-0.590,0.590,0.3334,0.3645,0.4268,2.3105,2.178,2.822
5,pid_no_xte,2.214,2.3332,0.3591,-1.082,1.082,0.3591,0.3779,0.4123,2.3332,2.238,2.762
5,pid_no_xte,2.265,2.3580,0.3841,-1.588,1.588,0.3841,0.3888,0.3944,2.3580,2.206,2.794
5,pid_no_xte,2.315,2.3984,0.4200,-2.358,2.358,0.4200,0.4185,0.4123,2.3984,2.056,2.944
5,pid_no_xte,2.365,2.4383,0.4503,-3.042,3.042,0.4503,0.4354,0.4054,2.4383,2.056,2.944
5,pid_no_xte,2.415,2.4801,0.4779,-3.674,3.674,0.4779,0.4457,0.3872,2.4801,2.044,2.956
5,pid_no_xte,2.466,2.5248,0.5029,-4.241,4.241,0.5029,0.4504,0.3601,2.5248,2.042,2.958
5,pid_no_xte,2.516,2.5608,0.5198,-4.611,4.611,0.5198,0.4400,0.3083,2.5608,2.104,2.896
5,pid_no_xte,2.566,2.6190,0.5416,-5.067,5.067,0.5416,0.4392,0.2787,2.6190,2.045,2.955
5,pid_no_xte,2.617,2.6606,0.5535,-5.307,5.307,0.5535,0.4206,0.2194,2.6606,2.122,2.878
5,pid_no_xte,2.667,2.7068,0.5637,-5.507,5.507,0.5637,0.4006,0.1630,2.7068,2.129,2.871
5,pid_no_xte,2.717,2.7499,0.5710,-5.642,5.642,0.5710,0.3773,0.1057,2.7499,2.148,2.852
5,pid_no_xte,2.768,2.8228,0.5801,-5.780,5.780,0.5801,0.3594,0.0636,2.8228,2.140,2.860
5,pid_no_xte,2.818,2.8684,0.5845,-5.821,5.821,0.5845,0.3345,0.0124,2.8684,2.178,2.822
5,pid_no_xte,2.869,2.8888,0.5862,-5.830,5.830,0.5862,0.3068,-0.0391,2.8888,2.191,2.809
5,pid_no_xte,2.919,2.9609,0.5915,-5.827,5.827,0.5915,0.2882,-0.0691,2.9609,2.196,2.804
5,pid_no_xte,2.970,3.0324,0.5956,-5.780,5.780,0.5956,0.2693,-0.0972,3.0324,2.217,2.783
5,pid_no_xte,3.020,3.0759,0.5977,-5.732,5.732,0.5977,0.2483,-0.1264,3.0759,2.220,2.780
5,pid_no_xte,3.071,3.1585,0.6007,-5.603,5.603,0.6007,0.2311,-0.1461,3.1585,2.260,2.740
5,pid_no_xte,3.121,3.2200,0.6021,-5.479,5.479,0.6021,0.2125,-0.1665,3.2200,2.265,2.735
5,pid_no_xte,3.172,3.2714,0.6028,-5.363,5.363,0.6028,0.1942,-0.1844,3.2714,2.267,2.733
5,pid_no_xte,3.222,3.3619,0.6030,-5.150,5.150,0.6030,0.1767,-0.1993,3.3619,2.319,2.681
5,pid_no_xte,3.272,3.4270,0.6025,-4.990,4.990,0.6025,0.1598,-0.2119,3.4270,2.305,2.695
5,pid_no_xte,3.322,3.4689,0.6021,-4.881,4.881,0.6021,0.1445,-0.2204,3.4689,2.290,2.710
5,pid_no_xte,3.373,3.5317,0.6014,-4.696,4.696,0.6014,0.1300,-0.2266,3.5317,2.331,2.669
5,pid_no_xte,3.423,3.5838,0.6006,-4.514,4.514,0.6006,0.1166,-0.2302,3.5838,2.340,2.660
5,pid_no_xte,3.473,3.6127,0.5998,-4.400,4.400,0.5998,0.1046,-0.2310,3.6127,2.317,2.683
5,pid_no_xte,3.524,3.6466,0.5985,-4.254,4.254,0.5985,0.0926,-0.2317,3.6466,2.338,2.662
5,pid_no_xte,3.574,3.6818,0.5964,-4.087,4.087,0.5964,0.0804,-0.2326,3.6818,2.356,2.644
5,pid_no_xte,3.624,3.7123,0.5943,-3.930,3.930,0.5943,0.0691,-0.2319,3.7123,2.359,2.641
5,pid_no_xte,3.675,3.7539,0.5909,-3.703,3.703,0.5909,0.0566,-0.2334,3.7539,2.400,2.600
5,pid_no_xte,3.725,3.7964,0.5869,-3.456,3.456,0.5869,0.0442,-0.2346,3.7964,2.422,2.578
5,pid_no_xte,3.775,3.8421,0.5823,-3.178,3.178,0.5823,0.0318,-0.2357,3.8421,2.449,2.551
5,pid_no_xte,3.826,3.8820,0.5783,-2.929,2.929,0.5783,0.0217,-0.2324,3.8820,2.450,2.550
5,pid_no_xte,3.876,3.9333,0.5737,-2.607,2.607,0.5737,0.0113,-0.2300,3.9333,2.497,2.503
5,pid_no_xte,3.926,3.9688,0.5710,-2.384,2.384,0.5710,0.0053,-0.2200,3.9688,2.468,2.532
5,pid_no_xte,3.977,4.0214,0.5677,-2.061,2.061,0.5677,-0.0012,-0.2117,4.0214,2.527,2.473
5,pid_no_xte,4.027,4.0740,0.5652,-1.749,1.749,0.5652,-0.0055,-0.2002,4.0740,2.538,2.462
5,pid_no_xte,4.077,4.1441,0.5627,-1.366,1.366,0.5627,-0.0095,-0.1892,4.1441,2.588,2.412
5,pid_no_xte,4.127,4.1973,0.5611,-1.109,1.109,0.5611,-0.0117,-0.1759,4.1973,2.549,2.451
5,pid_no_xte,4.178,4.2813,0.5584,-0.768,0.768,0.5584,-0.0155,-0.1668,4.2813,2.602,2.398
5,pid_no_xte,4.228,4.3439,0.5563,-0.563,0.563,0.5563,-0.0179,-0.1559,4.3439,2.555,2.445
5,pid_no_xte,4.278,4.4468,0.5529,-0.313,0.313,0.5529,-0.0224,-0.1498,4.4468,2.588,2.412
5,pid_no_xte,4.328,4.5214,0.5507,-0.189,0.189,0.5507,-0.0243,-0.1395,4.5214,2.542,2.458
5,pid_no_xte,4.379,4.6408,0.5487,-0.067,0.067,0.5487,-0.0258,-0.1295,4.6408,2.547,2.453
5,pid_no_xte,4.429,4.7231,0.5485,-0.020,0.020,0.5485,-0.0237,-0.1139,4.7231,2.519,2.481
5,pid_no_xte,4.479,4.8471,0.5506,0.013,-0.013,0.5506,-0.0178,-0.0928,4.8471,2.514,2.486
5,pid_no_xte,4.530,4.9201,0.5532,0.017,-0.017,0.5532,-0.0115,-0.0728,4.9201,2.502,2.498
5,pid_no_xte,4.580,5.0146,0.5582,0.014,-0.014,0.5582,-0.0013,-0.0476,5.0146,2.500,2.500
5,pid_no_xte,4.630,5.0739,0.5625,0.016,-0.016,0.5625,0.0065,-0.0290,5.0739,2.502,2.498
5,pid_no_xte,4.680,5.1269,0.5678,0.031,-0.031,0.5678,0.0157,-0.0098,5.1269,2.508,2.492
5,pid_no_xte,4.730,5.1569,0.5720,0.055,-0.055,0.5720,0.0218,0.0022,5.1569,2.513,2.487
5,pid_no_xte,4.781,5.1965,0.5787,0.121,-0.121,0.5787,0.0321,0.0208,5.1965,2.534,2.466
5,pid_no_xte,4.831,5.2286,0.5849,0.210,-0.210,0.5849,0.0404,0.0340,5.2286,2.548,2.452
5,pid_no_xte,4.881,5.2654,0.5923,0.350,-0.350,0.5923,0.0501,0.0485,5.2654,2.576,2.424
5,pid_no_xte,4.932,5.3021,0.5997,0.528,-0.528,0.5997,0.0590,0.0602,5.3021,2.602,2.398
5,pid_no_xte,4.982,5.3345,0.6061,0.721,-0.721,0.6061,0.0652,0.0659,5.3345,2.618,2.382
5,pid_no_xte,5.033,5.3688,0.6122,0.956,-0.956,0.6122,0.0703,0.0692,5.3688,2.648,2.352
5,pid_no_xte,5.083,5.4050,0.6176,1.226,-1.226,0.6176,0.0737,0.0691,5.4050,2.677,2.323
5,pid_no_xte,5.133,5.4355,0.6213,1.462,-1.462,0.6213,0.0737,0.0627,5.4355,2.675,2.325
5,pid_no_xte,5.183,5.4803,0.6254,1.818,-1.818,0.6254,0.0745,0.0584,5.4803,2.743,2.257
5,pid_no_xte,5.234,5.5116,0.6277,2.068,-2.068,0.6277,0.0718,0.0483,5.5116,2.712,2.288
5,pid_no_xte,5.284,5.5510,0.6303,2.376,-2.376,0.6303,0.0700,0.0404,5.5510,2.752,2.248
5,pid_no_xte,5.334,5.5965,0.6334,2.712,-2.712,0.6334,0.0691,0.0352,5.5965,2.782,2.218
5,pid_no_xte,5.385,5.6435,0.6366,3.035,-3.035,0.6366,0.0688,0.0314,5.6435,2.793,2.207
5,pid_no_xte,5.435,5.6752,0.6389,3.238,-3.238,0.6389,0.0667,0.0247,5.6752,2.754,2.246
5,pid_no_xte,5.485,5.7141,0.6418,3.470,-3.470,0.6418,0.0658,0.0208,5.7141,2.778,2.222
5,pid_no_xte,5.536,5.7601,0.6453,3.715,-3.715,0.6453,0.0660,0.0193,5.7601,2.796,2.204
5,pid_no_xte,5.586,5.8104,0.6491,3.947,-3.947,0.6491,0.0669,0.0191,5.8104,2.803,2.197
5,pid_no_xte,5.636,5.8537,0.6523,4.115,-4.115,0.6523,0.0667,0.0170,5.8537,2.785,2.215
5,pid_no_xte,5.687,5.9092,0.6564,4.296,-4.296,0.6564,0.0681,0.0180,5.9092,2.800,2.200
5,pid_no_xte,5.737,5.9777,0.6614,4.480,-4.480,0.6614,0.0708,0.0213,5.9777,2.811,2.189
5,pid_no_xte,5.787,6.0430,0.6659,4.623,-4.623,0.6659,0.0726,0.0227,6.0430,2.802,2.198
5,pid_no_xte,5.838,6.1265,0.6713,4.767,-4.767,0.6713,0.0758,0.0264,6.1265,2.810,2.190
5,pid_no_xte,5.888,6.1808,0.6744,4.836,-4.836,0.6744,0.0745,0.0216,6.1808,2.782,2.218
5,pid_no_xte,5.939,6.2704,0.6794,4.905,-4.905,0.6794,0.0767,0.0236,6.2704,2.786,2.214
5,pid_no_xte,5.989,6.3826,0.6868,4.922,-4.922,0.6868,0.0832,0.0332,6.3826,2.765,2.235
5,pid_no_xte,6.039,6.4549,0.6932,4.884,-4.884,0.6932,0.0871,0.0373,6.4549,2.740,2.260
5,pid_no_xte,6.089,6.5402,0.7030,4.761,-4.761,0.7030,0.0971,0.0520,6.5402,2.698,2.302
5,pid_no_xte,6.140,6.6080,0.7133,4.558,-4.558,0.7133,0.1068,0.0649,6.6080,2.654,2.346
5,pid_no_xte,6.190,6.6452,0.7204,4.377,-4.377,0.7204,0.1099,0.0647,6.6452,2.654,2.346
5,pid_no_xte,6.241,6.6948,0.7332,4.008,-4.008,0.7332,0.1232,0.0829,6.6948,2.556,2.444
5,pid_no_xte,6.291,6.7209,0.7427,3.727,-3.727,0.7427,0.1292,0.0862,6.7209,2.578,2.422
5,pid_no_xte,6.341,6.7474,0.7547,3.371,-3.371,0.7547,0.1392,0.0965,6.7474,2.528,2.472
5,pid_no_xte,6.391,6.7756,0.7691,2.948,-2.948,0.7691,0.1526,0.1120,6.7756,2.478,2.522
5,pid_no_xte,6.442,6.7960,0.7797,2.643,-2.643,0.7797,0.1579,0.1115,6.7960,2.511,2.489
5,pid_no_xte,6.492,6.8269,0.7953,2.206,-2.206,0.7953,0.1718,0.1265,6.8269,2.434,2.566
5,pid_no_xte,6.542,6.8560,0.8093,1.828,-1.828,0.8093,0.1815,0.1326,6.8560,2.439,2.561
5,pid_no_xte,6.593,6.8805,0.8207,1.531,-1.531,0.8207,0.1856,0.1279,6.8805,2.456,2.544
5,pid_no_xte,6.643,6.9174,0.8368,1.125,-1.125,0.8368,0.1980,0.1388,6.9174,2.390,2.610
5,pid_no_xte,6.693,6.9420,0.8467,0.891,-0.891,0.8467,0.1978,0.1257,6.9420,2.449,2.551
5,pid_no_xte,6.744,6.9795,0.8595,0.615,-0.615,0.8595,0.2030,0.1236,6.9795,2.417,2.583
5,pid_no_xte,6.794,7.0134,0.8684,0.456,-0.456,0.8684,0.2007,0.1081,7.0134,2.458,2.542
5,pid_no_xte,6.844,7.0520,0.8757,0.362,-0.362,0.8757,0.1955,0.0889,7.0520,2.480,2.520
5,pid_no_xte,6.895,7.0866,0.8799,0.334,-0.334,0.8799,0.1853,0.0621,7.0866,2.506,2.494
5,pid_no_xte,6.945,7.1171,0.8824,0.342,-0.342,0.8824,0.1729,0.0339,7.1171,2.521,2.479
5,pid_no_xte,6.995,7.1700,0.8854,0.407,-0.407,0.8854,0.1625,0.0120,7.1700,2.548,2.452
5,pid_no_xte,7.046,7.2160,0.8875,0.502,-0.502,0.8875,0.1513,-0.0095,7.2160,2.566,2.434
5,pid_no_xte,7.096,7.2661,0.8894,0.631,-0.631,0.8894,0.1410,-0.0273,7.2661,2.587,2.413
5,pid_no_xte,7.147,7.3190,0.8913,0.783,-0.783,0.8913,0.1314,-0.0422,7.3190,2.604,2.396
5,pid_no_xte,7.198,7.3536,0.8924,0.889,-0.889,0.8924,0.1213,-0.0567,7.3536,2.590,2.410
5,pid_no_xte,7.248,7.4248,0.8943,1.119,-1.119,0.8943,0.1138,-0.0652,7.4248,2.654,2.346
5,pid_no_xte,7.298,7.4737,0.8957,1.284,-1.284,0.8957,0.1058,-0.0737,7.4737,2.636,2.364
5,pid_no_xte,7.348,7.5483,0.8978,1.539,-1.539,0.8978,0.0999,-0.0777,7.5483,2.687,2.313
5,pid_no_xte,7.399,7.5990,0.8991,1.706,-1.706,0.8991,0.0932,-0.0828,7.5990,2.659,2.341
5,pid_no_xte,7.449,7.6775,0.9008,1.939,-1.939,0.9008,0.0879,-0.0849,7.6775,2.698,2.302
5,pid_no_xte,7.499,7.7409,0.9018,2.093,-2.093,0.9018,0.0815,-0.0887,7.7409,2.674,2.326
5,pid_no_xte,7.550,7.8162,0.9021,2.215,-2.215,0.9021,0.0746,-0.0932,7.8162,2.667,2.333
5,pid_no_xte,7.600,7.8724,0.9020,2.249,-2.249,0.9020,0.0677,-0.0972,7.8724,2.632,2.368
5,pid_no_xte,7.650,7.9629,0.9027,2.185,-2.185,0.9027,0.0628,-0.0973,7.9629,2.588,2.412
5,pid_no_xte,7.700,8.0223,0.9043,2.059,-2.059,0.9043,0.0600,-0.0934,8.0223,2.555,2.445
5,pid_no_xte,7.751,8.0835,0.9071,1.855,-1.855,0.9071,0.0596,-0.0857,8.0835,2.513,2.487
5,pid_no_xte,7.801,8.1482,0.9111,1.550,-1.550,0.9111,0.0613,-0.0747,8.1482,2.454,2.546
5,pid_no_xte,7.851,8.2120,0.9158,1.140,-1.140,0.9158,0.0644,-0.0623,8.2120,2.389,2.611
5,pid_no_xte,7.902,8.2504,0.9189,0.833,-0.833,0.9189,0.0640,-0.0572,8.2504,2.416,2.584
5,pid_no_xte,7.952,8.2919,0.9220,0.454,-0.454,0.9220,0.0638,-0.0523,8.2919,2.366,2.634
5,pid_no_xte,8.002,8.3366,0.9245,0.016,-0.016,0.9245,0.0626,-0.0499,8.3366,2.319,2.681
5,pid_no_xte,8.053,8.3618,0.9253,-0.229,0.229,0.9253,0.0582,-0.0532,8.3618,2.386,2.614
5,pid_no_xte,8.103,8.4129,0.9251,-0.693,0.693,0.9251,0.0525,-0.0587,8.4129,2.271,2.729
5,pid_no_xte,8.153,8.4648,0.9228,-1.091,1.091,0.9228,0.0437,-0.0694,8.4648,2.277,2.723
5,pid_no_xte,8.204,8.5107,0.9198,-1.380,1.380,0.9198,0.0341,-0.0804,8.5107,2.307,2.693
5,pid_no_xte,8.254,8.5419,0.9175,-1.546,1.546,0.9175,0.0268,-0.0863,8.5419,2.350,2.650
5,pid_no_xte,8.304,8.5890,0.9141,-1.758,1.758,0.9141,0.0183,-0.0940,8.5890,2.320,2.680
5,pid_no_xte,8.354,8.6373,0.9111,-1.939,1.939,0.9111,0.0112,-0.0983,8.6373,2.323,2.677
5,pid_no_xte,8.405,8.6897,0.9084,-2.105,2.105,0.9084,0.0053,-0.1000,8.6897,2.321,2.679
5,pid_no_xte,8.456,8.7527,0.9056,-2.276,2.276,0.9056,-0.0003,-0.1009,8.7527,2.310,2.690
5,pid_no_xte,8.506,8.8167,0.9028,-2.431,2.431,0.9028,-0.0054,-0.1011,8.8167,2.308,2.692
5,pid_no_xte,8.556,8.8979,0.8990,-2.623,2.623,0.8990,-0.0119,-0.1035,8.8979,2.283,2.717
5,pid_no_xte,8.606,8.9582,0.8960,-2.769,2.769,0.8960,-0.0162,-0.1019,8.9582,2.294,2.706
5,pid_no_xte,8.657,9.0494,0.8914,-3.001,3.001,0.8914,-0.0231,-0.1051,9.0494,2.246,2.754
5,pid_no_xte,8.707,9.1251,0.8876,-3.206,3.206,0.8876,-0.0279,-0.1042,9.1251,2.247,2.753
5,pid_no_xte,8.757,9.2247,0.8826,-3.464,3.464,0.8826,-0.0345,-0.1067,9.2247,2.211,2.789
5,pid_no_xte,8.808,9.3239,0.8772,-3.693,3.693,0.8772,-0.0410,-0.1089,9.3239,2.211,2.789
5,pid_no_xte,8.858,9.3831,0.8738,-3.812,3.812,0.8738,-0.0435,-0.1033,9.3831,2.251,2.749
5,pid_no_xte,8.908,9.4742,0.8683,-3.967,3.967,0.8683,-0.0495,-0.1048,9.4742,2.228,2.772
5,pid_no_xte,8.958,9.5468,0.8637,-4.066,4.066,0.8637,-0.0534,-0.1024,9.5468,2.246,2.754
5,pid_no_xte,9.009,9.6171,0.8591,-4.142,4.142,0.8591,-0.0569,-0.0993,9.6171,2.251,2.749
5,pid_no_xte,9.059,9.6665,0.8565,-4.181,4.181,0.8565,-0.0564,-0.0893,9.6665,2.265,2.735
5,pid_no_xte,9.109,9.7077,0.8556,-4.196,4.196,0.8556,-0.0529,-0.0749,9.7077,2.274,2.726
5,pid_no_xte,9.160,9.7374,0.8561,-4.193,4.193,0.8561,-0.0472,-0.0576,9.7374,2.282,2.718
5,pid_no_xte,9.210,9.7796,0.8587,-4.163,4.163,0.8587,-0.0380,-0.0357,9.7796,2.294,2.706
5,pid_no_xte,9.260,9.8156,0.8628,-4.109,4.109,0.8628,-0.0272,-0.0128,9.8156,2.307,2.693
5,pid_no_xte,9.310,9.8470,0.8673,-4.036,4.036,0.8673,-0.0166,0.0077,9.8470,2.319,2.681
5,pid_no_xte,9.361,9.8736,0.8715,-3.954,3.954,0.8715,-0.0074,0.0236,9.8736,2.327,2.673
5,pid_no_xte,9.411,9.9063,0.8765,-3.829,3.829,0.8765,0.0023,0.0392,9.9063,2.351,2.649
5,pid_no_xte,9.462,9.9424,0.8812,-3.665,3.665,0.8812,0.0108,0.0510,9.9424,2.376,2.624
5,pid_no_xte,9.512,9.9714,0.8842,-3.523,3.523,0.8842,0.0151,0.0542,9.9714,2.375,2.625
5,pid_no_xte,9.562,10.0016,0.8863,-3.371,3.371,0.8863,0.0176,0.0537,10.0016,2.387,2.613
5,pid_no_xte,9.613,10.0399,0.8879,-3.175,3.175,0.8879,0.0190,0.0513,10.0399,2.415,2.585
5,pid_no_xte,9.664,10.0655,0.8886,-3.045,3.045,0.8886,0.0184,0.0456,10.0655,2.394,2.606
5,pid_no_xte,9.714,10.0933,0.8891,-2.905,2.905,0.8891,0.0177,0.0400,10.0933,2.406,2.594
5,pid_no_xte,9.764,10.1411,0.8897,-2.664,2.664,0.8897,0.0172,0.0354,10.1411,2.461,2.539
5,pid_no_xte,9.815,10.1992,0.8904,-2.375,2.375,0.8904,0.0169,0.0318,10.1992,2.496,2.504
5,pid_no_xte,9.865,10.2287,0.8908,-2.231,2.231,0.8908,0.0160,0.0273,10.2287,2.443,2.557
5,pid_no_xte,9.915,10.2910,0.8915,-1.934,1.934,0.8915,0.0157,0.0242,10.2910,2.522,2.478
5,pid_no_xte,9.966,10.3691,0.8918,-1.566,1.566,0.8918,0.0150,0.0206,10.3691,2.571,2.429
5,pid_no_xte,10.016,10.4253,0.8918,-1.296,1.296,0.8918,0.0135,0.0161,10.4253,2.545,2.455
5,pid_no_xte,10.066,10.5016,0.8914,-0.925,0.925,0.8914,0.0117,0.0112,10.5016,2.606,2.394
5,pid_no_xte,10.117,10.5823,0.8905,-0.530,0.530,0.8905,0.0089,0.0052,10.5823,2.636,2.364
5,pid_no_xte,10.167,10.6873,0.8881,-0.048,0.048,0.8881,0.0036,-0.0048,10.6873,2.699,2.301
5,pid_no_xte,10.217,10.7412,0.8869,0.176,-0.176,0.8869,0.0013,-0.0087,10.7412,2.603,2.397
5,pid_no_xte,10.267,10.8446,0.8863,0.566,-0.566,0.8863,-0.0001,-0.0103,10.8446,2.692,2.308
5,pid_no_xte,10.318,10.9463,0.8888,0.897,-0.897,0.8888,0.0045,-0.0010,10.9463,2.685,2.315
5,pid_no_xte,10.368,11.0469,0.8960,1.153,-1.153,0.8960,0.0171,0.0220,11.0469,2.667,2.333
5,pid_no_xte,10.418,11.1057,0.9028,1.251,-1.251,0.9028,0.0279,0.0395,11.1057,2.606,2.394
5,pid_no_xte,10.469,11.1588,0.9110,1.290,-1.290,0.9110,0.0404,0.0587,11.1588,2.584,2.416
5,pid_no_xte,10.519,11.2227,0.9254,1.244,-1.244,0.9254,0.0628,0.0939,11.2227,2.546,2.454
5,pid_no_xte,10.569,11.2601,0.9368,1.152,-1.152,0.9368,0.0778,0.1126,11.2601,2.522,2.478
5,pid_no_xte,10.620,11.3110,0.9563,0.933,-0.933,0.9563,0.1061,0.1538,11.3110,2.458,2.542
5,pid_no_xte,10.670,11.3423,0.9699,0.749,-0.749,0.9699,0.1211,0.1669,11.3423,2.463,2.537
5,pid_no_xte,10.720,11.3884,0.9902,0.438,-0.438,0.9902,0.1469,0.1986,11.3884,2.393,2.607
5,pid_no_xte,10.771,11.4206,1.0038,0.208,-0.208,1.0038,0.1583,0.2011,11.4206,2.415,2.585
5,pid_no_xte,10.821,11.4711,1.0233,-0.148,0.148,1.0233,0.1792,0.2207,11.4711,2.344,2.656
5,pid_no_xte,10.871,11.5062,1.0352,-0.382,0.382,1.0352,0.1846,0.2103,11.5062,2.382,2.618
5,pid_no_xte,10.921,11.5614,1.0511,-0.703,0.703,1.0511,0.1965,0.2127,11.5614,2.330,2.670
5,pid_no_xte,10.972,11.6002,1.0599,-0.882,0.882,1.0599,0.1946,0.1898,11.6002,2.379,2.621
5,pid_no_xte,11.022,11.6614,1.0704,-1.082,1.082,1.0704,0.1959,0.1750,11.6614,2.360,2.640
5,pid_no_xte,11.072,11.7056,1.0759,-1.170,1.170,1.0759,0.1879,0.1444,11.7056,2.402,2.598
5,pid_no_xte,11.122,11.7721,1.0816,-1.230,1.230,1.0816,0.1813,0.1192,11.7721,2.410,2.590
5,pid_no_xte,11.173,11.8365,1.0858,-1.228,1.228,1.0858,0.1722,0.0919,11.8365,2.437,2.563
5,pid_no_xte,11.223,11.9063,1.0895,-1.184,1.184,1.0895,0.1632,0.0671,11.9063,2.456,2.544
5,pid_no_xte,11.274,11.9559,1.0919,-1.137,1.137,1.0919,0.1526,0.0416,11.9559,2.460,2.540
5,pid_no_xte,11.324,12.0426,1.0956,-1.036,1.036,1.0956,0.1454,0.0247,12.0426,2.488,2.512
5,pid_no_xte,11.374,12.1203,1.0983,-0.929,0.929,1.0983,0.1370,0.0072,12.1203,2.496,2.504
5,pid_no_xte,11.424,12.1899,1.1001,-0.819,0.819,1.1001,0.1277,-0.0103,12.1899,2.503,2.497
5,pid_no_xte,11.475,12.2322,1.1009,-0.746,0.746,1.1009,0.1176,-0.0277,12.2322,2.492,2.508
5,pid_no_xte,11.525,12.2941,1.1023,-0.627,0.627,1.1023,0.1093,-0.0402,12.2941,2.517,2.483
5,pid_no_xte,11.575,12.3298,1.1034,-0.552,0.552,1.1034,0.1013,-0.0511,12.3298,2.502,2.498
5,pid_no_xte,11.625,12.3726,1.1051,-0.461,0.461,1.1051,0.0951,-0.0577,12.3726,2.514,2.486
5,pid_no_xte,11.676,12.4155,1.1071,-0.369,0.369,1.1071,0.0901,-0.0615,12.4155,2.519,2.481
5,pid_no_xte,11.726,12.4567,1.1093,-0.280,0.280,1.1093,0.0858,-0.0637,12.4567,2.522,2.478
5,pid_no_xte,11.777,12.4953,1.1113,-0.194,0.194,1.1113,0.0816,-0.0655,12.4953,2.525,2.475
5,pid_no_xte,11.827,12.5372,1.1133,-0.097,0.097,1.1133,0.0778,-0.0664,12.5372,2.535,2.465
5,pid_no_xte,11.877,12.5683,1.1146,-0.020,0.020,1.1146,0.0730,-0.0690,12.5683,2.531,2.469
5,pid_no_xte,11.928,12.6167,1.1161,0.103,-0.103,1.1161,0.0692,-0.0697,12.6167,2.557,2.443
5,pid_no_xte,11.978,12.6579,1.1171,0.211,-0.211,1.1171,0.0646,-0.0717,12.6579,2.556,2.444
5,pid_no_xte,12.028,12.7050,1.1178,0.333,-0.333,1.1178,0.0600,-0.0735,12.7050,2.568,2.432
5,pid_no_xte,12.078,12.7616,1.1184,0.475,-0.475,1.1184,0.0556,-0.0747,12.7616,2.584,2.416
5,pid_no_xte,12.129,12.8019,1.1188,0.572,-0.572,1.1188,0.0513,-0.0757,12.8019,2.571,2.429
5,pid_no_xte,12.179,12.8490,1.1194,0.683,-0.683,1.1194,0.0477,-0.0754,12.8490,2.582,2.418
5,pid_no_xte,12.229,12.9020,1.1201,0.801,-0.801,1.1201,0.0446,-0.0741,12.9020,2.592,2.408
5,pid_no_xte,12.279,12.9738,1.1210,0.949,-0.949,1.1210,0.0422,-0.0718,12.9738,2.611,2.389
5,pid_no_xte,12.330,13.0580,1.1217,1.107,-1.107,1.1217,0.0396,-0.0700,13.0580,2.624,2.376
5,pid_no_xte,12.380,13.0994,1.1218,1.181,-1.181,1.1218,0.0362,-0.0697,13.0994,2.593,2.407
5,pid_no_xte,12.430,13.1883,1.1217,1.329,-1.329,1.1217,0.0325,-0.0700,13.1883,2.631,2.369
5,pid_no_xte,12.481,13.2757,1.1203,1.461,-1.461,1.1203,0.0271,-0.0735,13.2757,2.632,2.368
5,pid_no_xte,12.531,13.3882,1.1175,1.596,-1.596,1.1175,0.0195,-0.0805,13.3882,2.639,2.361
5,pid_no_xte,12.581,13.5118,1.1143,1.693,-1.693,1.1143,0.0119,-0.0869,13.5118,2.629,2.371
5,pid_no_xte,12.632,13.5853,1.1129,1.726,-1.726,1.1129,0.0084,-0.0855,13.5853,2.604,2.396
5,pid_no_xte,12.682,13.6916,1.1123,1.731,-1.731,1.1123,0.0064,-0.0811,13.6916,2.593,2.407
5,pid_no_xte,12.732,13.8101,1.1150,1.635,-1.635,1.1150,0.0107,-0.0659,13.8101,2.545,2.455
5,pid_no_xte,12.782,13.8805,1.1184,1.494,-1.494,1.1184,0.0160,-0.0504,13.8805,2.520,2.480
5,pid_no_xte,12.833,13.9665,1.1251,1.183,-1.183,1.1251,0.0267,-0.0263,13.9665,2.432,2.568
5,pid_no_xte,12.883,14.0285,1.1326,0.820,-0.820,1.1326,0.0378,-0.0037,14.0285,2.392,2.608
5,pid_no_xte,12.933,14.0802,1.1405,0.420,-0.420,1.1405,0.0488,0.0166,14.0802,2.356,2.644
5,pid_no_xte,12.984,14.1126,1.1459,0.137,-0.137,1.1459,0.0540,0.0246,14.1126,2.389,2.611
5,pid_no_xte,13.034,14.1650,1.1539,-0.340,0.340,1.1539,0.0637,0.0399,14.1650,2.284,2.716
5,pid_no_xte,13.084,14.2160,1.1593,-0.787,0.787,1.1593,0.0677,0.0436,14.2160,2.273,2.727
5,pid_no_xte,13.135,14.2488,1.1609,-1.043,1.043,1.1609,0.0644,0.0335,14.2488,2.339,2.661
5,pid_no_xte,13.185,14.2974,1.1604,-1.362,1.362,1.1604,0.0577,0.0183,14.2974,2.296,2.704
5,pid_no_xte,13.235,14.3407,1.1584,-1.590,1.590,1.1584,0.0487,0.0003,14.3407,2.322,2.678
5,pid_no_xte,13.286,14.3879,1.1553,-1.788,1.788,1.1553,0.0386,-0.0181,14.3879,2.324,2.676
5,pid_no_xte,13.336,14.4164,1.1532,-1.885,1.885,1.1532,0.0312,-0.0298,14.4164,2.361,2.639
5,pid_no_xte,13.386,14.4681,1.1492,-2.028,2.028,1.1492,0.0212,-0.0453,14.4681,2.334,2.666
5,pid_no_xte,13.436,14.5110,1.1461,-2.123,2.123,1.1461,0.0136,-0.0550,14.5110,2.349,2.651
5,pid_no_xte,13.487,14.5592,1.1430,-2.213,2.213,1.1430,0.0066,-0.0626,14.5592,2.347,2.653
5,pid_no_xte,13.537,14.5949,1.1410,-2.274,2.274,1.1410,0.0025,-0.0645,14.5949,2.356,2.644
5,pid_no_xte,13.587,14.6463,1.1388,-2.358,2.358,1.1388,-0.0018,-0.0663,14.6463,2.341,2.659
5,pid_no_xte,13.637,14.6883,1.1377,-2.434,2.434,1.1377,-0.0036,-0.0636,14.6883,2.341,2.659
5,pid_no_xte,13.688,14.7364,1.1377,-2.543,2.543,1.1377,-0.0033,-0.0572,14.7364,2.321,2.679
5,pid_no_xte,13.738,14.7894,1.1395,-2.705,2.705,1.1395,0.0004,-0.0452,14.7894,2.291,2.709
5,pid_no_xte,13.788,14.8249,1.1417,-2.841,2.841,1.1417,0.0042,-0.0342,14.8249,2.295,2.705
5,pid_no_xte,13.839,14.8795,1.1455,-3.086,3.086,1.1455,0.0107,-0.0192,14.8795,2.237,2.763
5,pid_no_xte,13.889,14.9182,1.1481,-3.279,3.279,1.1481,0.0146,-0.0105,14.9182,2.248,2.752
5,pid_no_xte,13.939,14.9732,1.1512,-3.570,3.570,1.1512,0.0189,-0.0017,14.9732,2.192,2.808
5,pid_no_xte,13.990,15.0226,1.1530,-3.830,3.830,1.1530,0.0203,0.0011,15.0226,2.192,2.808
5,pid_no_xte,14.041,15.0711,1.1536,-4.068,4.068,1.1536,0.0197,-0.0002,15.0711,2.189,2.811
5,pid_no_xte,14.091,15.1307,1.1532,-4.325,4.325,1.1532,0.0170,-0.0050,15.1307,2.167,2.833
5,pid_no_xte,14.141,15.1774,1.1519,-4.499,4.499,1.1519,0.0132,-0.0114,15.1774,2.192,2.808
5,pid_no_xte,14.192,15.2539,1.1489,-4.738,4.738,1.1489,0.0065,-0.0227,15.2539,2.152,2.848
5,pid_no_xte,14.242,15.3296,1.1451,-4.932,4.932,1.1451,-0.0010,-0.0341,15.3296,2.161,2.839
5,pid_no_xte,14.292,15.4330,1.1391,-5.141,5.141,1.1391,-0.0118,-0.0507,15.4330,2.144,2.856
5,pid_no_xte,14.343,15.5068,1.1343,-5.254,5.254,1.1343,-0.0195,-0.0601,15.5068,2.178,2.822
5,pid_no_xte,14.393,15.6243,1.1256,-5.377,5.377,1.1256,-0.0335,-0.0799,15.6243,2.167,2.833
5,pid_no_xte,14.443,15.7245,1.1171,-5.432,5.432,1.1171,-0.0458,-0.0949,15.7245,2.193,2.807
5,pid_no_xte,14.494,15.8369,1.1058,-5.467,5.467,1.1058,-0.0622,-0.1162,15.8369,2.200,2.800
5,pid_no_xte,14.544,15.9230,1.0964,-5.502,5.502,1.0964,-0.0737,-0.1263,15.9230,2.197,2.803
5,pid_no_xte,14.594,16.0256,1.0857,-5.564,5.564,1.0857,-0.0862,-0.1376,16.0256,2.183,2.817
5,pid_no_xte,14.645,16.1459,1.0751,-5.674,5.674,1.0751,-0.0977,-0.1458,16.1459,2.157,2.843
5,pid_no_xte,14.695,16.2378,1.0693,-5.815,5.815,1.0693,-0.0992,-0.1353,16.2378,2.137,2.863
5,pid_no_xte,14.745,16.2929,1.0675,-5.959,5.959,1.0675,-0.0936,-0.1127,16.2929,2.128,2.872
5,pid_no_xte,14.795,16.3730,1.0690,-6.327,6.327,1.0690,-0.0822,-0.0817,16.3730,2.015,2.985
5,pid_no_xte,14.846,16.4288,1.0767,-6.765,6.765,1.0767,-0.0606,-0.0351,16.4288,1.963,3.037
5,pid_no_xte,14.896,16.4519,1.0825,-7.004,7.004,1.0825,-0.0446,-0.0026,16.4519,2.033,2.967
5,pid_no_xte,14.946,16.4962,1.0979,-7.552,7.552,1.0979,-0.0126,0.0557,16.4962,1.877,3.123
5,pid_no_xte,14.997,16.5418,1.1154,-8.163,8.163,1.1154,0.0204,0.1106,16.5418,1.818,3.182
5,pid_no_xte,15.047,16.5630,1.1228,-8.435,8.435,1.1228,0.0320,0.1215,16.5630,1.945,3.055
5,pid_no_xte,15.097,16.6080,1.1361,-8.971,8.971,1.1361,0.0532,0.1490,16.6080,1.807,3.193
5,pid_no_xte,15.147,16.6561,1.1470,-9.488,9.488,1.1470,0.0682,0.1626,16.6561,1.788,3.212
5,pid_no_xte,15.198,16.6993,1.1543,-9.901,9.901,1.1543,0.0752,0.1604,16.6993,1.810,3.190
5,pid_no_xte,15.248,16.7568,1.1610,-10.377,10.377,1.1610,0.0804,0.1552,16.7568,1.758,3.242
5,pid_no_xte,15.298,16.8003,1.1643,-10.682,10.682,1.1643,0.0790,0.1386,16.8003,1.814,3.186
5,pid_no_xte,15.349,16.8649,1.1671,-11.051,11.051,1.1671,0.0770,0.1221,16.8649,1.768,3.232
5,pid_no_xte,15.399,16.9181,1.1680,-11.287,11.287,1.1680,0.0716,0.1012,16.9181,1.811,3.189
5,pid_no_xte,15.449,16.9639,1.1680,-11.447,11.447,1.1680,0.0650,0.0800,16.9639,1.834,3.166
5,pid_no_xte,15.500,17.0430,1.1663,-11.643,11.643,1.1663,0.0560,0.0563,17.0430,1.809,3.191
5,pid_no_xte,15.550,17.1210,1.1619,-11.731,11.731,1.1619,0.0429,0.0274,17.1210,1.849,3.151
5,pid_no_xte,15.600,17.1833,1.1558,-11.715,11.715,1.1558,0.0279,-0.0024,17.1833,1.894,3.106
5,pid_no_xte,15.651,17.2210,1.1508,-11.662,11.662,1.1508,0.0163,-0.0233,17.2210,1.912,3.088
5,pid_no_xte,15.701,17.2879,1.1399,-11.481,11.481,1.1399,-0.0051,-0.0601,17.2879,1.974,3.026
5,pid_no_xte,15.751,17.3308,1.1317,-11.308,11.308,1.1317,-0.0194,-0.0806,17.3308,1.980,3.020
5,pid_no_xte,15.802,17.3882,1.1205,-11.014,11.014,1.1205,-0.0381,-0.1072,17.3882,2.045,2.955
5,pid_no_xte,15.852,17.4247,1.1135,-10.796,10.796,1.1135,-0.0473,-0.1140,17.4247,2.026,2.974
5,pid_no_xte,15.902,17.4758,1.1047,-10.457,10.457,1.1047,-0.0590,-0.1249,17.4758,2.094,2.906
5,pid_no_xte,15.953,17.5147,1.0992,-10.182,10.182,1.0992,-0.0636,-0.1218,17.5147,2.081,2.919
5,pid_no_xte,16.003,17.5395,1.0964,-10.003,10.003,1.0964,-0.0628,-0.1092,17.5395,2.050,2.950
5,pid_no_xte,16.053,17.5781,1.0934,-9.722,9.722,1.0934,-0.0625,-0.0986,17.5781,2.108,2.892
5,pid_no_xte,16.104,17.6156,1.0919,-9.453,9.453,1.0919,-0.0595,-0.0842,17.6156,2.117,2.883
5,pid_no_xte,16.154,17.6618,1.0914,-9.121,9.121,1.0914,-0.0550,-0.0682,17.6618,2.161,2.839
5,pid_no_xte,16.205,17.6909,1.0915,-8.906,8.906,1.0915,-0.0498,-0.0527,17.6909,2.123,2.877
5,pid_no_xte,16.255,17.7354,1.0912,-8.571,8.571,1.0912,-0.0457,-0.0404,17.7354,2.191,2.809
5,pid_no_xte,16.305,17.7705,1.0902,-8.296,8.296,1.0902,-0.0433,-0.0323,17.7705,2.180,2.820
5,pid_no_xte,16.356,17.8131,1.0878,-7.946,7.946,1.0878,-0.0439,-0.0303,17.8131,2.229,2.771
5,pid_no_xte,16.406,17.8443,1.0850,-7.680,7.680,1.0850,-0.0448,-0.0292,17.8443,2.208,2.792
5,pid_no_xte,16.457,17.8852,1.0806,-7.322,7.322,1.0806,-0.0487,-0.0337,17.8852,2.265,2.735
5,pid_no_xte,16.507,17.9245,1.0759,-6.974,6.974,1.0759,-0.0528,-0.0381,17.9245,2.280,2.720
5,pid_no_xte,16.558,17.9749,1.0695,-6.519,6.519,1.0695,-0.0597,-0.0470,17.9749,2.348,2.652
5,pid_no_xte,16.608,18.0099,1.0649,-6.202,6.202,1.0649,-0.0625,-0.0479,18.0099,2.307,2.693
5,pid_no_xte,16.658,18.0639,1.0579,-5.713,5.713,1.0579,-0.0695,-0.0563,18.0639,2.404,2.596
5,pid_no_xte,16.709,18.0963,1.0539,-5.427,5.427,1.0539,-0.0705,-0.0529,18.0963,2.335,2.665
5,pid_no_xte,16.759,18.1482,1.0479,-4.994,4.994,1.0479,-0.0749,-0.0561,18.1482,2.419,2.581
5,pid_no_xte,16.809,18.2221,1.0401,-4.437,4.437,1.0401,-0.0823,-0.0643,18.2221,2.500,2.500
5,pid_no_xte,16.860,18.2781,1.0344,-4.059,4.059,1.0344,-0.0850,-0.0634,18.2781,2.445,2.555
5,pid_no_xte,16.910,18.3686,1.0251,-3.478,3.478,1.0251,-0.0941,-0.0740,18.3686,2.559,2.441
5,pid_no_xte,16.961,18.4437,1.0173,-3.017,3.017,1.0173,-0.0997,-0.0775,18.4437,2.533,2.467
5,pid_no_xte,17.011,18.5469,1.0059,-2.424,2.424,1.0059,-0.1113,-0.0915,18.5469,2.620,2.380
5,pid_no_xte,17.061,18.6232,0.9969,-2.030,2.030,0.9969,-0.1175,-0.0944,18.6232,2.558,2.442
5,pid_no_xte,17.112,18.7344,0.9848,-1.527,1.527,0.9848,-0.1286,-0.1059,18.7344,2.628,2.372
5,pid_no_xte,17.162,18.8359,0.9769,-1.129,1.129,0.9769,-0.1312,-0.1009,18.8359,2.607,2.393
5,pid_no_xte,17.212,18.9450,0.9743,-0.758,0.758,0.9743,-0.1239,-0.0784,18.9450,2.614,2.386
