<?xml version="1.0" encoding="utf-8"?>
<COLLADA xmlns="http://www.collada.org/2005/11/COLLADASchema" version="1.4.1">
  <asset>
    <up_axis>Z_UP</up_axis>
  </asset>
  <library_geometries>
    <geometry id="mesh_L60m_N32-mesh" name="mesh_L60m_N32">
      <mesh>
        <source id="mesh_L60m_N32-positions">
          <float_array id="mesh_L60m_N32-positions-array" count="3267">-30.000000 -30.000000 0.000000 -28.125000 -30.000000 0.000000 -26.250000 -30.000000 0.000000 -24.375000 -30.000000 0.000000 -22.500000 -30.000000 0.000000 -20.625000 -30.000000 0.000000 -18.750000 -30.000000 0.000000 -16.875000 -30.000000 0.000000 -15.000000 -30.000000 0.000000 -13.125000 -30.000000 0.000000 -11.250000 -30.000000 0.000000 -9.375000 -30.000000 0.000000 -7.500000 -30.000000 0.000000 -5.625000 -30.000000 0.000000 -3.750000 -30.000000 0.000000 -1.875000 -30.000000 0.000000 0.000000 -30.000000 0.000000 1.875000 -30.000000 0.000000 3.750000 -30.000000 0.000000 5.625000 -30.000000 0.000000 7.500000 -30.000000 0.000000 9.375000 -30.000000 0.000000 11.250000 -30.000000 0.000000 13.125000 -30.000000 0.000000 15.000000 -30.000000 0.000000 16.875000 -30.000000 0.000000 18.750000 -30.000000 0.000000 20.625000 -30.000000 0.000000 22.500000 -30.000000 0.000000 24.375000 -30.000000 0.000000 26.250000 -30.000000 0.000000 28.125000 -30.000000 0.000000 30.000000 -30.000000 0.000000 -30.000000 -28.125000 0.000000 -28.125000 -28.125000 0.000000 -26.250000 -28.125000 0.000000 -24.375000 -28.125000 0.000000 -22.500000 -28.125000 0.000000 -20.625000 -28.125000 0.000000 -18.750000 -28.125000 0.000000 -16.875000 -28.125000 0.000000 -15.000000 -28.125000 0.000000 -13.125000 -28.125000 0.000000 -11.250000 -28.125000 0.000000 -9.375000 -28.125000 0.000000 -7.500000 -28.125000 0.000000 -5.625000 -28.125000 0.000000 -3.750000 -28.125000 0.000000 -1.875000 -28.125000 0.000000 0.000000 -28.125000 0.000000 1.875000 -28.125000 0.000000 3.750000 -28.125000 0.000000 5.625000 -28.125000 0.000000 7.500000 -28.125000 0.000000 9.375000 -28.125000 0.000000 11.250000 -28.125000 0.000000 13.125000 -28.125000 0.000000 15.000000 -28.125000 0.000000 16.875000 -28.125000 0.000000 18.750000 -28.125000 0.000000 20.625000 -28.125000 0.000000 22.500000 -28.125000 0.000000 24.375000 -28.125000 0.000000 26.250000 -28.125000 0.000000 28.125000 -28.125000 0.000000 30.000000 -28.125000 0.000000 -30.000000 -26.250000 0.000000 -28.125000 -26.250000 0.000000 -26.250000 -26.250000 0.000000 -24.375000 -26.250000 0.000000 -22.500000 -26.250000 0.000000 -20.625000 -26.250000 0.000000 -18.750000 -26.250000 0.000000 -16.875000 -26.250000 0.000000 -15.000000 -26.250000 0.000000 -13.125000 -26.250000 0.000000 -11.250000 -26.250000 0.000000 -9.375000 -26.250000 0.000000 -7.500000 -26.250000 0.000000 -5.625000 -26.250000 0.000000 -3.750000 -26.250000 0.000000 -1.875000 -26.250000 0.000000 0.000000 -26.250000 0.000000 1.875000 -26.250000 0.000000 3.750000 -26.250000 0.000000 5.625000 -26.250000 0.000000 7.500000 -26.250000 0.000000 9.375000 -26.250000 0.000000 11.250000 -26.250000 0.000000 13.125000 -26.250000 0.000000 15.000000 -26.250000 0.000000 16.875000 -26.250000 0.000000 18.750000 -26.250000 0.000000 20.625000 -26.250000 0.000000 22.500000 -26.250000 0.000000 24.375000 -26.250000 0.000000 26.250000 -26.250000 0.000000 28.125000 -26.250000 0.000000 30.000000 -26.250000 0.000000 -30.000000 -24.375000 0.000000 -28.125000 -24.375000 0.000000 -26.250000 -24.375000 0.000000 -24.375000 -24.375000 0.000000 -22.500000 -24.375000 0.000000 -20.625000 -24.375000 0.000000 -18.750000 -24.375000 0.000000 -16.875000 -24.375000 0.000000 -15.000000 -24.375000 0.000000 -13.125000 -24.375000 0.000000 -11.250000 -24.375000 0.000000 -9.375000 -24.375000 0.000000 -7.500000 -24.375000 0.000000 -5.625000 -24.375000 0.000000 -3.750000 -24.375000 0.000000 -1.875000 -24.375000 0.000000 0.000000 -24.375000 0.000000 1.875000 -24.375000 0.000000 3.750000 -24.375000 0.000000 5.625000 -24.375000 0.000000 7.500000 -24.375000 0.000000 9.375000 -24.375000 0.000000 11.250000 -24.375000 0.000000 13.125000 -24.375000 0.000000 15.000000 -24.375000 0.000000 16.875000 -24.375000 0.000000 18.750000 -24.375000 0.000000 20.625000 -24.375000 0.000000 22.500000 -24.375000 0.000000 24.375000 -24.375000 0.000000 26.250000 -24.375000 0.000000 28.125000 -24.375000 0.000000 30.000000 -24.375000 0.000000 -30.000000 -22.500000 0.000000 -28.125000 -22.500000 0.000000 -26.250000 -22.500000 0.000000 -24.375000 -22.500000 0.000000 -22.500000 -22.500000 0.000000 -20.625000 -22.500000 0.000000 -18.750000 -22.500000 0.000000 -16.875000 -22.500000 0.000000 -15.000000 -22.500000 0.000000 -13.125000 -22.500000 0.000000 -11.250000 -22.500000 0.000000 -9.375000 -22.500000 0.000000 -7.500000 -22.500000 0.000000 -5.625000 -22.500000 0.000000 -3.750000 -22.500000 0.000000 -1.875000 -22.500000 0.000000 0.000000 -22.500000 0.000000 1.875000 -22.500000 0.000000 3.750000 -22.500000 0.000000 5.625000 -22.500000 0.000000 7.500000 -22.500000 0.000000 9.375000 -22.500000 0.000000 11.250000 -22.500000 0.000000 13.125000 -22.500000 0.000000 15.000000 -22.500000 0.000000 16.875000 -22.500000 0.000000 18.750000 -22.500000 0.000000 20.625000 -22.500000 0.000000 22.500000 -22.500000 0.000000 24.375000 -22.500000 0.000000 26.250000 -22.500000 0.000000 28.125000 -22.500000 0.000000 30.000000 -22.500000 0.000000 -30.000000 -20.625000 0.000000 -28.125000 -20.625000 0.000000 -26.250000 -20.625000 0.000000 -24.375000 -20.625000 0.000000 -22.500000 -20.625000 0.000000 -20.625000 -20.625000 0.000000 -18.750000 -20.625000 0.000000 -16.875000 -20.625000 0.000000 -15.000000 -20.625000 0.000000 -13.125000 -20.625000 0.000000 -11.250000 -20.625000 0.000000 -9.375000 -20.625000 0.000000 -7.500000 -20.625000 0.000000 -5.625000 -20.625000 0.000000 -3.750000 -20.625000 0.000000 -1.875000 -20.625000 0.000000 0.000000 -20.625000 0.000000 1.875000 -20.625000 0.000000 3.750000 -20.625000 0.000000 5.625000 -20.625000 0.000000 7.500000 -20.625000 0.000000 9.375000 -20.625000 0.000000 11.250000 -20.625000 0.000000 13.125000 -20.625000 0.000000 15.000000 -20.625000 0.000000 16.875000 -20.625000 0.000000 18.750000 -20.625000 0.000000 20.625000 -20.625000 0.000000 22.500000 -20.625000 0.000000 24.375000 -20.625000 0.000000 26.250000 -20.625000 0.000000 28.125000 -20.625000 0.000000 30.000000 -20.625000 0.000000 -30.000000 -18.750000 0.000000 -28.125000 -18.750000 0.000000 -26.250000 -18.750000 0.000000 -24.375000 -18.750000 0.000000 -22.500000 -18.750000 0.000000 -20.625000 -18.750000 0.000000 -18.750000 -18.750000 0.000000 -16.875000 -18.750000 0.000000 -15.000000 -18.750000 0.000000 -13.125000 -18.750000 0.000000 -11.250000 -18.750000 0.000000 -9.375000 -18.750000 0.000000 -7.500000 -18.750000 0.000000 -5.625000 -18.750000 0.000000 -3.750000 -18.750000 0.000000 -1.875000 -18.750000 0.000000 0.000000 -18.750000 0.000000 1.875000 -18.750000 0.000000 3.750000 -18.750000 0.000000 5.625000 -18.750000 0.000000 7.500000 -18.750000 0.000000 9.375000 -18.750000 0.000000 11.250000 -18.750000 0.000000 13.125000 -18.750000 0.000000 15.000000 -18.750000 0.000000 16.875000 -18.750000 0.000000 18.750000 -18.750000 0.000000 20.625000 -18.750000 0.000000 22.500000 -18.750000 0.000000 24.375000 -18.750000 0.000000 26.250000 -18.750000 0.000000 28.125000 -18.750000 0.000000 30.000000 -18.750000 0.000000 -30.000000 -16.875000 0.000000 -28.125000 -16.875000 0.000000 -26.250000 -16.875000 0.000000 -24.375000 -16.875000 0.000000 -22.500000 -16.875000 0.000000 -20.625000 -16.875000 0.000000 -18.750000 -16.875000 0.000000 -16.875000 -16.875000 0.000000 -15.000000 -16.875000 0.000000 -13.125000 -16.875000 0.000000 -11.250000 -16.875000 0.000000 -9.375000 -16.875000 0.000000 -7.500000 -16.875000 0.000000 -5.625000 -16.875000 0.000000 -3.750000 -16.875000 0.000000 -1.875000 -16.875000 0.000000 0.000000 -16.875000 0.000000 1.875000 -16.875000 0.000000 3.750000 -16.875000 0.000000 5.625000 -16.875000 0.000000 7.500000 -16.875000 0.000000 9.375000 -16.875000 0.000000 11.250000 -16.875000 0.000000 13.125000 -16.875000 0.000000 15.000000 -16.875000 0.000000 16.875000 -16.875000 0.000000 18.750000 -16.875000 0.000000 20.625000 -16.875000 0.000000 22.500000 -16.875000 0.000000 24.375000 -16.875000 0.000000 26.250000 -16.875000 0.000000 28.125000 -16.875000 0.000000 30.000000 -16.875000 0.000000 -30.000000 -15.000000 0.000000 -28.125000 -15.000000 0.000000 -26.250000 -15.000000 0.000000 -24.375000 -15.000000 0.000000 -22.500000 -15.000000 0.000000 -20.625000 -15.000000 0.000000 -18.750000 -15.000000 0.000000 -16.875000 -15.000000 0.000000 -15.000000 -15.000000 0.000000 -13.125000 -15.000000 0.000000 -11.250000 -15.000000 0.000000 -9.375000 -15.000000 0.000000 -7.500000 -15.000000 0.000000 -5.625000 -15.000000 0.000000 -3.750000 -15.000000 0.000000 -1.875000 -15.000000 0.000000 0.000000 -15.000000 0.000000 1.875000 -15.000000 0.000000 3.750000 -15.000000 0.000000 5.625000 -15.000000 0.000000 7.500000 -15.000000 0.000000 9.375000 -15.000000 0.000000 11.250000 -15.000000 0.000000 13.125000 -15.000000 0.000000 15.000000 -15.000000 0.000000 16.875000 -15.000000 0.000000 18.750000 -15.000000 0.000000 20.625000 -15.000000 0.000000 22.500000 -15.000000 0.000000 24.375000 -15.000000 0.000000 26.250000 -15.000000 0.000000 28.125000 -15.000000 0.000000 30.000000 -15.000000 0.000000 -30.000000 -13.125000 0.000000 -28.125000 -13.125000 0.000000 -26.250000 -13.125000 0.000000 -24.375000 -13.125000 0.000000 -22.500000 -13.125000 0.000000 -20.625000 -13.125000 0.000000 -18.750000 -13.125000 0.000000 -16.875000 -13.125000 0.000000 -15.000000 -13.125000 0.000000 -13.125000 -13.125000 0.000000 -11.250000 -13.125000 0.000000 -9.375000 -13.125000 0.000000 -7.500000 -13.125000 0.000000 -5.625000 -13.125000 0.000000 -3.750000 -13.125000 0.000000 -1.875000 -13.125000 0.000000 0.000000 -13.125000 0.000000 1.875000 -13.125000 0.000000 3.750000 -13.125000 0.000000 5.625000 -13.125000 0.000000 7.500000 -13.125000 0.000000 9.375000 -13.125000 0.000000 11.250000 -13.125000 0.000000 13.125000 -13.125000 0.000000 15.000000 -13.125000 0.000000 16.875000 -13.125000 0.000000 18.750000 -13.125000 0.000000 20.625000 -13.125000 0.000000 22.500000 -13.125000 0.000000 24.375000 -13.125000 0.000000 26.250000 -13.125000 0.000000 28.125000 -13.125000 0.000000 30.000000 -13.125000 0.000000 -30.000000 -11.250000 0.000000 -28.125000 -11.250000 0.000000 -26.250000 -11.250000 0.000000 -24.375000 -11.250000 0.000000 -22.500000 -11.250000 0.000000 -20.625000 -11.250000 0.000000 -18.750000 -11.250000 0.000000 -16.875000 -11.250000 0.000000 -15.000000 -11.250000 0.000000 -13.125000 -11.250000 0.000000 -11.250000 -11.250000 0.000000 -9.375000 -11.250000 0.000000 -7.500000 -11.250000 0.000000 -5.625000 -11.250000 0.000000 -3.750000 -11.250000 0.000000 -1.875000 -11.250000 0.000000 0.000000 -11.250000 0.000000 1.875000 -11.250000 0.000000 3.750000 -11.250000 0.000000 5.625000 -11.250000 0.000000 7.500000 -11.250000 0.000000 9.375000 -11.250000 0.000000 11.250000 -11.250000 0.000000 13.125000 -11.250000 0.000000 15.000000 -11.250000 0.000000 16.875000 -11.250000 0.000000 18.750000 -11.250000 0.000000 20.625000 -11.250000 0.000000 22.500000 -11.250000 0.000000 24.375000 -11.250000 0.000000 26.250000 -11.250000 0.000000 28.125000 -11.250000 0.000000 30.000000 -11.250000 0.000000 -30.000000 -9.375000 0.000000 -28.125000 -9.375000 0.000000 -26.250000 -9.375000 0.000000 -24.375000 -9.375000 0.000000 -22.500000 -9.375000 0.000000 -20.625000 -9.375000 0.000000 -18.750000 -9.375000 0.000000 -16.875000 -9.375000 0.000000 -15.000000 -9.375000 0.000000 -13.125000 -9.375000 0.000000 -11.250000 -9.375000 0.000000 -9.375000 -9.375000 0.000000 -7.500000 -9.375000 0.000000 -5.625000 -9.375000 0.000000 -3.750000 -9.375000 0.000000 -1.875000 -9.375000 0.000000 0.000000 -9.375000 0.000000 1.875000 -9.375000 0.000000 3.750000 -9.375000 0.000000 5.625000 -9.375000 0.000000 7.500000 -9.375000 0.000000 9.375000 -9.375000 0.000000 11.250000 -9.375000 0.000000 13.125000 -9.375000 0.000000 15.000000 -9.375000 0.000000 16.875000 -9.375000 0.000000 18.750000 -9.375000 0.000000 20.625000 -9.375000 0.000000 22.500000 -9.375000 0.000000 24.375000 -9.375000 0.000000 26.250000 -9.375000 0.000000 28.125000 -9.375000 0.000000 30.000000 -9.375000 0.000000 -30.000000 -7.500000 0.000000 -28.125000 -7.500000 0.000000 -26.250000 -7.500000 0.000000 -24.375000 -7.500000 0.000000 -22.500000 -7.500000 0.000000 -20.625000 -7.500000 0.000000 -18.750000 -7.500000 0.000000 -16.875000 -7.500000 0.000000 -15.000000 -7.500000 0.000000 -13.125000 -7.500000 0.000000 -11.250000 -7.500000 0.000000 -9.375000 -7.500000 0.000000 -7.500000 -7.500000 0.000000 -5.625000 -7.500000 0.000000 -3.750000 -7.500000 0.000000 -1.875000 -7.500000 0.000000 0.000000 -7.500000 0.000000 1.875000 -7.500000 0.000000 3.750000 -7.500000 0.000000 5.625000 -7.500000 0.000000 7.500000 -7.500000 0.000000 9.375000 -7.500000 0.000000 11.250000 -7.500000 0.000000 13.125000 -7.500000 0.000000 15.000000 -7.500000 0.000000 16.875000 -7.500000 0.000000 18.750000 -7.500000 0.000000 20.625000 -7.500000 0.000000 22.500000 -7.500000 0.000000 24.375000 -7.500000 0.000000 26.250000 -7.500000 0.000000 28.125000 -7.500000 0.000000 30.000000 -7.500000 0.000000 -30.000000 -5.625000 0.000000 -28.125000 -5.625000 0.000000 -26.250000 -5.625000 0.000000 -24.375000 -5.625000 0.000000 -22.500000 -5.625000 0.000000 -20.625000 -5.625000 0.000000 -18.750000 -5.625000 0.000000 -16.875000 -5.625000 0.000000 -15.000000 -5.625000 0.000000 -13.125000 -5.625000 0.000000 -11.250000 -5.625000 0.000000 -9.375000 -5.625000 0.000000 -7.500000 -5.625000 0.000000 -5.625000 -5.625000 0.000000 -3.750000 -5.625000 0.000000 -1.875000 -5.625000 0.000000 0.000000 -5.625000 0.000000 1.875000 -5.625000 0.000000 3.750000 -5.625000 0.000000 5.625000 -5.625000 0.000000 7.500000 -5.625000 0.000000 9.375000 -5.625000 0.000000 11.250000 -5.625000 0.000000 13.125000 -5.625000 0.000000 15.000000 -5.625000 0.000000 16.875000 -5.625000 0.000000 18.750000 -5.625000 0.000000 20.625000 -5.625000 0.000000 22.500000 -5.625000 0.000000 24.375000 -5.625000 0.000000 26.250000 -5.625000 0.000000 28.125000 -5.625000 0.000000 30.000000 -5.625000 0.000000 -30.000000 -3.750000 0.000000 -28.125000 -3.750000 0.000000 -26.250000 -3.750000 0.000000 -24.375000 -3.750000 0.000000 -22.500000 -3.750000 0.000000 -20.625000 -3.750000 0.000000 -18.750000 -3.750000 0.000000 -16.875000 -3.750000 0.000000 -15.000000 -3.750000 0.000000 -13.125000 -3.750000 0.000000 -11.250000 -3.750000 0.000000 -9.375000 -3.750000 0.000000 -7.500000 -3.750000 0.000000 -5.625000 -3.750000 0.000000 -3.750000 -3.750000 0.000000 -1.875000 -3.750000 0.000000 0.000000 -3.750000 0.000000 1.875000 -3.750000 0.000000 3.750000 -3.750000 0.000000 5.625000 -3.750000 0.000000 7.500000 -3.750000 0.000000 9.375000 -3.750000 0.000000 11.250000 -3.750000 0.000000 13.125000 -3.750000 0.000000 15.000000 -3.750000 0.000000 16.875000 -3.750000 0.000000 18.750000 -3.750000 0.000000 20.625000 -3.750000 0.000000 22.500000 -3.750000 0.000000 24.375000 -3.750000 0.000000 26.250000 -3.750000 0.000000 28.125000 -3.750000 0.000000 30.000000 -3.750000 0.000000 -30.000000 -1.875000 0.000000 -28.125000 -1.875000 0.000000 -26.250000 -1.875000 0.000000 -24.375000 -1.875000 0.000000 -22.500000 -1.875000 0.000000 -20.625000 -1.875000 0.000000 -18.750000 -1.875000 0.000000 -16.875000 -1.875000 0.000000 -15.000000 -1.875000 0.000000 -13.125000 -1.875000 0.000000 -11.250000 -1.875000 0.000000 -9.375000 -1.875000 0.000000 -7.500000 -1.875000 0.000000 -5.625000 -1.875000 0.000000 -3.750000 -1.875000 0.000000 -1.875000 -1.875000 0.000000 0.000000 -1.875000 0.000000 1.875000 -1.875000 0.000000 3.750000 -1.875000 0.000000 5.625000 -1.875000 0.000000 7.500000 -1.875000 0.000000 9.375000 -1.875000 0.000000 11.250000 -1.875000 0.000000 13.125000 -1.875000 0.000000 15.000000 -1.875000 0.000000 16.875000 -1.875000 0.000000 18.750000 -1.875000 0.000000 20.625000 -1.875000 0.000000 22.500000 -1.875000 0.000000 24.375000 -1.875000 0.000000 26.250000 -1.875000 0.000000 28.125000 -1.875000 0.000000 30.000000 -1.875000 0.000000 -30.000000 0.000000 0.000000 -28.125000 0.000000 0.000000 -26.250000 0.000000 0.000000 -24.375000 0.000000 0.000000 -22.500000 0.000000 0.000000 -20.625000 0.000000 0.000000 -18.750000 0.000000 0.000000 -16.875000 0.000000 0.000000 -15.000000 0.000000 0.000000 -13.125000 0.000000 0.000000 -11.250000 0.000000 0.000000 -9.375000 0.000000 0.000000 -7.500000 0.000000 0.000000 -5.625000 0.000000 0.000000 -3.750000 0.000000 0.000000 -1.875000 0.000000 0.000000 0.000000 0.000000 0.000000 1.875000 0.000000 0.000000 3.750000 0.000000 0.000000 5.625000 0.000000 0.000000 7.500000 0.000000 0.000000 9.375000 0.000000 0.000000 11.250000 0.000000 0.000000 13.125000 0.000000 0.000000 15.000000 0.000000 0.000000 16.875000 0.000000 0.000000 18.750000 0.000000 0.000000 20.625000 0.000000 0.000000 22.500000 0.000000 0.000000 24.375000 0.000000 0.000000 26.250000 0.000000 0.000000 28.125000 0.000000 0.000000 30.000000 0.000000 0.000000 -30.000000 1.875000 0.000000 -28.125000 1.875000 0.000000 -26.250000 1.875000 0.000000 -24.375000 1.875000 0.000000 -22.500000 1.875000 0.000000 -20.625000 1.875000 0.000000 -18.750000 1.875000 0.000000 -16.875000 1.875000 0.000000 -15.000000 1.875000 0.000000 -13.125000 1.875000 0.000000 -11.250000 1.875000 0.000000 -9.375000 1.875000 0.000000 -7.500000 1.875000 0.000000 -5.625000 1.875000 0.000000 -3.750000 1.875000 0.000000 -1.875000 1.875000 0.000000 0.000000 1.875000 0.000000 1.875000 1.875000 0.000000 3.750000 1.875000 0.000000 5.625000 1.875000 0.000000 7.500000 1.875000 0.000000 9.375000 1.875000 0.000000 11.250000 1.875000 0.000000 13.125000 1.875000 0.000000 15.000000 1.875000 0.000000 16.875000 1.875000 0.000000 18.750000 1.875000 0.000000 20.625000 1.875000 0.000000 22.500000 1.875000 0.000000 24.375000 1.875000 0.000000 26.250000 1.875000 0.000000 28.125000 1.875000 0.000000 30.000000 1.875000 0.000000 -30.000000 3.750000 0.000000 -28.125000 3.750000 0.000000 -26.250000 3.750000 0.000000 -24.375000 3.750000 0.000000 -22.500000 3.750000 0.000000 -20.625000 3.750000 0.000000 -18.750000 3.750000 0.000000 -16.875000 3.750000 0.000000 -15.000000 3.750000 0.000000 -13.125000 3.750000 0.000000 -11.250000 3.750000 0.000000 -9.375000 3.750000 0.000000 -7.500000 3.750000 0.000000 -5.625000 3.750000 0.000000 -3.750000 3.750000 0.000000 -1.875000 3.750000 0.000000 0.000000 3.750000 0.000000 1.875000 3.750000 0.000000 3.750000 3.750000 0.000000 5.625000 3.750000 0.000000 7.500000 3.750000 0.000000 9.375000 3.750000 0.000000 11.250000 3.750000 0.000000 13.125000 3.750000 0.000000 15.000000 3.750000 0.000000 16.875000 3.750000 0.000000 18.750000 3.750000 0.000000 20.625000 3.750000 0.000000 22.500000 3.750000 0.000000 24.375000 3.750000 0.000000 26.250000 3.750000 0.000000 28.125000 3.750000 0.000000 30.000000 3.750000 0.000000 -30.000000 5.625000 0.000000 -28.125000 5.625000 0.000000 -26.250000 5.625000 0.000000 -24.375000 5.625000 0.000000 -22.500000 5.625000 0.000000 -20.625000 5.625000 0.000000 -18.750000 5.625000 0.000000 -16.875000 5.625000 0.000000 -15.000000 5.625000 0.000000 -13.125000 5.625000 0.000000 -11.250000 5.625000 0.000000 -9.375000 5.625000 0.000000 -7.500000 5.625000 0.000000 -5.625000 5.625000 0.000000 -3.750000 5.625000 0.000000 -1.875000 5.625000 0.000000 0.000000 5.625000 0.000000 1.875000 5.625000 0.000000 3.750000 5.625000 0.000000 5.625000 5.625000 0.000000 7.500000 5.625000 0.000000 9.375000 5.625000 0.000000 11.250000 5.625000 0.000000 13.125000 5.625000 0.000000 15.000000 5.625000 0.000000 16.875000 5.625000 0.000000 18.750000 5.625000 0.000000 20.625000 5.625000 0.000000 22.500000 5.625000 0.000000 24.375000 5.625000 0.000000 26.250000 5.625000 0.000000 28.125000 5.625000 0.000000 30.000000 5.625000 0.000000 -30.000000 7.500000 0.000000 -28.125000 7.500000 0.000000 -26.250000 7.500000 0.000000 -24.375000 7.500000 0.000000 -22.500000 7.500000 0.000000 -20.625000 7.500000 0.000000 -18.750000 7.500000 0.000000 -16.875000 7.500000 0.000000 -15.000000 7.500000 0.000000 -13.125000 7.500000 0.000000 -11.250000 7.500000 0.000000 -9.375000 7.500000 0.000000 -7.500000 7.500000 0.000000 -5.625000 7.500000 0.000000 -3.750000 7.500000 0.000000 -1.875000 7.500000 0.000000 0.000000 7.500000 0.000000 1.875000 7.500000 0.000000 3.750000 7.500000 0.000000 5.625000 7.500000 0.000000 7.500000 7.500000 0.000000 9.375000 7.500000 0.000000 11.250000 7.500000 0.000000 13.125000 7.500000 0.000000 15.000000 7.500000 0.000000 16.875000 7.500000 0.000000 18.750000 7.500000 0.000000 20.625000 7.500000 0.000000 22.500000 7.500000 0.000000 24.375000 7.500000 0.000000 26.250000 7.500000 0.000000 28.125000 7.500000 0.000000 30.000000 7.500000 0.000000 -30.000000 9.375000 0.000000 -28.125000 9.375000 0.000000 -26.250000 9.375000 0.000000 -24.375000 9.375000 0.000000 -22.500000 9.375000 0.000000 -20.625000 9.375000 0.000000 -18.750000 9.375000 0.000000 -16.875000 9.375000 0.000000 -15.000000 9.375000 0.000000 -13.125000 9.375000 0.000000 -11.250000 9.375000 0.000000 -9.375000 9.375000 0.000000 -7.500000 9.375000 0.000000 -5.625000 9.375000 0.000000 -3.750000 9.375000 0.000000 -1.875000 9.375000 0.000000 0.000000 9.375000 0.000000 1.875000 9.375000 0.000000 3.750000 9.375000 0.000000 5.625000 9.375000 0.000000 7.500000 9.375000 0.000000 9.375000 9.375000 0.000000 11.250000 9.375000 0.000000 13.125000 9.375000 0.000000 15.000000 9.375000 0.000000 16.875000 9.375000 0.000000 18.750000 9.375000 0.000000 20.625000 9.375000 0.000000 22.500000 9.375000 0.000000 24.375000 9.375000 0.000000 26.250000 9.375000 0.000000 28.125000 9.375000 0.000000 30.000000 9.375000 0.000000 -30.000000 11.250000 0.000000 -28.125000 11.250000 0.000000 -26.250000 11.250000 0.000000 -24.375000 11.250000 0.000000 -22.500000 11.250000 0.000000 -20.625000 11.250000 0.000000 -18.750000 11.250000 0.000000 -16.875000 11.250000 0.000000 -15.000000 11.250000 0.000000 -13.125000 11.250000 0.000000 -11.250000 11.250000 0.000000 -9.375000 11.250000 0.000000 -7.500000 11.250000 0.000000 -5.625000 11.250000 0.000000 -3.750000 11.250000 0.000000 -1.875000 11.250000 0.000000 0.000000 11.250000 0.000000 1.875000 11.250000 0.000000 3.750000 11.250000 0.000000 5.625000 11.250000 0.000000 7.500000 11.250000 0.000000 9.375000 11.250000 0.000000 11.250000 11.250000 0.000000 13.125000 11.250000 0.000000 15.000000 11.250000 0.000000 16.875000 11.250000 0.000000 18.750000 11.250000 0.000000 20.625000 11.250000 0.000000 22.500000 11.250000 0.000000 24.375000 11.250000 0.000000 26.250000 11.250000 0.000000 28.125000 11.250000 0.000000 30.000000 11.250000 0.000000 -30.000000 13.125000 0.000000 -28.125000 13.125000 0.000000 -26.250000 13.125000 0.000000 -24.375000 13.125000 0.000000 -22.500000 13.125000 0.000000 -20.625000 13.125000 0.000000 -18.750000 13.125000 0.000000 -16.875000 13.125000 0.000000 -15.000000 13.125000 0.000000 -13.125000 13.125000 0.000000 -11.250000 13.125000 0.000000 -9.375000 13.125000 0.000000 -7.500000 13.125000 0.000000 -5.625000 13.125000 0.000000 -3.750000 13.125000 0.000000 -1.875000 13.125000 0.000000 0.000000 13.125000 0.000000 1.875000 13.125000 0.000000 3.750000 13.125000 0.000000 5.625000 13.125000 0.000000 7.500000 13.125000 0.000000 9.375000 13.125000 0.000000 11.250000 13.125000 0.000000 13.125000 13.125000 0.000000 15.000000 13.125000 0.000000 16.875000 13.125000 0.000000 18.750000 13.125000 0.000000 20.625000 13.125000 0.000000 22.500000 13.125000 0.000000 24.375000 13.125000 0.000000 26.250000 13.125000 0.000000 28.125000 13.125000 0.000000 30.000000 13.125000 0.000000 -30.000000 15.000000 0.000000 -28.125000 15.000000 0.000000 -26.250000 15.000000 0.000000 -24.375000 15.000000 0.000000 -22.500000 15.000000 0.000000 -20.625000 15.000000 0.000000 -18.750000 15.000000 0.000000 -16.875000 15.000000 0.000000 -15.000000 15.000000 0.000000 -13.125000 15.000000 0.000000 -11.250000 15.000000 0.000000 -9.375000 15.000000 0.000000 -7.500000 15.000000 0.000000 -5.625000 15.000000 0.000000 -3.750000 15.000000 0.000000 -1.875000 15.000000 0.000000 0.000000 15.000000 0.000000 1.875000 15.000000 0.000000 3.750000 15.000000 0.000000 5.625000 15.000000 0.000000 7.500000 15.000000 0.000000 9.375000 15.000000 0.000000 11.250000 15.000000 0.000000 13.125000 15.000000 0.000000 15.000000 15.000000 0.000000 16.875000 15.000000 0.000000 18.750000 15.000000 0.000000 20.625000 15.000000 0.000000 22.500000 15.000000 0.000000 24.375000 15.000000 0.000000 26.250000 15.000000 0.000000 28.125000 15.000000 0.000000 30.000000 15.000000 0.000000 -30.000000 16.875000 0.000000 -28.125000 16.875000 0.000000 -26.250000 16.875000 0.000000 -24.375000 16.875000 0.000000 -22.500000 16.875000 0.000000 -20.625000 16.875000 0.000000 -18.750000 16.875000 0.000000 -16.875000 16.875000 0.000000 -15.000000 16.875000 0.000000 -13.125000 16.875000 0.000000 -11.250000 16.875000 0.000000 -9.375000 16.875000 0.000000 -7.500000 16.875000 0.000000 -5.625000 16.875000 0.000000 -3.750000 16.875000 0.000000 -1.875000 16.875000 0.000000 0.000000 16.875000 0.000000 1.875000 16.875000 0.000000 3.750000 16.875000 0.000000 5.625000 16.875000 0.000000 7.500000 16.875000 0.000000 9.375000 16.875000 0.000000 11.250000 16.875000 0.000000 13.125000 16.875000 0.000000 15.000000 16.875000 0.000000 16.875000 16.875000 0.000000 18.750000 16.875000 0.000000 20.625000 16.875000 0.000000 22.500000 16.875000 0.000000 24.375000 16.875000 0.000000 26.250000 16.875000 0.000000 28.125000 16.875000 0.000000 30.000000 16.875000 0.000000 -30.000000 18.750000 0.000000 -28.125000 18.750000 0.000000 -26.250000 18.750000 0.000000 -24.375000 18.750000 0.000000 -22.500000 18.750000 0.000000 -20.625000 18.750000 0.000000 -18.750000 18.750000 0.000000 -16.875000 18.750000 0.000000 -15.000000 18.750000 0.000000 -13.125000 18.750000 0.000000 -11.250000 18.750000 0.000000 -9.375000 18.750000 0.000000 -7.500000 18.750000 0.000000 -5.625000 18.750000 0.000000 -3.750000 18.750000 0.000000 -1.875000 18.750000 0.000000 0.000000 18.750000 0.000000 1.875000 18.750000 0.000000 3.750000 18.750000 0.000000 5.625000 18.750000 0.000000 7.500000 18.750000 0.000000 9.375000 18.750000 0.000000 11.250000 18.750000 0.000000 13.125000 18.750000 0.000000 15.000000 18.750000 0.000000 16.875000 18.750000 0.000000 18.750000 18.750000 0.000000 20.625000 18.750000 0.000000 22.500000 18.750000 0.000000 24.375000 18.750000 0.000000 26.250000 18.750000 0.000000 28.125000 18.750000 0.000000 30.000000 18.750000 0.000000 -30.000000 20.625000 0.000000 -28.125000 20.625000 0.000000 -26.250000 20.625000 0.000000 -24.375000 20.625000 0.000000 -22.500000 20.625000 0.000000 -20.625000 20.625000 0.000000 -18.750000 20.625000 0.000000 -16.875000 20.625000 0.000000 -15.000000 20.625000 0.000000 -13.125000 20.625000 0.000000 -11.250000 20.625000 0.000000 -9.375000 20.625000 0.000000 -7.500000 20.625000 0.000000 -5.625000 20.625000 0.000000 -3.750000 20.625000 0.000000 -1.875000 20.625000 0.000000 0.000000 20.625000 0.000000 1.875000 20.625000 0.000000 3.750000 20.625000 0.000000 5.625000 20.625000 0.000000 7.500000 20.625000 0.000000 9.375000 20.625000 0.000000 11.250000 20.625000 0.000000 13.125000 20.625000 0.000000 15.000000 20.625000 0.000000 16.875000 20.625000 0.000000 18.750000 20.625000 0.000000 20.625000 20.625000 0.000000 22.500000 20.625000 0.000000 24.375000 20.625000 0.000000 26.250000 20.625000 0.000000 28.125000 20.625000 0.000000 30.000000 20.625000 0.000000 -30.000000 22.500000 0.000000 -28.125000 22.500000 0.000000 -26.250000 22.500000 0.000000 -24.375000 22.500000 0.000000 -22.500000 22.500000 0.000000 -20.625000 22.500000 0.000000 -18.750000 22.500000 0.000000 -16.875000 22.500000 0.000000 -15.000000 22.500000 0.000000 -13.125000 22.500000 0.000000 -11.250000 22.500000 0.000000 -9.375000 22.500000 0.000000 -7.500000 22.500000 0.000000 -5.625000 22.500000 0.000000 -3.750000 22.500000 0.000000 -1.875000 22.500000 0.000000 0.000000 22.500000 0.000000 1.875000 22.500000 0.000000 3.750000 22.500000 0.000000 5.625000 22.500000 0.000000 7.500000 22.500000 0.000000 9.375000 22.500000 0.000000 11.250000 22.500000 0.000000 13.125000 22.500000 0.000000 15.000000 22.500000 0.000000 16.875000 22.500000 0.000000 18.750000 22.500000 0.000000 20.625000 22.500000 0.000000 22.500000 22.500000 0.000000 24.375000 22.500000 0.000000 26.250000 22.500000 0.000000 28.125000 22.500000 0.000000 30.000000 22.500000 0.000000 -30.000000 24.375000 0.000000 -28.125000 24.375000 0.000000 -26.250000 24.375000 0.000000 -24.375000 24.375000 0.000000 -22.500000 24.375000 0.000000 -20.625000 24.375000 0.000000 -18.750000 24.375000 0.000000 -16.875000 24.375000 0.000000 -15.000000 24.375000 0.000000 -13.125000 24.375000 0.000000 -11.250000 24.375000 0.000000 -9.375000 24.375000 0.000000 -7.500000 24.375000 0.000000 -5.625000 24.375000 0.000000 -3.750000 24.375000 0.000000 -1.875000 24.375000 0.000000 0.000000 24.375000 0.000000 1.875000 24.375000 0.000000 3.750000 24.375000 0.000000 5.625000 24.375000 0.000000 7.500000 24.375000 0.000000 9.375000 24.375000 0.000000 11.250000 24.375000 0.000000 13.125000 24.375000 0.000000 15.000000 24.375000 0.000000 16.875000 24.375000 0.000000 18.750000 24.375000 0.000000 20.625000 24.375000 0.000000 22.500000 24.375000 0.000000 24.375000 24.375000 0.000000 26.250000 24.375000 0.000000 28.125000 24.375000 0.000000 30.000000 24.375000 0.000000 -30.000000 26.250000 0.000000 -28.125000 26.250000 0.000000 -26.250000 26.250000 0.000000 -24.375000 26.250000 0.000000 -22.500000 26.250000 0.000000 -20.625000 26.250000 0.000000 -18.750000 26.250000 0.000000 -16.875000 26.250000 0.000000 -15.000000 26.250000 0.000000 -13.125000 26.250000 0.000000 -11.250000 26.250000 0.000000 -9.375000 26.250000 0.000000 -7.500000 26.250000 0.000000 -5.625000 26.250000 0.000000 -3.750000 26.250000 0.000000 -1.875000 26.250000 0.000000 0.000000 26.250000 0.000000 1.875000 26.250000 0.000000 3.750000 26.250000 0.000000 5.625000 26.250000 0.000000 7.500000 26.250000 0.000000 9.375000 26.250000 0.000000 11.250000 26.250000 0.000000 13.125000 26.250000 0.000000 15.000000 26.250000 0.000000 16.875000 26.250000 0.000000 18.750000 26.250000 0.000000 20.625000 26.250000 0.000000 22.500000 26.250000 0.000000 24.375000 26.250000 0.000000 26.250000 26.250000 0.000000 28.125000 26.250000 0.000000 30.000000 26.250000 0.000000 -30.000000 28.125000 0.000000 -28.125000 28.125000 0.000000 -26.250000 28.125000 0.000000 -24.375000 28.125000 0.000000 -22.500000 28.125000 0.000000 -20.625000 28.125000 0.000000 -18.750000 28.125000 0.000000 -16.875000 28.125000 0.000000 -15.000000 28.125000 0.000000 -13.125000 28.125000 0.000000 -11.250000 28.125000 0.000000 -9.375000 28.125000 0.000000 -7.500000 28.125000 0.000000 -5.625000 28.125000 0.000000 -3.750000 28.125000 0.000000 -1.875000 28.125000 0.000000 0.000000 28.125000 0.000000 1.875000 28.125000 0.000000 3.750000 28.125000 0.000000 5.625000 28.125000 0.000000 7.500000 28.125000 0.000000 9.375000 28.125000 0.000000 11.250000 28.125000 0.000000 13.125000 28.125000 0.000000 15.000000 28.125000 0.000000 16.875000 28.125000 0.000000 18.750000 28.125000 0.000000 20.625000 28.125000 0.000000 22.500000 28.125000 0.000000 24.375000 28.125000 0.000000 26.250000 28.125000 0.000000 28.125000 28.125000 0.000000 30.000000 28.125000 0.000000 -30.000000 30.000000 0.000000 -28.125000 30.000000 0.000000 -26.250000 30.000000 0.000000 -24.375000 30.000000 0.000000 -22.500000 30.000000 0.000000 -20.625000 30.000000 0.000000 -18.750000 30.000000 0.000000 -16.875000 30.000000 0.000000 -15.000000 30.000000 0.000000 -13.125000 30.000000 0.000000 -11.250000 30.000000 0.000000 -9.375000 30.000000 0.000000 -7.500000 30.000000 0.000000 -5.625000 30.000000 0.000000 -3.750000 30.000000 0.000000 -1.875000 30.000000 0.000000 0.000000 30.000000 0.000000 1.875000 30.000000 0.000000 3.750000 30.000000 0.000000 5.625000 30.000000 0.000000 7.500000 30.000000 0.000000 9.375000 30.000000 0.000000 11.250000 30.000000 0.000000 13.125000 30.000000 0.000000 15.000000 30.000000 0.000000 16.875000 30.000000 0.000000 18.750000 30.000000 0.000000 20.625000 30.000000 0.000000 22.500000 30.000000 0.000000 24.375000 30.000000 0.000000 26.250000 30.000000 0.000000 28.125000 30.000000 0.000000 30.000000 30.000000 0.000000</float_array>
          <technique_common>
            <accessor source="#mesh_L60m_N32-positions-array" count="1089" stride="3">
              <param name="X" type="float"/>
              <param name="Y" type="float"/>
              <param name="Z" type="float"/>
            </accessor>
          </technique_common>
        </source>
        <source id="mesh_L60m_N32-normals">
          <float_array id="mesh_L60m_N32-normals-array" count="3">0.000000 0.000000 1.000000</float_array>
          <technique_common>
            <accessor source="#mesh_L60m_N32-normals-array" count="1" stride="3">
              <param name="X" type="float"/>
              <param name="Y" type="float"/>
              <param name="Z" type="float"/>
            </accessor>
          </technique_common>
        </source>
        <source id="mesh_L60m_N32-uvs">
          <float_array id="mesh_L60m_N32-uvs-array" count="2178">0.000000 0.000000 0.031250 0.000000 0.062500 0.000000 0.093750 0.000000 0.125000 0.000000 0.156250 0.000000 0.187500 0.000000 0.218750 0.000000 0.250000 0.000000 0.281250 0.000000 0.312500 0.000000 0.343750 0.000000 0.375000 0.000000 0.406250 0.000000 0.437500 0.000000 0.468750 0.000000 0.500000 0.000000 0.531250 0.000000 0.562500 0.000000 0.593750 0.000000 0.625000 0.000000 0.656250 0.000000 0.687500 0.000000 0.718750 0.000000 0.750000 0.000000 0.781250 0.000000 0.812500 0.000000 0.843750 0.000000 0.875000 0.000000 0.906250 0.000000 0.937500 0.000000 0.968750 0.000000 1.000000 0.000000 0.000000 0.031250 0.031250 0.031250 0.062500 0.031250 0.093750 0.031250 0.125000 0.031250 0.156250 0.031250 0.187500 0.031250 0.218750 0.031250 0.250000 0.031250 0.281250 0.031250 0.312500 0.031250 0.343750 0.031250 0.375000 0.031250 0.406250 0.031250 0.437500 0.031250 0.468750 0.031250 0.500000 0.031250 0.531250 0.031250 0.562500 0.031250 0.593750 0.031250 0.625000 0.031250 0.656250 0.031250 0.687500 0.031250 0.718750 0.031250 0.750000 0.031250 0.781250 0.031250 0.812500 0.031250 0.843750 0.031250 0.875000 0.031250 0.906250 0.031250 0.937500 0.031250 0.968750 0.031250 1.000000 0.031250 0.000000 0.062500 0.031250 0.062500 0.062500 0.062500 0.093750 0.062500 0.125000 0.062500 0.156250 0.062500 0.187500 0.062500 0.218750 0.062500 0.250000 0.062500 0.281250 0.062500 0.312500 0.062500 0.343750 0.062500 0.375000 0.062500 0.406250 0.062500 0.437500 0.062500 0.468750 0.062500 0.500000 0.062500 0.531250 0.062500 0.562500 0.062500 0.593750 0.062500 0.625000 0.062500 0.656250 0.062500 0.687500 0.062500 0.718750 0.062500 0.750000 0.062500 0.781250 0.062500 0.812500 0.062500 0.843750 0.062500 0.875000 0.062500 0.906250 0.062500 0.937500 0.062500 0.968750 0.062500 1.000000 0.062500 0.000000 0.093750 0.031250 0.093750 0.062500 0.093750 0.093750 0.093750 0.125000 0.093750 0.156250 0.093750 0.187500 0.093750 0.218750 0.093750 0.250000 0.093750 0.281250 0.093750 0.312500 0.093750 0.343750 0.093750 0.375000 0.093750 0.406250 0.093750 0.437500 0.093750 0.468750 0.093750 0.500000 0.093750 0.531250 0.093750 0.562500 0.093750 0.593750 0.093750 0.625000 0.093750 0.656250 0.093750 0.687500 0.093750 0.718750 0.093750 0.750000 0.093750 0.781250 0.093750 0.812500 0.093750 0.843750 0.093750 0.875000 0.093750 0.906250 0.093750 0.937500 0.093750 0.968750 0.093750 1.000000 0.093750 0.000000 0.125000 0.031250 0.125000 0.062500 0.125000 0.093750 0.125000 0.125000 0.125000 0.156250 0.125000 0.187500 0.125000 0.218750 0.125000 0.250000 0.125000 0.281250 0.125000 0.312500 0.125000 0.343750 0.125000 0.375000 0.125000 0.406250 0.125000 0.437500 0.125000 0.468750 0.125000 0.500000 0.125000 0.531250 0.125000 0.562500 0.125000 0.593750 0.125000 0.625000 0.125000 0.656250 0.125000 0.687500 0.125000 0.718750 0.125000 0.750000 0.125000 0.781250 0.125000 0.812500 0.125000 0.843750 0.125000 0.875000 0.125000 0.906250 0.125000 0.937500 0.125000 0.968750 0.125000 1.000000 0.125000 0.000000 0.156250 0.031250 0.156250 0.062500 0.156250 0.093750 0.156250 0.125000 0.156250 0.156250 0.156250 0.187500 0.156250 0.218750 0.156250 0.250000 0.156250 0.281250 0.156250 0.312500 0.156250 0.343750 0.156250 0.375000 0.156250 0.406250 0.156250 0.437500 0.156250 0.468750 0.156250 0.500000 0.156250 0.531250 0.156250 0.562500 0.156250 0.593750 0.156250 0.625000 0.156250 0.656250 0.156250 0.687500 0.156250 0.718750 0.156250 0.750000 0.156250 0.781250 0.156250 0.812500 0.156250 0.843750 0.156250 0.875000 0.156250 0.906250 0.156250 0.937500 0.156250 0.968750 0.156250 1.000000 0.156250 0.000000 0.187500 0.031250 0.187500 0.062500 0.187500 0.093750 0.187500 0.125000 0.187500 0.156250 0.187500 0.187500 0.187500 0.218750 0.187500 0.250000 0.187500 0.281250 0.187500 0.312500 0.187500 0.343750 0.187500 0.375000 0.187500 0.406250 0.187500 0.437500 0.187500 0.468750 0.187500 0.500000 0.187500 0.531250 0.187500 0.562500 0.187500 0.593750 0.187500 0.625000 0.187500 0.656250 0.187500 0.687500 0.187500 0.718750 0.187500 0.750000 0.187500 0.781250 0.187500 0.812500 0.187500 0.843750 0.187500 0.875000 0.187500 0.906250 0.187500 0.937500 0.187500 0.968750 0.187500 1.000000 0.187500 0.000000 0.218750 0.031250 0.218750 0.062500 0.218750 0.093750 0.218750 0.125000 0.218750 0.156250 0.218750 0.187500 0.218750 0.218750 0.218750 0.250000 0.218750 0.281250 0.218750 0.312500 0.218750 0.343750 0.218750 0.375000 0.218750 0.406250 0.218750 0.437500 0.218750 0.468750 0.218750 0.500000 0.218750 0.531250 0.218750 0.562500 0.218750 0.593750 0.218750 0.625000 0.218750 0.656250 0.218750 0.687500 0.218750 0.718750 0.218750 0.750000 0.218750 0.781250 0.218750 0.812500 0.218750 0.843750 0.218750 0.875000 0.218750 0.906250 0.218750 0.937500 0.218750 0.968750 0.218750 1.000000 0.218750 0.000000 0.250000 0.031250 0.250000 0.062500 0.250000 0.093750 0.250000 0.125000 0.250000 0.156250 0.250000 0.187500 0.250000 0.218750 0.250000 0.250000 0.250000 0.281250 0.250000 0.312500 0.250000 0.343750 0.250000 0.375000 0.250000 0.406250 0.250000 0.437500 0.250000 0.468750 0.250000 0.500000 0.250000 0.531250 0.250000 0.562500 0.250000 0.593750 0.250000 0.625000 0.250000 0.656250 0.250000 0.687500 0.250000 0.718750 0.250000 0.750000 0.250000 0.781250 0.250000 0.812500 0.250000 0.843750 0.250000 0.875000 0.250000 0.906250 0.250000 0.937500 0.250000 0.968750 0.250000 1.000000 0.250000 0.000000 0.281250 0.031250 0.281250 0.062500 0.281250 0.093750 0.281250 0.125000 0.281250 0.156250 0.281250 0.187500 0.281250 0.218750 0.281250 0.250000 0.281250 0.281250 0.281250 0.312500 0.281250 0.343750 0.281250 0.375000 0.281250 0.406250 0.281250 0.437500 0.281250 0.468750 0.281250 0.500000 0.281250 0.531250 0.281250 0.562500 0.281250 0.593750 0.281250 0.625000 0.281250 0.656250 0.281250 0.687500 0.281250 0.718750 0.281250 0.750000 0.281250 0.781250 0.281250 0.812500 0.281250 0.843750 0.281250 0.875000 0.281250 0.906250 0.281250 0.937500 0.281250 0.968750 0.281250 1.000000 0.281250 0.000000 0.312500 0.031250 0.312500 0.062500 0.312500 0.093750 0.312500 0.125000 0.312500 0.156250 0.312500 0.187500 0.312500 0.218750 0.312500 0.250000 0.312500 0.281250 0.312500 0.312500 0.312500 0.343750 0.312500 0.375000 0.312500 0.406250 0.312500 0.437500 0.312500 0.468750 0.312500 0.500000 0.312500 0.531250 0.312500 0.562500 0.312500 0.593750 0.312500 0.625000 0.312500 0.656250 0.312500 0.687500 0.312500 0.718750 0.312500 0.750000 0.312500 0.781250 0.312500 0.812500 0.312500 0.843750 0.312500 0.875000 0.312500 0.906250 0.312500 0.937500 0.312500 0.968750 0.312500 1.000000 0.312500 0.000000 0.343750 0.031250 0.343750 0.062500 0.343750 0.093750 0.343750 0.125000 0.343750 0.156250 0.343750 0.187500 0.343750 0.218750 0.343750 0.250000 0.343750 0.281250 0.343750 0.312500 0.343750 0.343750 0.343750 0.375000 0.343750 0.406250 0.343750 0.437500 0.343750 0.468750 0.343750 0.500000 0.343750 0.531250 0.343750 0.562500 0.343750 0.593750 0.343750 0.625000 0.343750 0.656250 0.343750 0.687500 0.343750 0.718750 0.343750 0.750000 0.343750 0.781250 0.343750 0.812500 0.343750 0.843750 0.343750 0.875000 0.343750 0.906250 0.343750 0.937500 0.343750 0.968750 0.343750 1.000000 0.343750 0.000000 0.375000 0.031250 0.375000 0.062500 0.375000 0.093750 0.375000 0.125000 0.375000 0.156250 0.375000 0.187500 0.375000 0.218750 0.375000 0.250000 0.375000 0.281250 0.375000 0.312500 0.375000 0.343750 0.375000 0.375000 0.375000 0.406250 0.375000 0.437500 0.375000 0.468750 0.375000 0.500000 0.375000 0.531250 0.375000 0.562500 0.375000 0.593750 0.375000 0.625000 0.375000 0.656250 0.375000 0.687500 0.375000 0.718750 0.375000 0.750000 0.375000 0.781250 0.375000 0.812500 0.375000 0.843750 0.375000 0.875000 0.375000 0.906250 0.375000 0.937500 0.375000 0.968750 0.375000 1.000000 0.375000 0.000000 0.406250 0.031250 0.406250 0.062500 0.406250 0.093750 0.406250 0.125000 0.406250 0.156250 0.406250 0.187500 0.406250 0.218750 0.406250 0.250000 0.406250 0.281250 0.406250 0.312500 0.406250 0.343750 0.406250 0.375000 0.406250 0.406250 0.406250 0.437500 0.406250 0.468750 0.406250 0.500000 0.406250 0.531250 0.406250 0.562500 0.406250 0.593750 0.406250 0.625000 0.406250 0.656250 0.406250 0.687500 0.406250 0.718750 0.406250 0.750000 0.406250 0.781250 0.406250 0.812500 0.406250 0.843750 0.406250 0.875000 0.406250 0.906250 0.406250 0.937500 0.406250 0.968750 0.406250 1.000000 0.406250 0.000000 0.437500 0.031250 0.437500 0.062500 0.437500 0.093750 0.437500 0.125000 0.437500 0.156250 0.437500 0.187500 0.437500 0.218750 0.437500 0.250000 0.437500 0.281250 0.437500 0.312500 0.437500 0.343750 0.437500 0.375000 0.437500 0.406250 0.437500 0.437500 0.437500 0.468750 0.437500 0.500000 0.437500 0.531250 0.437500 0.562500 0.437500 0.593750 0.437500 0.625000 0.437500 0.656250 0.437500 0.687500 0.437500 0.718750 0.437500 0.750000 0.437500 0.781250 0.437500 0.812500 0.437500 0.843750 0.437500 0.875000 0.437500 0.906250 0.437500 0.937500 0.437500 0.968750 0.437500 1.000000 0.437500 0.000000 0.468750 0.031250 0.468750 0.062500 0.468750 0.093750 0.468750 0.125000 0.468750 0.156250 0.468750 0.187500 0.468750 0.218750 0.468750 0.250000 0.468750 0.281250 0.468750 0.312500 0.468750 0.343750 0.468750 0.375000 0.468750 0.406250 0.468750 0.437500 0.468750 0.468750 0.468750 0.500000 0.468750 0.531250 0.468750 0.562500 0.468750 0.593750 0.468750 0.625000 0.468750 0.656250 0.468750 0.687500 0.468750 0.718750 0.468750 0.750000 0.468750 0.781250 0.468750 0.812500 0.468750 0.843750 0.468750 0.875000 0.468750 0.906250 0.468750 0.937500 0.468750 0.968750 0.468750 1.000000 0.468750 0.000000 0.500000 0.031250 0.500000 0.062500 0.500000 0.093750 0.500000 0.125000 0.500000 0.156250 0.500000 0.187500 0.500000 0.218750 0.500000 0.250000 0.500000 0.281250 0.500000 0.312500 0.500000 0.343750 0.500000 0.375000 0.500000 0.406250 0.500000 0.437500 0.500000 0.468750 0.500000 0.500000 0.500000 0.531250 0.500000 0.562500 0.500000 0.593750 0.500000 0.625000 0.500000 0.656250 0.500000 0.687500 0.500000 0.718750 0.500000 0.750000 0.500000 0.781250 0.500000 0.812500 0.500000 0.843750 0.500000 0.875000 0.500000 0.906250 0.500000 0.937500 0.500000 0.968750 0.500000 1.000000 0.500000 0.000000 0.531250 0.031250 0.531250 0.062500 0.531250 0.093750 0.531250 0.125000 0.531250 0.156250 0.531250 0.187500 0.531250 0.218750 0.531250 0.250000 0.531250 0.281250 0.531250 0.312500 0.531250 0.343750 0.531250 0.375000 0.531250 0.406250 0.531250 0.437500 0.531250 0.468750 0.531250 0.500000 0.531250 0.531250 0.531250 0.562500 0.531250 0.593750 0.531250 0.625000 0.531250 0.656250 0.531250 0.687500 0.531250 0.718750 0.531250 0.750000 0.531250 0.781250 0.531250 0.812500 0.531250 0.843750 0.531250 0.875000 0.531250 0.906250 0.531250 0.937500 0.531250 0.968750 0.531250 1.000000 0.531250 0.000000 0.562500 0.031250 0.562500 0.062500 0.562500 0.093750 0.562500 0.125000 0.562500 0.156250 0.562500 0.187500 0.562500 0.218750 0.562500 0.250000 0.562500 0.281250 0.562500 0.312500 0.562500 0.343750 0.562500 0.375000 0.562500 0.406250 0.562500 0.437500 0.562500 0.468750 0.562500 0.500000 0.562500 0.531250 0.562500 0.562500 0.562500 0.593750 0.562500 0.625000 0.562500 0.656250 0.562500 0.687500 0.562500 0.718750 0.562500 0.750000 0.562500 0.781250 0.562500 0.812500 0.562500 0.843750 0.562500 0.875000 0.562500 0.906250 0.562500 0.937500 0.562500 0.968750 0.562500 1.000000 0.562500 0.000000 0.593750 0.031250 0.593750 0.062500 0.593750 0.093750 0.593750 0.125000 0.593750 0.156250 0.593750 0.187500 0.593750 0.218750 0.593750 0.250000 0.593750 0.281250 0.593750 0.312500 0.593750 0.343750 0.593750 0.375000 0.593750 0.406250 0.593750 0.437500 0.593750 0.468750 0.593750 0.500000 0.593750 0.531250 0.593750 0.562500 0.593750 0.593750 0.593750 0.625000 0.593750 0.656250 0.593750 0.687500 0.593750 0.718750 0.593750 0.750000 0.593750 0.781250 0.593750 0.812500 0.593750 0.843750 0.593750 0.875000 0.593750 0.906250 0.593750 0.937500 0.593750 0.968750 0.593750 1.000000 0.593750 0.000000 0.625000 0.031250 0.625000 0.062500 0.625000 0.093750 0.625000 0.125000 0.625000 0.156250 0.625000 0.187500 0.625000 0.218750 0.625000 0.250000 0.625000 0.281250 0.625000 0.312500 0.625000 0.343750 0.625000 0.375000 0.625000 0.406250 0.625000 0.437500 0.625000 0.468750 0.625000 0.500000 0.625000 0.531250 0.625000 0.562500 0.625000 0.593750 0.625000 0.625000 0.625000 0.656250 0.625000 0.687500 0.625000 0.718750 0.625000 0.750000 0.625000 0.781250 0.625000 0.812500 0.625000 0.843750 0.625000 0.875000 0.625000 0.906250 0.625000 0.937500 0.625000 0.968750 0.625000 1.000000 0.625000 0.000000 0.656250 0.031250 0.656250 0.062500 0.656250 0.093750 0.656250 0.125000 0.656250 0.156250 0.656250 0.187500 0.656250 0.218750 0.656250 0.250000 0.656250 0.281250 0.656250 0.312500 0.656250 0.343750 0.656250 0.375000 0.656250 0.406250 0.656250 0.437500 0.656250 0.468750 0.656250 0.500000 0.656250 0.531250 0.656250 0.562500 0.656250 0.593750 0.656250 0.625000 0.656250 0.656250 0.656250 0.687500 0.656250 0.718750 0.656250 0.750000 0.656250 0.781250 0.656250 0.812500 0.656250 0.843750 0.656250 0.875000 0.656250 0.906250 0.656250 0.937500 0.656250 0.968750 0.656250 1.000000 0.656250 0.000000 0.687500 0.031250 0.687500 0.062500 0.687500 0.093750 0.687500 0.125000 0.687500 0.156250 0.687500 0.187500 0.687500 0.218750 0.687500 0.250000 0.687500 0.281250 0.687500 0.312500 0.687500 0.343750 0.687500 0.375000 0.687500 0.406250 0.687500 0.437500 0.687500 0.468750 0.687500 0.500000 0.687500 0.531250 0.687500 0.562500 0.687500 0.593750 0.687500 0.625000 0.687500 0.656250 0.687500 0.687500 0.687500 0.718750 0.687500 0.750000 0.687500 0.781250 0.687500 0.812500 0.687500 0.843750 0.687500 0.875000 0.687500 0.906250 0.687500 0.937500 0.687500 0.968750 0.687500 1.000000 0.687500 0.000000 0.718750 0.031250 0.718750 0.062500 0.718750 0.093750 0.718750 0.125000 0.718750 0.156250 0.718750 0.187500 0.718750 0.218750 0.718750 0.250000 0.718750 0.281250 0.718750 0.312500 0.718750 0.343750 0.718750 0.375000 0.718750 0.406250 0.718750 0.437500 0.718750 0.468750 0.718750 0.500000 0.718750 0.531250 0.718750 0.562500 0.718750 0.593750 0.718750 0.625000 0.718750 0.656250 0.718750 0.687500 0.718750 0.718750 0.718750 0.750000 0.718750 0.781250 0.718750 0.812500 0.718750 0.843750 0.718750 0.875000 0.718750 0.906250 0.718750 0.937500 0.718750 0.968750 0.718750 1.000000 0.718750 0.000000 0.750000 0.031250 0.750000 0.062500 0.750000 0.093750 0.750000 0.125000 0.750000 0.156250 0.750000 0.187500 0.750000 0.218750 0.750000 0.250000 0.750000 0.281250 0.750000 0.312500 0.750000 0.343750 0.750000 0.375000 0.750000 0.406250 0.750000 0.437500 0.750000 0.468750 0.750000 0.500000 0.750000 0.531250 0.750000 0.562500 0.750000 0.593750 0.750000 0.625000 0.750000 0.656250 0.750000 0.687500 0.750000 0.718750 0.750000 0.750000 0.750000 0.781250 0.750000 0.812500 0.750000 0.843750 0.750000 0.875000 0.750000 0.906250 0.750000 0.937500 0.750000 0.968750 0.750000 1.000000 0.750000 0.000000 0.781250 0.031250 0.781250 0.062500 0.781250 0.093750 0.781250 0.125000 0.781250 0.156250 0.781250 0.187500 0.781250 0.218750 0.781250 0.250000 0.781250 0.281250 0.781250 0.312500 0.781250 0.343750 0.781250 0.375000 0.781250 0.406250 0.781250 0.437500 0.781250 0.468750 0.781250 0.500000 0.781250 0.531250 0.781250 0.562500 0.781250 0.593750 0.781250 0.625000 0.781250 0.656250 0.781250 0.687500 0.781250 0.718750 0.781250 0.750000 0.781250 0.781250 0.781250 0.812500 0.781250 0.843750 0.781250 0.875000 0.781250 0.906250 0.781250 0.937500 0.781250 0.968750 0.781250 1.000000 0.781250 0.000000 0.812500 0.031250 0.812500 0.062500 0.812500 0.093750 0.812500 0.125000 0.812500 0.156250 0.812500 0.187500 0.812500 0.218750 0.812500 0.250000 0.812500 0.281250 0.812500 0.312500 0.812500 0.343750 0.812500 0.375000 0.812500 0.406250 0.812500 0.437500 0.812500 0.468750 0.812500 0.500000 0.812500 0.531250 0.812500 0.562500 0.812500 0.593750 0.812500 0.625000 0.812500 0.656250 0.812500 0.687500 0.812500 0.718750 0.812500 0.750000 0.812500 0.781250 0.812500 0.812500 0.812500 0.843750 0.812500 0.875000 0.812500 0.906250 0.812500 0.937500 0.812500 0.968750 0.812500 1.000000 0.812500 0.000000 0.843750 0.031250 0.843750 0.062500 0.843750 0.093750 0.843750 0.125000 0.843750 0.156250 0.843750 0.187500 0.843750 0.218750 0.843750 0.250000 0.843750 0.281250 0.843750 0.312500 0.843750 0.343750 0.843750 0.375000 0.843750 0.406250 0.843750 0.437500 0.843750 0.468750 0.843750 0.500000 0.843750 0.531250 0.843750 0.562500 0.843750 0.593750 0.843750 0.625000 0.843750 0.656250 0.843750 0.687500 0.843750 0.718750 0.843750 0.750000 0.843750 0.781250 0.843750 0.812500 0.843750 0.843750 0.843750 0.875000 0.843750 0.906250 0.843750 0.937500 0.843750 0.968750 0.843750 1.000000 0.843750 0.000000 0.875000 0.031250 0.875000 0.062500 0.875000 0.093750 0.875000 0.125000 0.875000 0.156250 0.875000 0.187500 0.875000 0.218750 0.875000 0.250000 0.875000 0.281250 0.875000 0.312500 0.875000 0.343750 0.875000 0.375000 0.875000 0.406250 0.875000 0.437500 0.875000 0.468750 0.875000 0.500000 0.875000 0.531250 0.875000 0.562500 0.875000 0.593750 0.875000 0.625000 0.875000 0.656250 0.875000 0.687500 0.875000 0.718750 0.875000 0.750000 0.875000 0.781250 0.875000 0.812500 0.875000 0.843750 0.875000 0.875000 0.875000 0.906250 0.875000 0.937500 0.875000 0.968750 0.875000 1.000000 0.875000 0.000000 0.906250 0.031250 0.906250 0.062500 0.906250 0.093750 0.906250 0.125000 0.906250 0.156250 0.906250 0.187500 0.906250 0.218750 0.906250 0.250000 0.906250 0.281250 0.906250 0.312500 0.906250 0.343750 0.906250 0.375000 0.906250 0.406250 0.906250 0.437500 0.906250 0.468750 0.906250 0.500000 0.906250 0.531250 0.906250 0.562500 0.906250 0.593750 0.906250 0.625000 0.906250 0.656250 0.906250 0.687500 0.906250 0.718750 0.906250 0.750000 0.906250 0.781250 0.906250 0.812500 0.906250 0.843750 0.906250 0.875000 0.906250 0.906250 0.906250 0.937500 0.906250 0.968750 0.906250 1.000000 0.906250 0.000000 0.937500 0.031250 0.937500 0.062500 0.937500 0.093750 0.937500 0.125000 0.937500 0.156250 0.937500 0.187500 0.937500 0.218750 0.937500 0.250000 0.937500 0.281250 0.937500 0.312500 0.937500 0.343750 0.937500 0.375000 0.937500 0.406250 0.937500 0.437500 0.937500 0.468750 0.937500 0.500000 0.937500 0.531250 0.937500 0.562500 0.937500 0.593750 0.937500 0.625000 0.937500 0.656250 0.937500 0.687500 0.937500 0.718750 0.937500 0.750000 0.937500 0.781250 0.937500 0.812500 0.937500 0.843750 0.937500 0.875000 0.937500 0.906250 0.937500 0.937500 0.937500 0.968750 0.937500 1.000000 0.937500 0.000000 0.968750 0.031250 0.968750 0.062500 0.968750 0.093750 0.968750 0.125000 0.968750 0.156250 0.968750 0.187500 0.968750 0.218750 0.968750 0.250000 0.968750 0.281250 0.968750 0.312500 0.968750 0.343750 0.968750 0.375000 0.968750 0.406250 0.968750 0.437500 0.968750 0.468750 0.968750 0.500000 0.968750 0.531250 0.968750 0.562500 0.968750 0.593750 0.968750 0.625000 0.968750 0.656250 0.968750 0.687500 0.968750 0.718750 0.968750 0.750000 0.968750 0.781250 0.968750 0.812500 0.968750 0.843750 0.968750 0.875000 0.968750 0.906250 0.968750 0.937500 0.968750 0.968750 0.968750 1.000000 0.968750 0.000000 1.000000 0.031250 1.000000 0.062500 1.000000 0.093750 1.000000 0.125000 1.000000 0.156250 1.000000 0.187500 1.000000 0.218750 1.000000 0.250000 1.000000 0.281250 1.000000 0.312500 1.000000 0.343750 1.000000 0.375000 1.000000 0.406250 1.000000 0.437500 1.000000 0.468750 1.000000 0.500000 1.000000 0.531250 1.000000 0.562500 1.000000 0.593750 1.000000 0.625000 1.000000 0.656250 1.000000 0.687500 1.000000 0.718750 1.000000 0.750000 1.000000 0.781250 1.000000 0.812500 1.000000 0.843750 1.000000 0.875000 1.000000 0.906250 1.000000 0.937500 1.000000 0.968750 1.000000 1.000000 1.000000</float_array>
          <technique_common>
            <accessor source="#mesh_L60m_N32-uvs-array" count="1089" stride="2">
              <param name="S" type="float"/>
              <param name="T" type="float"/>
            </accessor>
          </technique_common>
        </source>
        <vertices id="mesh_L60m_N32-vertices">
          <input semantic="POSITION" source="#mesh_L60m_N32-positions"/>
        </vertices>
        <triangles count="2048">
          <input semantic="VERTEX" source="#mesh_L60m_N32-vertices" offset="0"/>
          <input semantic="NORMAL" source="#mesh_L60m_N32-normals" offset="1"/>
          <input semantic="TEXCOORD" source="#mesh_L60m_N32-uvs" offset="2" set="0"/>
          <p>0 0 0 33 0 33 1 0 1 1 0 1 33 0 33 34 0 34 1 0 1 34 0 34 2 0 2 2 0 2 34 0 34 35 0 35 2 0 2 35 0 35 3 0 3 3 0 3 35 0 35 36 0 36 3 0 3 36 0 36 4 0 4 4 0 4 36 0 36 37 0 37 4 0 4 37 0 37 5 0 5 5 0 5 37 0 37 38 0 38 5 0 5 38 0 38 6 0 6 6 0 6 38 0 38 39 0 39 6 0 6 39 0 39 7 0 7 7 0 7 39 0 39 40 0 40 7 0 7 40 0 40 8 0 8 8 0 8 40 0 40 41 0 41 8 0 8 41 0 41 9 0 9 9 0 9 41 0 41 42 0 42 9 0 9 42 0 42 10 0 10 10 0 10 42 0 42 43 0 43 10 0 10 43 0 43 11 0 11 11 0 11 43 0 43 44 0 44 11 0 11 44 0 44 12 0 12 12 0 12 44 0 44 45 0 45 12 0 12 45 0 45 13 0 13 13 0 13 45 0 45 46 0 46 13 0 13 46 0 46 14 0 14 14 0 14 46 0 46 47 0 47 14 0 14 47 0 47 15 0 15 15 0 15 47 0 47 48 0 48 15 0 15 48 0 48 16 0 16 16 0 16 48 0 48 49 0 49 16 0 16 49 0 49 17 0 17 17 0 17 49 0 49 50 0 50 17 0 17 50 0 50 18 0 18 18 0 18 50 0 50 51 0 51 18 0 18 51 0 51 19 0 19 19 0 19 51 0 51 52 0 52 19 0 19 52 0 52 20 0 20 20 0 20 52 0 52 53 0 53 20 0 20 53 0 53 21 0 21 21 0 21 53 0 53 54 0 54 21 0 21 54 0 54 22 0 22 22 0 22 54 0 54 55 0 55 22 0 22 55 0 55 23 0 23 23 0 23 55 0 55 56 0 56 23 0 23 56 0 56 24 0 24 24 0 24 56 0 56 57 0 57 24 0 24 57 0 57 25 0 25 25 0 25 57 0 57 58 0 58 25 0 25 58 0 58 26 0 26 26 0 26 58 0 58 59 0 59 26 0 26 59 0 59 27 0 27 27 0 27 59 0 59 60 0 60 27 0 27 60 0 60 28 0 28 28 0 28 60 0 60 61 0 61 28 0 28 61 0 61 29 0 29 29 0 29 61 0 61 62 0 62 29 0 29 62 0 62 30 0 30 30 0 30 62 0 62 63 0 63 30 0 30 63 0 63 31 0 31 31 0 31 63 0 63 64 0 64 31 0 31 64 0 64 32 0 32 32 0 32 64 0 64 65 0 65 33 0 33 66 0 66 34 0 34 34 0 34 66 0 66 67 0 67 34 0 34 67 0 67 35 0 35 35 0 35 67 0 67 68 0 68 35 0 35 68 0 68 36 0 36 36 0 36 68 0 68 69 0 69 36 0 36 69 0 69 37 0 37 37 0 37 69 0 69 70 0 70 37 0 37 70 0 70 38 0 38 38 0 38 70 0 70 71 0 71 38 0 38 71 0 71 39 0 39 39 0 39 71 0 71 72 0 72 39 0 39 72 0 72 40 0 40 40 0 40 72 0 72 73 0 73 40 0 40 73 0 73 41 0 41 41 0 41 73 0 73 74 0 74 41 0 41 74 0 74 42 0 42 42 0 42 74 0 74 75 0 75 42 0 42 75 0 75 43 0 43 43 0 43 75 0 75 76 0 76 43 0 43 76 0 76 44 0 44 44 0 44 76 0 76 77 0 77 44 0 44 77 0 77 45 0 45 45 0 45 77 0 77 78 0 78 45 0 45 78 0 78 46 0 46 46 0 46 78 0 78 79 0 79 46 0 46 79 0 79 47 0 47 47 0 47 79 0 79 80 0 80 47 0 47 80 0 80 48 0 48 48 0 48 80 0 80 81 0 81 48 0 48 81 0 81 49 0 49 49 0 49 81 0 81 82 0 82 49 0 49 82 0 82 50 0 50 50 0 50 82 0 82 83 0 83 50 0 50 83 0 83 51 0 51 51 0 51 83 0 83 84 0 84 51 0 51 84 0 84 52 0 52 52 0 52 84 0 84 85 0 85 52 0 52 85 0 85 53 0 53 53 0 53 85 0 85 86 0 86 53 0 53 86 0 86 54 0 54 54 0 54 86 0 86 87 0 87 54 0 54 87 0 87 55 0 55 55 0 55 87 0 87 88 0 88 55 0 55 88 0 88 56 0 56 56 0 56 88 0 88 89 0 89 56 0 56 89 0 89 57 0 57 57 0 57 89 0 89 90 0 90 57 0 57 90 0 90 58 0 58 58 0 58 90 0 90 91 0 91 58 0 58 91 0 91 59 0 59 59 0 59 91 0 91 92 0 92 59 0 59 92 0 92 60 0 60 60 0 60 92 0 92 93 0 93 60 0 60 93 0 93 61 0 61 61 0 61 93 0 93 94 0 94 61 0 61 94 0 94 62 0 62 62 0 62 94 0 94 95 0 95 62 0 62 95 0 95 63 0 63 63 0 63 95 0 95 96 0 96 63 0 63 96 0 96 64 0 64 64 0 64 96 0 96 97 0 97 64 0 64 97 0 97 65 0 65 65 0 65 97 0 97 98 0 98 66 0 66 99 0 99 67 0 67 67 0 67 99 0 99 100 0 100 67 0 67 100 0 100 68 0 68 68 0 68 100 0 100 101 0 101 68 0 68 101 0 101 69 0 69 69 0 69 101 0 101 102 0 102 69 0 69 102 0 102 70 0 70 70 0 70 102 0 102 103 0 103 70 0 70 103 0 103 71 0 71 71 0 71 103 0 103 104 0 104 71 0 71 104 0 104 72 0 72 72 0 72 104 0 104 105 0 105 72 0 72 105 0 105 73 0 73 73 0 73 105 0 105 106 0 106 73 0 73 106 0 106 74 0 74 74 0 74 106 0 106 107 0 107 74 0 74 107 0 107 75 0 75 75 0 75 107 0 107 108 0 108 75 0 75 108 0 108 76 0 76 76 0 76 108 0 108 109 0 109 76 0 76 109 0 109 77 0 77 77 0 77 109 0 109 110 0 110 77 0 77 110 0 110 78 0 78 78 0 78 110 0 110 111 0 111 78 0 78 111 0 111 79 0 79 79 0 79 111 0 111 112 0 112 79 0 79 112 0 112 80 0 80 80 0 80 112 0 112 113 0 113 80 0 80 113 0 113 81 0 81 81 0 81 113 0 113 114 0 114 81 0 81 114 0 114 82 0 82 82 0 82 114 0 114 115 0 115 82 0 82 115 0 115 83 0 83 83 0 83 115 0 115 116 0 116 83 0 83 116 0 116 84 0 84 84 0 84 116 0 116 117 0 117 84 0 84 117 0 117 85 0 85 85 0 85 117 0 117 118 0 118 85 0 85 118 0 118 86 0 86 86 0 86 118 0 118 119 0 119 86 0 86 119 0 119 87 0 87 87 0 87 119 0 119 120 0 120 87 0 87 120 0 120 88 0 88 88 0 88 120 0 120 121 0 121 88 0 88 121 0 121 89 0 89 89 0 89 121 0 121 122 0 122 89 0 89 122 0 122 90 0 90 90 0 90 122 0 122 123 0 123 90 0 90 123 0 123 91 0 91 91 0 91 123 0 123 124 0 124 91 0 91 124 0 124 92 0 92 92 0 92 124 0 124 125 0 125 92 0 92 125 0 125 93 0 93 93 0 93 125 0 125 126 0 126 93 0 93 126 0 126 94 0 94 94 0 94 126 0 126 127 0 127 94 0 94 127 0 127 95 0 95 95 0 95 127 0 127 128 0 128 95 0 95 128 0 128 96 0 96 96 0 96 128 0 128 129 0 129 96 0 96 129 0 129 97 0 97 97 0 97 129 0 129 130 0 130 97 0 97 130 0 130 98 0 98 98 0 98 130 0 130 131 0 131 99 0 99 132 0 132 100 0 100 100 0 100 132 0 132 133 0 133 100 0 100 133 0 133 101 0 101 101 0 101 133 0 133 134 0 134 101 0 101 134 0 134 102 0 102 102 0 102 134 0 134 135 0 135 102 0 102 135 0 135 103 0 103 103 0 103 135 0 135 136 0 136 103 0 103 136 0 136 104 0 104 104 0 104 136 0 136 137 0 137 104 0 104 137 0 137 105 0 105 105 0 105 137 0 137 138 0 138 105 0 105 138 0 138 106 0 106 106 0 106 138 0 138 139 0 139 106 0 106 139 0 139 107 0 107 107 0 107 139 0 139 140 0 140 107 0 107 140 0 140 108 0 108 108 0 108 140 0 140 141 0 141 108 0 108 141 0 141 109 0 109 109 0 109 141 0 141 142 0 142 109 0 109 142 0 142 110 0 110 110 0 110 142 0 142 143 0 143 110 0 110 143 0 143 111 0 111 111 0 111 143 0 143 144 0 144 111 0 111 144 0 144 112 0 112 112 0 112 144 0 144 145 0 145 112 0 112 145 0 145 113 0 113 113 0 113 145 0 145 146 0 146 113 0 113 146 0 146 114 0 114 114 0 114 146 0 146 147 0 147 114 0 114 147 0 147 115 0 115 115 0 115 147 0 147 148 0 148 115 0 115 148 0 148 116 0 116 116 0 116 148 0 148 149 0 149 116 0 116 149 0 149 117 0 117 117 0 117 149 0 149 150 0 150 117 0 117 150 0 150 118 0 118 118 0 118 150 0 150 151 0 151 118 0 118 151 0 151 119 0 119 119 0 119 151 0 151 152 0 152 119 0 119 152 0 152 120 0 120 120 0 120 152 0 152 153 0 153 120 0 120 153 0 153 121 0 121 121 0 121 153 0 153 154 0 154 121 0 121 154 0 154 122 0 122 122 0 122 154 0 154 155 0 155 122 0 122 155 0 155 123 0 123 123 0 123 155 0 155 156 0 156 123 0 123 156 0 156 124 0 124 124 0 124 156 0 156 157 0 157 124 0 124 157 0 157 125 0 125 125 0 125 157 0 157 158 0 158 125 0 125 158 0 158 126 0 126 126 0 126 158 0 158 159 0 159 126 0 126 159 0 159 127 0 127 127 0 127 159 0 159 160 0 160 127 0 127 160 0 160 128 0 128 128 0 128 160 0 160 161 0 161 128 0 128 161 0 161 129 0 129 129 0 129 161 0 161 162 0 162 129 0 129 162 0 162 130 0 130 130 0 130 162 0 162 163 0 163 130 0 130 163 0 163 131 0 131 131 0 131 163 0 163 164 0 164 132 0 132 165 0 165 133 0 133 133 0 133 165 0 165 166 0 166 133 0 133 166 0 166 134 0 134 134 0 134 166 0 166 167 0 167 134 0 134 167 0 167 135 0 135 135 0 135 167 0 167 168 0 168 135 0 135 168 0 168 136 0 136 136 0 136 168 0 168 169 0 169 136 0 136 169 0 169 137 0 137 137 0 137 169 0 169 170 0 170 137 0 137 170 0 170 138 0 138 138 0 138 170 0 170 171 0 171 138 0 138 171 0 171 139 0 139 139 0 139 171 0 171 172 0 172 139 0 139 172 0 172 140 0 140 140 0 140 172 0 172 173 0 173 140 0 140 173 0 173 141 0 141 141 0 141 173 0 173 174 0 174 141 0 141 174 0 174 142 0 142 142 0 142 174 0 174 175 0 175 142 0 142 175 0 175 143 0 143 143 0 143 175 0 175 176 0 176 143 0 143 176 0 176 144 0 144 144 0 144 176 0 176 177 0 177 144 0 144 177 0 177 145 0 145 145 0 145 177 0 177 178 0 178 145 0 145 178 0 178 146 0 146 146 0 146 178 0 178 179 0 179 146 0 146 179 0 179 147 0 147 147 0 147 179 0 179 180 0 180 147 0 147 180 0 180 148 0 148 148 0 148 180 0 180 181 0 181 148 0 148 181 0 181 149 0 149 149 0 149 181 0 181 182 0 182 149 0 149 182 0 182 150 0 150 150 0 150 182 0 182 183 0 183 150 0 150 183 0 183 151 0 151 151 0 151 183 0 183 184 0 184 151 0 151 184 0 184 152 0 152 152 0 152 184 0 184 185 0 185 152 0 152 185 0 185 153 0 153 153 0 153 185 0 185 186 0 186 153 0 153 186 0 186 154 0 154 154 0 154 186 0 186 187 0 187 154 0 154 187 0 187 155 0 155 155 0 155 187 0 187 188 0 188 155 0 155 188 0 188 156 0 156 156 0 156 188 0 188 189 0 189 156 0 156 189 0 189 157 0 157 157 0 157 189 0 189 190 0 190 157 0 157 190 0 190 158 0 158 158 0 158 190 0 190 191 0 191 158 0 158 191 0 191 159 0 159 159 0 159 191 0 191 192 0 192 159 0 159 192 0 192 160 0 160 160 0 160 192 0 192 193 0 193 160 0 160 193 0 193 161 0 161 161 0 161 193 0 193 194 0 194 161 0 161 194 0 194 162 0 162 162 0 162 194 0 194 195 0 195 162 0 162 195 0 195 163 0 163 163 0 163 195 0 195 196 0 196 163 0 163 196 0 196 164 0 164 164 0 164 196 0 196 197 0 197 165 0 165 198 0 198 166 0 166 166 0 166 198 0 198 199 0 199 166 0 166 199 0 199 167 0 167 167 0 167 199 0 199 200 0 200 167 0 167 200 0 200 168 0 168 168 0 168 200 0 200 201 0 201 168 0 168 201 0 201 169 0 169 169 0 169 201 0 201 202 0 202 169 0 169 202 0 202 170 0 170 170 0 170 202 0 202 203 0 203 170 0 170 203 0 203 171 0 171 171 0 171 203 0 203 204 0 204 171 0 171 204 0 204 172 0 172 172 0 172 204 0 204 205 0 205 172 0 172 205 0 205 173 0 173 173 0 173 205 0 205 206 0 206 173 0 173 206 0 206 174 0 174 174 0 174 206 0 206 207 0 207 174 0 174 207 0 207 175 0 175 175 0 175 207 0 207 208 0 208 175 0 175 208 0 208 176 0 176 176 0 176 208 0 208 209 0 209 176 0 176 209 0 209 177 0 177 177 0 177 209 0 209 210 0 210 177 0 177 210 0 210 178 0 178 178 0 178 210 0 210 211 0 211 178 0 178 211 0 211 179 0 179 179 0 179 211 0 211 212 0 212 179 0 179 212 0 212 180 0 180 180 0 180 212 0 212 213 0 213 180 0 180 213 0 213 181 0 181 181 0 181 213 0 213 214 0 214 181 0 181 214 0 214 182 0 182 182 0 182 214 0 214 215 0 215 182 0 182 215 0 215 183 0 183 183 0 183 215 0 215 216 0 216 183 0 183 216 0 216 184 0 184 184 0 184 216 0 216 217 0 217 184 0 184 217 0 217 185 0 185 185 0 185 217 0 217 218 0 218 185 0 185 218 0 218 186 0 186 186 0 186 218 0 218 219 0 219 186 0 186 219 0 219 187 0 187 187 0 187 219 0 219 220 0 220 187 0 187 220 0 220 188 0 188 188 0 188 220 0 220 221 0 221 188 0 188 221 0 221 189 0 189 189 0 189 221 0 221 222 0 222 189 0 189 222 0 222 190 0 190 190 0 190 222 0 222 223 0 223 190 0 190 223 0 223 191 0 191 191 0 191 223 0 223 224 0 224 191 0 191 224 0 224 192 0 192 192 0 192 224 0 224 225 0 225 192 0 192 225 0 225 193 0 193 193 0 193 225 0 225 226 0 226 193 0 193 226 0 226 194 0 194 194 0 194 226 0 226 227 0 227 194 0 194 227 0 227 195 0 195 195 0 195 227 0 227 228 0 228 195 0 195 228 0 228 196 0 196 196 0 196 228 0 228 229 0 229 196 0 196 229 0 229 197 0 197 197 0 197 229 0 229 230 0 230 198 0 198 231 0 231 199 0 199 199 0 199 231 0 231 232 0 232 199 0 199 232 0 232 200 0 200 200 0 200 232 0 232 233 0 233 200 0 200 233 0 233 201 0 201 201 0 201 233 0 233 234 0 234 201 0 201 234 0 234 202 0 202 202 0 202 234 0 234 235 0 235 202 0 202 235 0 235 203 0 203 203 0 203 235 0 235 236 0 236 203 0 203 236 0 236 204 0 204 204 0 204 236 0 236 237 0 237 204 0 204 237 0 237 205 0 205 205 0 205 237 0 237 238 0 238 205 0 205 238 0 238 206 0 206 206 0 206 238 0 238 239 0 239 206 0 206 239 0 239 207 0 207 207 0 207 239 0 239 240 0 240 207 0 207 240 0 240 208 0 208 208 0 208 240 0 240 241 0 241 208 0 208 241 0 241 209 0 209 209 0 209 241 0 241 242 0 242 209 0 209 242 0 242 210 0 210 210 0 210 242 0 242 243 0 243 210 0 210 243 0 243 211 0 211 211 0 211 243 0 243 244 0 244 211 0 211 244 0 244 212 0 212 212 0 212 244 0 244 245 0 245 212 0 212 245 0 245 213 0 213 213 0 213 245 0 245 246 0 246 213 0 213 246 0 246 214 0 214 214 0 214 246 0 246 247 0 247 214 0 214 247 0 247 215 0 215 215 0 215 247 0 247 248 0 248 215 0 215 248 0 248 216 0 216 216 0 216 248 0 248 249 0 249 216 0 216 249 0 249 217 0 217 217 0 217 249 0 249 250 0 250 217 0 217 250 0 250 218 0 218 218 0 218 250 0 250 251 0 251 218 0 218 251 0 251 219 0 219 219 0 219 251 0 251 252 0 252 219 0 219 252 0 252 220 0 220 220 0 220 252 0 252 253 0 253 220 0 220 253 0 253 221 0 221 221 0 221 253 0 253 254 0 254 221 0 221 254 0 254 222 0 222 222 0 222 254 0 254 255 0 255 222 0 222 255 0 255 223 0 223 223 0 223 255 0 255 256 0 256 223 0 223 256 0 256 224 0 224 224 0 224 256 0 256 257 0 257 224 0 224 257 0 257 225 0 225 225 0 225 257 0 257 258 0 258 225 0 225 258 0 258 226 0 226 226 0 226 258 0 258 259 0 259 226 0 226 259 0 259 227 0 227 227 0 227 259 0 259 260 0 260 227 0 227 260 0 260 228 0 228 228 0 228 260 0 260 261 0 261 228 0 228 261 0 261 229 0 229 229 0 229 261 0 261 262 0 262 229 0 229 262 0 262 230 0 230 230 0 230 262 0 262 263 0 263 231 0 231 264 0 264 232 0 232 232 0 232 264 0 264 265 0 265 232 0 232 265 0 265 233 0 233 233 0 233 265 0 265 266 0 266 233 0 233 266 0 266 234 0 234 234 0 234 266 0 266 267 0 267 234 0 234 267 0 267 235 0 235 235 0 235 267 0 267 268 0 268 235 0 235 268 0 268 236 0 236 236 0 236 268 0 268 269 0 269 236 0 236 269 0 269 237 0 237 237 0 237 269 0 269 270 0 270 237 0 237 270 0 270 238 0 238 238 0 238 270 0 270 271 0 271 238 0 238 271 0 271 239 0 239 239 0 239 271 0 271 272 0 272 239 0 239 272 0 272 240 0 240 240 0 240 272 0 272 273 0 273 240 0 240 273 0 273 241 0 241 241 0 241 273 0 273 274 0 274 241 0 241 274 0 274 242 0 242 242 0 242 274 0 274 275 0 275 242 0 242 275 0 275 243 0 243 243 0 243 275 0 275 276 0 276 243 0 243 276 0 276 244 0 244 244 0 244 276 0 276 277 0 277 244 0 244 277 0 277 245 0 245 245 0 245 277 0 277 278 0 278 245 0 245 278 0 278 246 0 246 246 0 246 278 0 278 279 0 279 246 0 246 279 0 279 247 0 247 247 0 247 279 0 279 280 0 280 247 0 247 280 0 280 248 0 248 248 0 248 280 0 280 281 0 281 248 0 248 281 0 281 249 0 249 249 0 249 281 0 281 282 0 282 249 0 249 282 0 282 250 0 250 250 0 250 282 0 282 283 0 283 250 0 250 283 0 283 251 0 251 251 0 251 283 0 283 284 0 284 251 0 251 284 0 284 252 0 252 252 0 252 284 0 284 285 0 285 252 0 252 285 0 285 253 0 253 253 0 253 285 0 285 286 0 286 253 0 253 286 0 286 254 0 254 254 0 254 286 0 286 287 0 287 254 0 254 287 0 287 255 0 255 255 0 255 287 0 287 288 0 288 255 0 255 288 0 288 256 0 256 256 0 256 288 0 288 289 0 289 256 0 256 289 0 289 257 0 257 257 0 257 289 0 289 290 0 290 257 0 257 290 0 290 258 0 258 258 0 258 290 0 290 291 0 291 258 0 258 291 0 291 259 0 259 259 0 259 291 0 291 292 0 292 259 0 259 292 0 292 260 0 260 260 0 260 292 0 292 293 0 293 260 0 260 293 0 293 261 0 261 261 0 261 293 0 293 294 0 294 261 0 261 294 0 294 262 0 262 262 0 262 294 0 294 295 0 295 262 0 262 295 0 295 263 0 263 263 0 263 295 0 295 296 0 296 264 0 264 297 0 297 265 0 265 265 0 265 297 0 297 298 0 298 265 0 265 298 0 298 266 0 266 266 0 266 298 0 298 299 0 299 266 0 266 299 0 299 267 0 267 267 0 267 299 0 299 300 0 300 267 0 267 300 0 300 268 0 268 268 0 268 300 0 300 301 0 301 268 0 268 301 0 301 269 0 269 269 0 269 301 0 301 302 0 302 269 0 269 302 0 302 270 0 270 270 0 270 302 0 302 303 0 303 270 0 270 303 0 303 271 0 271 271 0 271 303 0 303 304 0 304 271 0 271 304 0 304 272 0 272 272 0 272 304 0 304 305 0 305 272 0 272 305 0 305 273 0 273 273 0 273 305 0 305 306 0 306 273 0 273 306 0 306 274 0 274 274 0 274 306 0 306 307 0 307 274 0 274 307 0 307 275 0 275 275 0 275 307 0 307 308 0 308 275 0 275 308 0 308 276 0 276 276 0 276 308 0 308 309 0 309 276 0 276 309 0 309 277 0 277 277 0 277 309 0 309 310 0 310 277 0 277 310 0 310 278 0 278 278 0 278 310 0 310 311 0 311 278 0 278 311 0 311 279 0 279 279 0 279 311 0 311 312 0 312 279 0 279 312 0 312 280 0 280 280 0 280 312 0 312 313 0 313 280 0 280 313 0 313 281 0 281 281 0 281 313 0 313 314 0 314 281 0 281 314 0 314 282 0 282 282 0 282 314 0 314 315 0 315 282 0 282 315 0 315 283 0 283 283 0 283 315 0 315 316 0 316 283 0 283 316 0 316 284 0 284 284 0 284 316 0 316 317 0 317 284 0 284 317 0 317 285 0 285 285 0 285 317 0 317 318 0 318 285 0 285 318 0 318 286 0 286 286 0 286 318 0 318 319 0 319 286 0 286 319 0 319 287 0 287 287 0 287 319 0 319 320 0 320 287 0 287 320 0 320 288 0 288 288 0 288 320 0 320 321 0 321 288 0 288 321 0 321 289 0 289 289 0 289 321 0 321 322 0 322 289 0 289 322 0 322 290 0 290 290 0 290 322 0 322 323 0 323 290 0 290 323 0 323 291 0 291 291 0 291 323 0 323 324 0 324 291 0 291 324 0 324 292 0 292 292 0 292 324 0 324 325 0 325 292 0 292 325 0 325 293 0 293 293 0 293 325 0 325 326 0 326 293 0 293 326 0 326 294 0 294 294 0 294 326 0 326 327 0 327 294 0 294 327 0 327 295 0 295 295 0 295 327 0 327 328 0 328 295 0 295 328 0 328 296 0 296 296 0 296 328 0 328 329 0 329 297 0 297 330 0 330 298 0 298 298 0 298 330 0 330 331 0 331 298 0 298 331 0 331 299 0 299 299 0 299 331 0 331 332 0 332 299 0 299 332 0 332 300 0 300 300 0 300 332 0 332 333 0 333 300 0 300 333 0 333 301 0 301 301 0 301 333 0 333 334 0 334 301 0 301 334 0 334 302 0 302 302 0 302 334 0 334 335 0 335 302 0 302 335 0 335 303 0 303 303 0 303 335 0 335 336 0 336 303 0 303 336 0 336 304 0 304 304 0 304 336 0 336 337 0 337 304 0 304 337 0 337 305 0 305 305 0 305 337 0 337 338 0 338 305 0 305 338 0 338 306 0 306 306 0 306 338 0 338 339 0 339 306 0 306 339 0 339 307 0 307 307 0 307 339 0 339 340 0 340 307 0 307 340 0 340 308 0 308 308 0 308 340 0 340 341 0 341 308 0 308 341 0 341 309 0 309 309 0 309 341 0 341 342 0 342 309 0 309 342 0 342 310 0 310 310 0 310 342 0 342 343 0 343 310 0 310 343 0 343 311 0 311 311 0 311 343 0 343 344 0 344 311 0 311 344 0 344 312 0 312 312 0 312 344 0 344 345 0 345 312 0 312 345 0 345 313 0 313 313 0 313 345 0 345 346 0 346 313 0 313 346 0 346 314 0 314 314 0 314 346 0 346 347 0 347 314 0 314 347 0 347 315 0 315 315 0 315 347 0 347 348 0 348 315 0 315 348 0 348 316 0 316 316 0 316 348 0 348 349 0 349 316 0 316 349 0 349 317 0 317 317 0 317 349 0 349 350 0 350 317 0 317 350 0 350 318 0 318 318 0 318 350 0 350 351 0 351 318 0 318 351 0 351 319 0 319 319 0 319 351 0 351 352 0 352 319 0 319 352 0 352 320 0 320 320 0 320 352 0 352 353 0 353 320 0 320 353 0 353 321 0 321 321 0 321 353 0 353 354 0 354 321 0 321 354 0 354 322 0 322 322 0 322 354 0 354 355 0 355 322 0 322 355 0 355 323 0 323 323 0 323 355 0 355 356 0 356 323 0 323 356 0 356 324 0 324 324 0 324 356 0 356 357 0 357 324 0 324 357 0 357 325 0 325 325 0 325 357 0 357 358 0 358 325 0 325 358 0 358 326 0 326 326 0 326 358 0 358 359 0 359 326 0 326 359 0 359 327 0 327 327 0 327 359 0 359 360 0 360 327 0 327 360 0 360 328 0 328 328 0 328 360 0 360 361 0 361 328 0 328 361 0 361 329 0 329 329 0 329 361 0 361 362 0 362 330 0 330 363 0 363 331 0 331 331 0 331 363 0 363 364 0 364 331 0 331 364 0 364 332 0 332 332 0 332 364 0 364 365 0 365 332 0 332 365 0 365 333 0 333 333 0 333 365 0 365 366 0 366 333 0 333 366 0 366 334 0 334 334 0 334 366 0 366 367 0 367 334 0 334 367 0 367 335 0 335 335 0 335 367 0 367 368 0 368 335 0 335 368 0 368 336 0 336 336 0 336 368 0 368 369 0 369 336 0 336 369 0 369 337 0 337 337 0 337 369 0 369 370 0 370 337 0 337 370 0 370 338 0 338 338 0 338 370 0 370 371 0 371 338 0 338 371 0 371 339 0 339 339 0 339 371 0 371 372 0 372 339 0 339 372 0 372 340 0 340 340 0 340 372 0 372 373 0 373 340 0 340 373 0 373 341 0 341 341 0 341 373 0 373 374 0 374 341 0 341 374 0 374 342 0 342 342 0 342 374 0 374 375 0 375 342 0 342 375 0 375 343 0 343 343 0 343 375 0 375 376 0 376 343 0 343 376 0 376 344 0 344 344 0 344 376 0 376 377 0 377 344 0 344 377 0 377 345 0 345 345 0 345 377 0 377 378 0 378 345 0 345 378 0 378 346 0 346 346 0 346 378 0 378 379 0 379 346 0 346 379 0 379 347 0 347 347 0 347 379 0 379 380 0 380 347 0 347 380 0 380 348 0 348 348 0 348 380 0 380 381 0 381 348 0 348 381 0 381 349 0 349 349 0 349 381 0 381 382 0 382 349 0 349 382 0 382 350 0 350 350 0 350 382 0 382 383 0 383 350 0 350 383 0 383 351 0 351 351 0 351 383 0 383 384 0 384 351 0 351 384 0 384 352 0 352 352 0 352 384 0 384 385 0 385 352 0 352 385 0 385 353 0 353 353 0 353 385 0 385 386 0 386 353 0 353 386 0 386 354 0 354 354 0 354 386 0 386 387 0 387 354 0 354 387 0 387 355 0 355 355 0 355 387 0 387 388 0 388 355 0 355 388 0 388 356 0 356 356 0 356 388 0 388 389 0 389 356 0 356 389 0 389 357 0 357 357 0 357 389 0 389 390 0 390 357 0 357 390 0 390 358 0 358 358 0 358 390 0 390 391 0 391 358 0 358 391 0 391 359 0 359 359 0 359 391 0 391 392 0 392 359 0 359 392 0 392 360 0 360 360 0 360 392 0 392 393 0 393 360 0 360 393 0 393 361 0 361 361 0 361 393 0 393 394 0 394 361 0 361 394 0 394 362 0 362 362 0 362 394 0 394 395 0 395 363 0 363 396 0 396 364 0 364 364 0 364 396 0 396 397 0 397 364 0 364 397 0 397 365 0 365 365 0 365 397 0 397 398 0 398 365 0 365 398 0 398 366 0 366 366 0 366 398 0 398 399 0 399 366 0 366 399 0 399 367 0 367 367 0 367 399 0 399 400 0 400 367 0 367 400 0 400 368 0 368 368 0 368 400 0 400 401 0 401 368 0 368 401 0 401 369 0 369 369 0 369 401 0 401 402 0 402 369 0 369 402 0 402 370 0 370 370 0 370 402 0 402 403 0 403 370 0 370 403 0 403 371 0 371 371 0 371 403 0 403 404 0 404 371 0 371 404 0 404 372 0 372 372 0 372 404 0 404 405 0 405 372 0 372 405 0 405 373 0 373 373 0 373 405 0 405 406 0 406 373 0 373 406 0 406 374 0 374 374 0 374 406 0 406 407 0 407 374 0 374 407 0 407 375 0 375 375 0 375 407 0 407 408 0 408 375 0 375 408 0 408 376 0 376 376 0 376 408 0 408 409 0 409 376 0 376 409 0 409 377 0 377 377 0 377 409 0 409 410 0 410 377 0 377 410 0 410 378 0 378 378 0 378 410 0 410 411 0 411 378 0 378 411 0 411 379 0 379 379 0 379 411 0 411 412 0 412 379 0 379 412 0 412 380 0 380 380 0 380 412 0 412 413 0 413 380 0 380 413 0 413 381 0 381 381 0 381 413 0 413 414 0 414 381 0 381 414 0 414 382 0 382 382 0 382 414 0 414 415 0 415 382 0 382 415 0 415 383 0 383 383 0 383 415 0 415 416 0 416 383 0 383 416 0 416 384 0 384 384 0 384 416 0 416 417 0 417 384 0 384 417 0 417 385 0 385 385 0 385 417 0 417 418 0 418 385 0 385 418 0 418 386 0 386 386 0 386 418 0 418 419 0 419 386 0 386 419 0 419 387 0 387 387 0 387 419 0 419 420 0 420 387 0 387 420 0 420 388 0 388 388 0 388 420 0 420 421 0 421 388 0 388 421 0 421 389 0 389 389 0 389 421 0 421 422 0 422 389 0 389 422 0 422 390 0 390 390 0 390 422 0 422 423 0 423 390 0 390 423 0 423 391 0 391 391 0 391 423 0 423 424 0 424 391 0 391 424 0 424 392 0 392 392 0 392 424 0 424 425 0 425 392 0 392 425 0 425 393 0 393 393 0 393 425 0 425 426 0 426 393 0 393 426 0 426 394 0 394 394 0 394 426 0 426 427 0 427 394 0 394 427 0 427 395 0 395 395 0 395 427 0 427 428 0 428 396 0 396 429 0 429 397 0 397 397 0 397 429 0 429 430 0 430 397 0 397 430 0 430 398 0 398 398 0 398 430 0 430 431 0 431 398 0 398 431 0 431 399 0 399 399 0 399 431 0 431 432 0 432 399 0 399 432 0 432 400 0 400 400 0 400 432 0 432 433 0 433 400 0 400 433 0 433 401 0 401 401 0 401 433 0 433 434 0 434 401 0 401 434 0 434 402 0 402 402 0 402 434 0 434 435 0 435 402 0 402 435 0 435 403 0 403 403 0 403 435 0 435 436 0 436 403 0 403 436 0 436 404 0 404 404 0 404 436 0 436 437 0 437 404 0 404 437 0 437 405 0 405 405 0 405 437 0 437 438 0 438 405 0 405 438 0 438 406 0 406 406 0 406 438 0 438 439 0 439 406 0 406 439 0 439 407 0 407 407 0 407 439 0 439 440 0 440 407 0 407 440 0 440 408 0 408 408 0 408 440 0 440 441 0 441 408 0 408 441 0 441 409 0 409 409 0 409 441 0 441 442 0 442 409 0 409 442 0 442 410 0 410 410 0 410 442 0 442 443 0 443 410 0 410 443 0 443 411 0 411 411 0 411 443 0 443 444 0 444 411 0 411 444 0 444 412 0 412 412 0 412 444 0 444 445 0 445 412 0 412 445 0 445 413 0 413 413 0 413 445 0 445 446 0 446 413 0 413 446 0 446 414 0 414 414 0 414 446 0 446 447 0 447 414 0 414 447 0 447 415 0 415 415 0 415 447 0 447 448 0 448 415 0 415 448 0 448 416 0 416 416 0 416 448 0 448 449 0 449 416 0 416 449 0 449 417 0 417 417 0 417 449 0 449 450 0 450 417 0 417 450 0 450 418 0 418 418 0 418 450 0 450 451 0 451 418 0 418 451 0 451 419 0 419 419 0 419 451 0 451 452 0 452 419 0 419 452 0 452 420 0 420 420 0 420 452 0 452 453 0 453 420 0 420 453 0 453 421 0 421 421 0 421 453 0 453 454 0 454 421 0 421 454 0 454 422 0 422 422 0 422 454 0 454 455 0 455 422 0 422 455 0 455 423 0 423 423 0 423 455 0 455 456 0 456 423 0 423 456 0 456 424 0 424 424 0 424 456 0 456 457 0 457 424 0 424 457 0 457 425 0 425 425 0 425 457 0 457 458 0 458 425 0 425 458 0 458 426 0 426 426 0 426 458 0 458 459 0 459 426 0 426 459 0 459 427 0 427 427 0 427 459 0 459 460 0 460 427 0 427 460 0 460 428 0 428 428 0 428 460 0 460 461 0 461 429 0 429 462 0 462 430 0 430 430 0 430 462 0 462 463 0 463 430 0 430 463 0 463 431 0 431 431 0 431 463 0 463 464 0 464 431 0 431 464 0 464 432 0 432 432 0 432 464 0 464 465 0 465 432 0 432 465 0 465 433 0 433 433 0 433 465 0 465 466 0 466 433 0 433 466 0 466 434 0 434 434 0 434 466 0 466 467 0 467 434 0 434 467 0 467 435 0 435 435 0 435 467 0 467 468 0 468 435 0 435 468 0 468 436 0 436 436 0 436 468 0 468 469 0 469 436 0 436 469 0 469 437 0 437 437 0 437 469 0 469 470 0 470 437 0 437 470 0 470 438 0 438 438 0 438 470 0 470 471 0 471 438 0 438 471 0 471 439 0 439 439 0 439 471 0 471 472 0 472 439 0 439 472 0 472 440 0 440 440 0 440 472 0 472 473 0 473 440 0 440 473 0 473 441 0 441 441 0 441 473 0 473 474 0 474 441 0 441 474 0 474 442 0 442 442 0 442 474 0 474 475 0 475 442 0 442 475 0 475 443 0 443 443 0 443 475 0 475 476 0 476 443 0 443 476 0 476 444 0 444 444 0 444 476 0 476 477 0 477 444 0 444 477 0 477 445 0 445 445 0 445 477 0 477 478 0 478 445 0 445 478 0 478 446 0 446 446 0 446 478 0 478 479 0 479 446 0 446 479 0 479 447 0 447 447 0 447 479 0 479 480 0 480 447 0 447 480 0 480 448 0 448 448 0 448 480 0 480 481 0 481 448 0 448 481 0 481 449 0 449 449 0 449 481 0 481 482 0 482 449 0 449 482 0 482 450 0 450 450 0 450 482 0 482 483 0 483 450 0 450 483 0 483 451 0 451 451 0 451 483 0 483 484 0 484 451 0 451 484 0 484 452 0 452 452 0 452 484 0 484 485 0 485 452 0 452 485 0 485 453 0 453 453 0 453 485 0 485 486 0 486 453 0 453 486 0 486 454 0 454 454 0 454 486 0 486 487 0 487 454 0 454 487 0 487 455 0 455 455 0 455 487 0 487 488 0 488 455 0 455 488 0 488 456 0 456 456 0 456 488 0 488 489 0 489 456 0 456 489 0 489 457 0 457 457 0 457 489 0 489 490 0 490 457 0 457 490 0 490 458 0 458 458 0 458 490 0 490 491 0 491 458 0 458 491 0 491 459 0 459 459 0 459 491 0 491 492 0 492 459 0 459 492 0 492 460 0 460 460 0 460 492 0 492 493 0 493 460 0 460 493 0 493 461 0 461 461 0 461 493 0 493 494 0 494 462 0 462 495 0 495 463 0 463 463 0 463 495 0 495 496 0 496 463 0 463 496 0 496 464 0 464 464 0 464 496 0 496 497 0 497 464 0 464 497 0 497 465 0 465 465 0 465 497 0 497 498 0 498 465 0 465 498 0 498 466 0 466 466 0 466 498 0 498 499 0 499 466 0 466 499 0 499 467 0 467 467 0 467 499 0 499 500 0 500 467 0 467 500 0 500 468 0 468 468 0 468 500 0 500 501 0 501 468 0 468 501 0 501 469 0 469 469 0 469 501 0 501 502 0 502 469 0 469 502 0 502 470 0 470 470 0 470 502 0 502 503 0 503 470 0 470 503 0 503 471 0 471 471 0 471 503 0 503 504 0 504 471 0 471 504 0 504 472 0 472 472 0 472 504 0 504 505 0 505 472 0 472 505 0 505 473 0 473 473 0 473 505 0 505 506 0 506 473 0 473 506 0 506 474 0 474 474 0 474 506 0 506 507 0 507 474 0 474 507 0 507 475 0 475 475 0 475 507 0 507 508 0 508 475 0 475 508 0 508 476 0 476 476 0 476 508 0 508 509 0 509 476 0 476 509 0 509 477 0 477 477 0 477 509 0 509 510 0 510 477 0 477 510 0 510 478 0 478 478 0 478 510 0 510 511 0 511 478 0 478 511 0 511 479 0 479 479 0 479 511 0 511 512 0 512 479 0 479 512 0 512 480 0 480 480 0 480 512 0 512 513 0 513 480 0 480 513 0 513 481 0 481 481 0 481 513 0 513 514 0 514 481 0 481 514 0 514 482 0 482 482 0 482 514 0 514 515 0 515 482 0 482 515 0 515 483 0 483 483 0 483 515 0 515 516 0 516 483 0 483 516 0 516 484 0 484 484 0 484 516 0 516 517 0 517 484 0 484 517 0 517 485 0 485 485 0 485 517 0 517 518 0 518 485 0 485 518 0 518 486 0 486 486 0 486 518 0 518 519 0 519 486 0 486 519 0 519 487 0 487 487 0 487 519 0 519 520 0 520 487 0 487 520 0 520 488 0 488 488 0 488 520 0 520 521 0 521 488 0 488 521 0 521 489 0 489 489 0 489 521 0 521 522 0 522 489 0 489 522 0 522 490 0 490 490 0 490 522 0 522 523 0 523 490 0 490 523 0 523 491 0 491 491 0 491 523 0 523 524 0 524 491 0 491 524 0 524 492 0 492 492 0 492 524 0 524 525 0 525 492 0 492 525 0 525 493 0 493 493 0 493 525 0 525 526 0 526 493 0 493 526 0 526 494 0 494 494 0 494 526 0 526 527 0 527 495 0 495 528 0 528 496 0 496 496 0 496 528 0 528 529 0 529 496 0 496 529 0 529 497 0 497 497 0 497 529 0 529 530 0 530 497 0 497 530 0 530 498 0 498 498 0 498 530 0 530 531 0 531 498 0 498 531 0 531 499 0 499 499 0 499 531 0 531 532 0 532 499 0 499 532 0 532 500 0 500 500 0 500 532 0 532 533 0 533 500 0 500 533 0 533 501 0 501 501 0 501 533 0 533 534 0 534 501 0 501 534 0 534 502 0 502 502 0 502 534 0 534 535 0 535 502 0 502 535 0 535 503 0 503 503 0 503 535 0 535 536 0 536 503 0 503 536 0 536 504 0 504 504 0 504 536 0 536 537 0 537 504 0 504 537 0 537 505 0 505 505 0 505 537 0 537 538 0 538 505 0 505 538 0 538 506 0 506 506 0 506 538 0 538 539 0 539 506 0 506 539 0 539 507 0 507 507 0 507 539 0 539 540 0 540 507 0 507 540 0 540 508 0 508 508 0 508 540 0 540 541 0 541 508 0 508 541 0 541 509 0 509 509 0 509 541 0 541 542 0 542 509 0 509 542 0 542 510 0 510 510 0 510 542 0 542 543 0 543 510 0 510 543 0 543 511 0 511 511 0 511 543 0 543 544 0 544 511 0 511 544 0 544 512 0 512 512 0 512 544 0 544 545 0 545 512 0 512 545 0 545 513 0 513 513 0 513 545 0 545 546 0 546 513 0 513 546 0 546 514 0 514 514 0 514 546 0 546 547 0 547 514 0 514 547 0 547 515 0 515 515 0 515 547 0 547 548 0 548 515 0 515 548 0 548 516 0 516 516 0 516 548 0 548 549 0 549 516 0 516 549 0 549 517 0 517 517 0 517 549 0 549 550 0 550 517 0 517 550 0 550 518 0 518 518 0 518 550 0 550 551 0 551 518 0 518 551 0 551 519 0 519 519 0 519 551 0 551 552 0 552 519 0 519 552 0 552 520 0 520 520 0 520 552 0 552 553 0 553 520 0 520 553 0 553 521 0 521 521 0 521 553 0 553 554 0 554 521 0 521 554 0 554 522 0 522 522 0 522 554 0 554 555 0 555 522 0 522 555 0 555 523 0 523 523 0 523 555 0 555 556 0 556 523 0 523 556 0 556 524 0 524 524 0 524 556 0 556 557 0 557 524 0 524 557 0 557 525 0 525 525 0 525 557 0 557 558 0 558 525 0 525 558 0 558 526 0 526 526 0 526 558 0 558 559 0 559 526 0 526 559 0 559 527 0 527 527 0 527 559 0 559 560 0 560 528 0 528 561 0 561 529 0 529 529 0 529 561 0 561 562 0 562 529 0 529 562 0 562 530 0 530 530 0 530 562 0 562 563 0 563 530 0 530 563 0 563 531 0 531 531 0 531 563 0 563 564 0 564 531 0 531 564 0 564 532 0 532 532 0 532 564 0 564 565 0 565 532 0 532 565 0 565 533 0 533 533 0 533 565 0 565 566 0 566 533 0 533 566 0 566 534 0 534 534 0 534 566 0 566 567 0 567 534 0 534 567 0 567 535 0 535 535 0 535 567 0 567 568 0 568 535 0 535 568 0 568 536 0 536 536 0 536 568 0 568 569 0 569 536 0 536 569 0 569 537 0 537 537 0 537 569 0 569 570 0 570 537 0 537 570 0 570 538 0 538 538 0 538 570 0 570 571 0 571 538 0 538 571 0 571 539 0 539 539 0 539 571 0 571 572 0 572 539 0 539 572 0 572 540 0 540 540 0 540 572 0 572 573 0 573 540 0 540 573 0 573 541 0 541 541 0 541 573 0 573 574 0 574 541 0 541 574 0 574 542 0 542 542 0 542 574 0 574 575 0 575 542 0 542 575 0 575 543 0 543 543 0 543 575 0 575 576 0 576 543 0 543 576 0 576 544 0 544 544 0 544 576 0 576 577 0 577 544 0 544 577 0 577 545 0 545 545 0 545 577 0 577 578 0 578 545 0 545 578 0 578 546 0 546 546 0 546 578 0 578 579 0 579 546 0 546 579 0 579 547 0 547 547 0 547 579 0 579 580 0 580 547 0 547 580 0 580 548 0 548 548 0 548 580 0 580 581 0 581 548 0 548 581 0 581 549 0 549 549 0 549 581 0 581 582 0 582 549 0 549 582 0 582 550 0 550 550 0 550 582 0 582 583 0 583 550 0 550 583 0 583 551 0 551 551 0 551 583 0 583 584 0 584 551 0 551 584 0 584 552 0 552 552 0 552 584 0 584 585 0 585 552 0 552 585 0 585 553 0 553 553 0 553 585 0 585 586 0 586 553 0 553 586 0 586 554 0 554 554 0 554 586 0 586 587 0 587 554 0 554 587 0 587 555 0 555 555 0 555 587 0 587 588 0 588 555 0 555 588 0 588 556 0 556 556 0 556 588 0 588 589 0 589 556 0 556 589 0 589 557 0 557 557 0 557 589 0 589 590 0 590 557 0 557 590 0 590 558 0 558 558 0 558 590 0 590 591 0 591 558 0 558 591 0 591 559 0 559 559 0 559 591 0 591 592 0 592 559 0 559 592 0 592 560 0 560 560 0 560 592 0 592 593 0 593 561 0 561 594 0 594 562 0 562 562 0 562 594 0 594 595 0 595 562 0 562 595 0 595 563 0 563 563 0 563 595 0 595 596 0 596 563 0 563 596 0 596 564 0 564 564 0 564 596 0 596 597 0 597 564 0 564 597 0 597 565 0 565 565 0 565 597 0 597 598 0 598 565 0 565 598 0 598 566 0 566 566 0 566 598 0 598 599 0 599 566 0 566 599 0 599 567 0 567 567 0 567 599 0 599 600 0 600 567 0 567 600 0 600 568 0 568 568 0 568 600 0 600 601 0 601 568 0 568 601 0 601 569 0 569 569 0 569 601 0 601 602 0 602 569 0 569 602 0 602 570 0 570 570 0 570 602 0 602 603 0 603 570 0 570 603 0 603 571 0 571 571 0 571 603 0 603 604 0 604 571 0 571 604 0 604 572 0 572 572 0 572 604 0 604 605 0 605 572 0 572 605 0 605 573 0 573 573 0 573 605 0 605 606 0 606 573 0 573 606 0 606 574 0 574 574 0 574 606 0 606 607 0 607 574 0 574 607 0 607 575 0 575 575 0 575 607 0 607 608 0 608 575 0 575 608 0 608 576 0 576 576 0 576 608 0 608 609 0 609 576 0 576 609 0 609 577 0 577 577 0 577 609 0 609 610 0 610 577 0 577 610 0 610 578 0 578 578 0 578 610 0 610 611 0 611 578 0 578 611 0 611 579 0 579 579 0 579 611 0 611 612 0 612 579 0 579 612 0 612 580 0 580 580 0 580 612 0 612 613 0 613 580 0 580 613 0 613 581 0 581 581 0 581 613 0 613 614 0 614 581 0 581 614 0 614 582 0 582 582 0 582 614 0 614 615 0 615 582 0 582 615 0 615 583 0 583 583 0 583 615 0 615 616 0 616 583 0 583 616 0 616 584 0 584 584 0 584 616 0 616 617 0 617 584 0 584 617 0 617 585 0 585 585 0 585 617 0 617 618 0 618 585 0 585 618 0 618 586 0 586 586 0 586 618 0 618 619 0 619 586 0 586 619 0 619 587 0 587 587 0 587 619 0 619 620 0 620 587 0 587 620 0 620 588 0 588 588 0 588 620 0 620 621 0 621 588 0 588 621 0 621 589 0 589 589 0 589 621 0 621 622 0 622 589 0 589 622 0 622 590 0 590 590 0 590 622 0 622 623 0 623 590 0 590 623 0 623 591 0 591 591 0 591 623 0 623 624 0 624 591 0 591 624 0 624 592 0 592 592 0 592 624 0 624 625 0 625 592 0 592 625 0 625 593 0 593 593 0 593 625 0 625 626 0 626 594 0 594 627 0 627 595 0 595 595 0 595 627 0 627 628 0 628 595 0 595 628 0 628 596 0 596 596 0 596 628 0 628 629 0 629 596 0 596 629 0 629 597 0 597 597 0 597 629 0 629 630 0 630 597 0 597 630 0 630 598 0 598 598 0 598 630 0 630 631 0 631 598 0 598 631 0 631 599 0 599 599 0 599 631 0 631 632 0 632 599 0 599 632 0 632 600 0 600 600 0 600 632 0 632 633 0 633 600 0 600 633 0 633 601 0 601 601 0 601 633 0 633 634 0 634 601 0 601 634 0 634 602 0 602 602 0 602 634 0 634 635 0 635 602 0 602 635 0 635 603 0 603 603 0 603 635 0 635 636 0 636 603 0 603 636 0 636 604 0 604 604 0 604 636 0 636 637 0 637 604 0 604 637 0 637 605 0 605 605 0 605 637 0 637 638 0 638 605 0 605 638 0 638 606 0 606 606 0 606 638 0 638 639 0 639 606 0 606 639 0 639 607 0 607 607 0 607 639 0 639 640 0 640 607 0 607 640 0 640 608 0 608 608 0 608 640 0 640 641 0 641 608 0 608 641 0 641 609 0 609 609 0 609 641 0 641 642 0 642 609 0 609 642 0 642 610 0 610 610 0 610 642 0 642 643 0 643 610 0 610 643 0 643 611 0 611 611 0 611 643 0 643 644 0 644 611 0 611 644 0 644 612 0 612 612 0 612 644 0 644 645 0 645 612 0 612 645 0 645 613 0 613 613 0 613 645 0 645 646 0 646 613 0 613 646 0 646 614 0 614 614 0 614 646 0 646 647 0 647 614 0 614 647 0 647 615 0 615 615 0 615 647 0 647 648 0 648 615 0 615 648 0 648 616 0 616 616 0 616 648 0 648 649 0 649 616 0 616 649 0 649 617 0 617 617 0 617 649 0 649 650 0 650 617 0 617 650 0 650 618 0 618 618 0 618 650 0 650 651 0 651 618 0 618 651 0 651 619 0 619 619 0 619 651 0 651 652 0 652 619 0 619 652 0 652 620 0 620 620 0 620 652 0 652 653 0 653 620 0 620 653 0 653 621 0 621 621 0 621 653 0 653 654 0 654 621 0 621 654 0 654 622 0 622 622 0 622 654 0 654 655 0 655 622 0 622 655 0 655 623 0 623 623 0 623 655 0 655 656 0 656 623 0 623 656 0 656 624 0 624 624 0 624 656 0 656 657 0 657 624 0 624 657 0 657 625 0 625 625 0 625 657 0 657 658 0 658 625 0 625 658 0 658 626 0 626 626 0 626 658 0 658 659 0 659 627 0 627 660 0 660 628 0 628 628 0 628 660 0 660 661 0 661 628 0 628 661 0 661 629 0 629 629 0 629 661 0 661 662 0 662 629 0 629 662 0 662 630 0 630 630 0 630 662 0 662 663 0 663 630 0 630 663 0 663 631 0 631 631 0 631 663 0 663 664 0 664 631 0 631 664 0 664 632 0 632 632 0 632 664 0 664 665 0 665 632 0 632 665 0 665 633 0 633 633 0 633 665 0 665 666 0 666 633 0 633 666 0 666 634 0 634 634 0 634 666 0 666 667 0 667 634 0 634 667 0 667 635 0 635 635 0 635 667 0 667 668 0 668 635 0 635 668 0 668 636 0 636 636 0 636 668 0 668 669 0 669 636 0 636 669 0 669 637 0 637 637 0 637 669 0 669 670 0 670 637 0 637 670 0 670 638 0 638 638 0 638 670 0 670 671 0 671 638 0 638 671 0 671 639 0 639 639 0 639 671 0 671 672 0 672 639 0 639 672 0 672 640 0 640 640 0 640 672 0 672 673 0 673 640 0 640 673 0 673 641 0 641 641 0 641 673 0 673 674 0 674 641 0 641 674 0 674 642 0 642 642 0 642 674 0 674 675 0 675 642 0 642 675 0 675 643 0 643 643 0 643 675 0 675 676 0 676 643 0 643 676 0 676 644 0 644 644 0 644 676 0 676 677 0 677 644 0 644 677 0 677 645 0 645 645 0 645 677 0 677 678 0 678 645 0 645 678 0 678 646 0 646 646 0 646 678 0 678 679 0 679 646 0 646 679 0 679 647 0 647 647 0 647 679 0 679 680 0 680 647 0 647 680 0 680 648 0 648 648 0 648 680 0 680 681 0 681 648 0 648 681 0 681 649 0 649 649 0 649 681 0 681 682 0 682 649 0 649 682 0 682 650 0 650 650 0 650 682 0 682 683 0 683 650 0 650 683 0 683 651 0 651 651 0 651 683 0 683 684 0 684 651 0 651 684 0 684 652 0 652 652 0 652 684 0 684 685 0 685 652 0 652 685 0 685 653 0 653 653 0 653 685 0 685 686 0 686 653 0 653 686 0 686 654 0 654 654 0 654 686 0 686 687 0 687 654 0 654 687 0 687 655 0 655 655 0 655 687 0 687 688 0 688 655 0 655 688 0 688 656 0 656 656 0 656 688 0 688 689 0 689 656 0 656 689 0 689 657 0 657 657 0 657 689 0 689 690 0 690 657 0 657 690 0 690 658 0 658 658 0 658 690 0 690 691 0 691 658 0 658 691 0 691 659 0 659 659 0 659 691 0 691 692 0 692 660 0 660 693 0 693 661 0 661 661 0 661 693 0 693 694 0 694 661 0 661 694 0 694 662 0 662 662 0 662 694 0 694 695 0 695 662 0 662 695 0 695 663 0 663 663 0 663 695 0 695 696 0 696 663 0 663 696 0 696 664 0 664 664 0 664 696 0 696 697 0 697 664 0 664 697 0 697 665 0 665 665 0 665 697 0 697 698 0 698 665 0 665 698 0 698 666 0 666 666 0 666 698 0 698 699 0 699 666 0 666 699 0 699 667 0 667 667 0 667 699 0 699 700 0 700 667 0 667 700 0 700 668 0 668 668 0 668 700 0 700 701 0 701 668 0 668 701 0 701 669 0 669 669 0 669 701 0 701 702 0 702 669 0 669 702 0 702 670 0 670 670 0 670 702 0 702 703 0 703 670 0 670 703 0 703 671 0 671 671 0 671 703 0 703 704 0 704 671 0 671 704 0 704 672 0 672 672 0 672 704 0 704 705 0 705 672 0 672 705 0 705 673 0 673 673 0 673 705 0 705 706 0 706 673 0 673 706 0 706 674 0 674 674 0 674 706 0 706 707 0 707 674 0 674 707 0 707 675 0 675 675 0 675 707 0 707 708 0 708 675 0 675 708 0 708 676 0 676 676 0 676 708 0 708 709 0 709 676 0 676 709 0 709 677 0 677 677 0 677 709 0 709 710 0 710 677 0 677 710 0 710 678 0 678 678 0 678 710 0 710 711 0 711 678 0 678 711 0 711 679 0 679 679 0 679 711 0 711 712 0 712 679 0 679 712 0 712 680 0 680 680 0 680 712 0 712 713 0 713 680 0 680 713 0 713 681 0 681 681 0 681 713 0 713 714 0 714 681 0 681 714 0 714 682 0 682 682 0 682 714 0 714 715 0 715 682 0 682 715 0 715 683 0 683 683 0 683 715 0 715 716 0 716 683 0 683 716 0 716 684 0 684 684 0 684 716 0 716 717 0 717 684 0 684 717 0 717 685 0 685 685 0 685 717 0 717 718 0 718 685 0 685 718 0 718 686 0 686 686 0 686 718 0 718 719 0 719 686 0 686 719 0 719 687 0 687 687 0 687 719 0 719 720 0 720 687 0 687 720 0 720 688 0 688 688 0 688 720 0 720 721 0 721 688 0 688 721 0 721 689 0 689 689 0 689 721 0 721 722 0 722 689 0 689 722 0 722 690 0 690 690 0 690 722 0 722 723 0 723 690 0 690 723 0 723 691 0 691 691 0 691 723 0 723 724 0 724 691 0 691 724 0 724 692 0 692 692 0 692 724 0 724 725 0 725 693 0 693 726 0 726 694 0 694 694 0 694 726 0 726 727 0 727 694 0 694 727 0 727 695 0 695 695 0 695 727 0 727 728 0 728 695 0 695 728 0 728 696 0 696 696 0 696 728 0 728 729 0 729 696 0 696 729 0 729 697 0 697 697 0 697 729 0 729 730 0 730 697 0 697 730 0 730 698 0 698 698 0 698 730 0 730 731 0 731 698 0 698 731 0 731 699 0 699 699 0 699 731 0 731 732 0 732 699 0 699 732 0 732 700 0 700 700 0 700 732 0 732 733 0 733 700 0 700 733 0 733 701 0 701 701 0 701 733 0 733 734 0 734 701 0 701 734 0 734 702 0 702 702 0 702 734 0 734 735 0 735 702 0 702 735 0 735 703 0 703 703 0 703 735 0 735 736 0 736 703 0 703 736 0 736 704 0 704 704 0 704 736 0 736 737 0 737 704 0 704 737 0 737 705 0 705 705 0 705 737 0 737 738 0 738 705 0 705 738 0 738 706 0 706 706 0 706 738 0 738 739 0 739 706 0 706 739 0 739 707 0 707 707 0 707 739 0 739 740 0 740 707 0 707 740 0 740 708 0 708 708 0 708 740 0 740 741 0 741 708 0 708 741 0 741 709 0 709 709 0 709 741 0 741 742 0 742 709 0 709 742 0 742 710 0 710 710 0 710 742 0 742 743 0 743 710 0 710 743 0 743 711 0 711 711 0 711 743 0 743 744 0 744 711 0 711 744 0 744 712 0 712 712 0 712 744 0 744 745 0 745 712 0 712 745 0 745 713 0 713 713 0 713 745 0 745 746 0 746 713 0 713 746 0 746 714 0 714 714 0 714 746 0 746 747 0 747 714 0 714 747 0 747 715 0 715 715 0 715 747 0 747 748 0 748 715 0 715 748 0 748 716 0 716 716 0 716 748 0 748 749 0 749 716 0 716 749 0 749 717 0 717 717 0 717 749 0 749 750 0 750 717 0 717 750 0 750 718 0 718 718 0 718 750 0 750 751 0 751 718 0 718 751 0 751 719 0 719 719 0 719 751 0 751 752 0 752 719 0 719 752 0 752 720 0 720 720 0 720 752 0 752 753 0 753 720 0 720 753 0 753 721 0 721 721 0 721 753 0 753 754 0 754 721 0 721 754 0 754 722 0 722 722 0 722 754 0 754 755 0 755 722 0 722 755 0 755 723 0 723 723 0 723 755 0 755 756 0 756 723 0 723 756 0 756 724 0 724 724 0 724 756 0 756 757 0 757 724 0 724 757 0 757 725 0 725 725 0 725 757 0 757 758 0 758 726 0 726 759 0 759 727 0 727 727 0 727 759 0 759 760 0 760 727 0 727 760 0 760 728 0 728 728 0 728 760 0 760 761 0 761 728 0 728 761 0 761 729 0 729 729 0 729 761 0 761 762 0 762 729 0 729 762 0 762 730 0 730 730 0 730 762 0 762 763 0 763 730 0 730 763 0 763 731 0 731 731 0 731 763 0 763 764 0 764 731 0 731 764 0 764 732 0 732 732 0 732 764 0 764 765 0 765 732 0 732 765 0 765 733 0 733 733 0 733 765 0 765 766 0 766 733 0 733 766 0 766 734 0 734 734 0 734 766 0 766 767 0 767 734 0 734 767 0 767 735 0 735 735 0 735 767 0 767 768 0 768 735 0 735 768 0 768 736 0 736 736 0 736 768 0 768 769 0 769 736 0 736 769 0 769 737 0 737 737 0 737 769 0 769 770 0 770 737 0 737 770 0 770 738 0 738 738 0 738 770 0 770 771 0 771 738 0 738 771 0 771 739 0 739 739 0 739 771 0 771 772 0 772 739 0 739 772 0 772 740 0 740 740 0 740 772 0 772 773 0 773 740 0 740 773 0 773 741 0 741 741 0 741 773 0 773 774 0 774 741 0 741 774 0 774 742 0 742 742 0 742 774 0 774 775 0 775 742 0 742 775 0 775 743 0 743 743 0 743 775 0 775 776 0 776 743 0 743 776 0 776 744 0 744 744 0 744 776 0 776 777 0 777 744 0 744 777 0 777 745 0 745 745 0 745 777 0 777 778 0 778 745 0 745 778 0 778 746 0 746 746 0 746 778 0 778 779 0 779 746 0 746 779 0 779 747 0 747 747 0 747 779 0 779 780 0 780 747 0 747 780 0 780 748 0 748 748 0 748 780 0 780 781 0 781 748 0 748 781 0 781 749 0 749 749 0 749 781 0 781 782 0 782 749 0 749 782 0 782 750 0 750 750 0 750 782 0 782 783 0 783 750 0 750 783 0 783 751 0 751 751 0 751 783 0 783 784 0 784 751 0 751 784 0 784 752 0 752 752 0 752 784 0 784 785 0 785 752 0 752 785 0 785 753 0 753 753 0 753 785 0 785 786 0 786 753 0 753 786 0 786 754 0 754 754 0 754 786 0 786 787 0 787 754 0 754 787 0 787 755 0 755 755 0 755 787 0 787 788 0 788 755 0 755 788 0 788 756 0 756 756 0 756 788 0 788 789 0 789 756 0 756 789 0 789 757 0 757 757 0 757 789 0 789 790 0 790 757 0 757 790 0 790 758 0 758 758 0 758 790 0 790 791 0 791 759 0 759 792 0 792 760 0 760 760 0 760 792 0 792 793 0 793 760 0 760 793 0 793 761 0 761 761 0 761 793 0 793 794 0 794 761 0 761 794 0 794 762 0 762 762 0 762 794 0 794 795 0 795 762 0 762 795 0 795 763 0 763 763 0 763 795 0 795 796 0 796 763 0 763 796 0 796 764 0 764 764 0 764 796 0 796 797 0 797 764 0 764 797 0 797 765 0 765 765 0 765 797 0 797 798 0 798 765 0 765 798 0 798 766 0 766 766 0 766 798 0 798 799 0 799 766 0 766 799 0 799 767 0 767 767 0 767 799 0 799 800 0 800 767 0 767 800 0 800 768 0 768 768 0 768 800 0 800 801 0 801 768 0 768 801 0 801 769 0 769 769 0 769 801 0 801 802 0 802 769 0 769 802 0 802 770 0 770 770 0 770 802 0 802 803 0 803 770 0 770 803 0 803 771 0 771 771 0 771 803 0 803 804 0 804 771 0 771 804 0 804 772 0 772 772 0 772 804 0 804 805 0 805 772 0 772 805 0 805 773 0 773 773 0 773 805 0 805 806 0 806 773 0 773 806 0 806 774 0 774 774 0 774 806 0 806 807 0 807 774 0 774 807 0 807 775 0 775 775 0 775 807 0 807 808 0 808 775 0 775 808 0 808 776 0 776 776 0 776 808 0 808 809 0 809 776 0 776 809 0 809 777 0 777 777 0 777 809 0 809 810 0 810 777 0 777 810 0 810 778 0 778 778 0 778 810 0 810 811 0 811 778 0 778 811 0 811 779 0 779 779 0 779 811 0 811 812 0 812 779 0 779 812 0 812 780 0 780 780 0 780 812 0 812 813 0 813 780 0 780 813 0 813 781 0 781 781 0 781 813 0 813 814 0 814 781 0 781 814 0 814 782 0 782 782 0 782 814 0 814 815 0 815 782 0 782 815 0 815 783 0 783 783 0 783 815 0 815 816 0 816 783 0 783 816 0 816 784 0 784 784 0 784 816 0 816 817 0 817 784 0 784 817 0 817 785 0 785 785 0 785 817 0 817 818 0 818 785 0 785 818 0 818 786 0 786 786 0 786 818 0 818 819 0 819 786 0 786 819 0 819 787 0 787 787 0 787 819 0 819 820 0 820 787 0 787 820 0 820 788 0 788 788 0 788 820 0 820 821 0 821 788 0 788 821 0 821 789 0 789 789 0 789 821 0 821 822 0 822 789 0 789 822 0 822 790 0 790 790 0 790 822 0 822 823 0 823 790 0 790 823 0 823 791 0 791 791 0 791 823 0 823 824 0 824 792 0 792 825 0 825 793 0 793 793 0 793 825 0 825 826 0 826 793 0 793 826 0 826 794 0 794 794 0 794 826 0 826 827 0 827 794 0 794 827 0 827 795 0 795 795 0 795 827 0 827 828 0 828 795 0 795 828 0 828 796 0 796 796 0 796 828 0 828 829 0 829 796 0 796 829 0 829 797 0 797 797 0 797 829 0 829 830 0 830 797 0 797 830 0 830 798 0 798 798 0 798 830 0 830 831 0 831 798 0 798 831 0 831 799 0 799 799 0 799 831 0 831 832 0 832 799 0 799 832 0 832 800 0 800 800 0 800 832 0 832 833 0 833 800 0 800 833 0 833 801 0 801 801 0 801 833 0 833 834 0 834 801 0 801 834 0 834 802 0 802 802 0 802 834 0 834 835 0 835 802 0 802 835 0 835 803 0 803 803 0 803 835 0 835 836 0 836 803 0 803 836 0 836 804 0 804 804 0 804 836 0 836 837 0 837 804 0 804 837 0 837 805 0 805 805 0 805 837 0 837 838 0 838 805 0 805 838 0 838 806 0 806 806 0 806 838 0 838 839 0 839 806 0 806 839 0 839 807 0 807 807 0 807 839 0 839 840 0 840 807 0 807 840 0 840 808 0 808 808 0 808 840 0 840 841 0 841 808 0 808 841 0 841 809 0 809 809 0 809 841 0 841 842 0 842 809 0 809 842 0 842 810 0 810 810 0 810 842 0 842 843 0 843 810 0 810 843 0 843 811 0 811 811 0 811 843 0 843 844 0 844 811 0 811 844 0 844 812 0 812 812 0 812 844 0 844 845 0 845 812 0 812 845 0 845 813 0 813 813 0 813 845 0 845 846 0 846 813 0 813 846 0 846 814 0 814 814 0 814 846 0 846 847 0 847 814 0 814 847 0 847 815 0 815 815 0 815 847 0 847 848 0 848 815 0 815 848 0 848 816 0 816 816 0 816 848 0 848 849 0 849 816 0 816 849 0 849 817 0 817 817 0 817 849 0 849 850 0 850 817 0 817 850 0 850 818 0 818 818 0 818 850 0 850 851 0 851 818 0 818 851 0 851 819 0 819 819 0 819 851 0 851 852 0 852 819 0 819 852 0 852 820 0 820 820 0 820 852 0 852 853 0 853 820 0 820 853 0 853 821 0 821 821 0 821 853 0 853 854 0 854 821 0 821 854 0 854 822 0 822 822 0 822 854 0 854 855 0 855 822 0 822 855 0 855 823 0 823 823 0 823 855 0 855 856 0 856 823 0 823 856 0 856 824 0 824 824 0 824 856 0 856 857 0 857 825 0 825 858 0 858 826 0 826 826 0 826 858 0 858 859 0 859 826 0 826 859 0 859 827 0 827 827 0 827 859 0 859 860 0 860 827 0 827 860 0 860 828 0 828 828 0 828 860 0 860 861 0 861 828 0 828 861 0 861 829 0 829 829 0 829 861 0 861 862 0 862 829 0 829 862 0 862 830 0 830 830 0 830 862 0 862 863 0 863 830 0 830 863 0 863 831 0 831 831 0 831 863 0 863 864 0 864 831 0 831 864 0 864 832 0 832 832 0 832 864 0 864 865 0 865 832 0 832 865 0 865 833 0 833 833 0 833 865 0 865 866 0 866 833 0 833 866 0 866 834 0 834 834 0 834 866 0 866 867 0 867 834 0 834 867 0 867 835 0 835 835 0 835 867 0 867 868 0 868 835 0 835 868 0 868 836 0 836 836 0 836 868 0 868 869 0 869 836 0 836 869 0 869 837 0 837 837 0 837 869 0 869 870 0 870 837 0 837 870 0 870 838 0 838 838 0 838 870 0 870 871 0 871 838 0 838 871 0 871 839 0 839 839 0 839 871 0 871 872 0 872 839 0 839 872 0 872 840 0 840 840 0 840 872 0 872 873 0 873 840 0 840 873 0 873 841 0 841 841 0 841 873 0 873 874 0 874 841 0 841 874 0 874 842 0 842 842 0 842 874 0 874 875 0 875 842 0 842 875 0 875 843 0 843 843 0 843 875 0 875 876 0 876 843 0 843 876 0 876 844 0 844 844 0 844 876 0 876 877 0 877 844 0 844 877 0 877 845 0 845 845 0 845 877 0 877 878 0 878 845 0 845 878 0 878 846 0 846 846 0 846 878 0 878 879 0 879 846 0 846 879 0 879 847 0 847 847 0 847 879 0 879 880 0 880 847 0 847 880 0 880 848 0 848 848 0 848 880 0 880 881 0 881 848 0 848 881 0 881 849 0 849 849 0 849 881 0 881 882 0 882 849 0 849 882 0 882 850 0 850 850 0 850 882 0 882 883 0 883 850 0 850 883 0 883 851 0 851 851 0 851 883 0 883 884 0 884 851 0 851 884 0 884 852 0 852 852 0 852 884 0 884 885 0 885 852 0 852 885 0 885 853 0 853 853 0 853 885 0 885 886 0 886 853 0 853 886 0 886 854 0 854 854 0 854 886 0 886 887 0 887 854 0 854 887 0 887 855 0 855 855 0 855 887 0 887 888 0 888 855 0 855 888 0 888 856 0 856 856 0 856 888 0 888 889 0 889 856 0 856 889 0 889 857 0 857 857 0 857 889 0 889 890 0 890 858 0 858 891 0 891 859 0 859 859 0 859 891 0 891 892 0 892 859 0 859 892 0 892 860 0 860 860 0 860 892 0 892 893 0 893 860 0 860 893 0 893 861 0 861 861 0 861 893 0 893 894 0 894 861 0 861 894 0 894 862 0 862 862 0 862 894 0 894 895 0 895 862 0 862 895 0 895 863 0 863 863 0 863 895 0 895 896 0 896 863 0 863 896 0 896 864 0 864 864 0 864 896 0 896 897 0 897 864 0 864 897 0 897 865 0 865 865 0 865 897 0 897 898 0 898 865 0 865 898 0 898 866 0 866 866 0 866 898 0 898 899 0 899 866 0 866 899 0 899 867 0 867 867 0 867 899 0 899 900 0 900 867 0 867 900 0 900 868 0 868 868 0 868 900 0 900 901 0 901 868 0 868 901 0 901 869 0 869 869 0 869 901 0 901 902 0 902 869 0 869 902 0 902 870 0 870 870 0 870 902 0 902 903 0 903 870 0 870 903 0 903 871 0 871 871 0 871 903 0 903 904 0 904 871 0 871 904 0 904 872 0 872 872 0 872 904 0 904 905 0 905 872 0 872 905 0 905 873 0 873 873 0 873 905 0 905 906 0 906 873 0 873 906 0 906 874 0 874 874 0 874 906 0 906 907 0 907 874 0 874 907 0 907 875 0 875 875 0 875 907 0 907 908 0 908 875 0 875 908 0 908 876 0 876 876 0 876 908 0 908 909 0 909 876 0 876 909 0 909 877 0 877 877 0 877 909 0 909 910 0 910 877 0 877 910 0 910 878 0 878 878 0 878 910 0 910 911 0 911 878 0 878 911 0 911 879 0 879 879 0 879 911 0 911 912 0 912 879 0 879 912 0 912 880 0 880 880 0 880 912 0 912 913 0 913 880 0 880 913 0 913 881 0 881 881 0 881 913 0 913 914 0 914 881 0 881 914 0 914 882 0 882 882 0 882 914 0 914 915 0 915 882 0 882 915 0 915 883 0 883 883 0 883 915 0 915 916 0 916 883 0 883 916 0 916 884 0 884 884 0 884 916 0 916 917 0 917 884 0 884 917 0 917 885 0 885 885 0 885 917 0 917 918 0 918 885 0 885 918 0 918 886 0 886 886 0 886 918 0 918 919 0 919 886 0 886 919 0 919 887 0 887 887 0 887 919 0 919 920 0 920 887 0 887 920 0 920 888 0 888 888 0 888 920 0 920 921 0 921 888 0 888 921 0 921 889 0 889 889 0 889 921 0 921 922 0 922 889 0 889 922 0 922 890 0 890 890 0 890 922 0 922 923 0 923 891 0 891 924 0 924 892 0 892 892 0 892 924 0 924 925 0 925 892 0 892 925 0 925 893 0 893 893 0 893 925 0 925 926 0 926 893 0 893 926 0 926 894 0 894 894 0 894 926 0 926 927 0 927 894 0 894 927 0 927 895 0 895 895 0 895 927 0 927 928 0 928 895 0 895 928 0 928 896 0 896 896 0 896 928 0 928 929 0 929 896 0 896 929 0 929 897 0 897 897 0 897 929 0 929 930 0 930 897 0 897 930 0 930 898 0 898 898 0 898 930 0 930 931 0 931 898 0 898 931 0 931 899 0 899 899 0 899 931 0 931 932 0 932 899 0 899 932 0 932 900 0 900 900 0 900 932 0 932 933 0 933 900 0 900 933 0 933 901 0 901 901 0 901 933 0 933 934 0 934 901 0 901 934 0 934 902 0 902 902 0 902 934 0 934 935 0 935 902 0 902 935 0 935 903 0 903 903 0 903 935 0 935 936 0 936 903 0 903 936 0 936 904 0 904 904 0 904 936 0 936 937 0 937 904 0 904 937 0 937 905 0 905 905 0 905 937 0 937 938 0 938 905 0 905 938 0 938 906 0 906 906 0 906 938 0 938 939 0 939 906 0 906 939 0 939 907 0 907 907 0 907 939 0 939 940 0 940 907 0 907 940 0 940 908 0 908 908 0 908 940 0 940 941 0 941 908 0 908 941 0 941 909 0 909 909 0 909 941 0 941 942 0 942 909 0 909 942 0 942 910 0 910 910 0 910 942 0 942 943 0 943 910 0 910 943 0 943 911 0 911 911 0 911 943 0 943 944 0 944 911 0 911 944 0 944 912 0 912 912 0 912 944 0 944 945 0 945 912 0 912 945 0 945 913 0 913 913 0 913 945 0 945 946 0 946 913 0 913 946 0 946 914 0 914 914 0 914 946 0 946 947 0 947 914 0 914 947 0 947 915 0 915 915 0 915 947 0 947 948 0 948 915 0 915 948 0 948 916 0 916 916 0 916 948 0 948 949 0 949 916 0 916 949 0 949 917 0 917 917 0 917 949 0 949 950 0 950 917 0 917 950 0 950 918 0 918 918 0 918 950 0 950 951 0 951 918 0 918 951 0 951 919 0 919 919 0 919 951 0 951 952 0 952 919 0 919 952 0 952 920 0 920 920 0 920 952 0 952 953 0 953 920 0 920 953 0 953 921 0 921 921 0 921 953 0 953 954 0 954 921 0 921 954 0 954 922 0 922 922 0 922 954 0 954 955 0 955 922 0 922 955 0 955 923 0 923 923 0 923 955 0 955 956 0 956 924 0 924 957 0 957 925 0 925 925 0 925 957 0 957 958 0 958 925 0 925 958 0 958 926 0 926 926 0 926 958 0 958 959 0 959 926 0 926 959 0 959 927 0 927 927 0 927 959 0 959 960 0 960 927 0 927 960 0 960 928 0 928 928 0 928 960 0 960 961 0 961 928 0 928 961 0 961 929 0 929 929 0 929 961 0 961 962 0 962 929 0 929 962 0 962 930 0 930 930 0 930 962 0 962 963 0 963 930 0 930 963 0 963 931 0 931 931 0 931 963 0 963 964 0 964 931 0 931 964 0 964 932 0 932 932 0 932 964 0 964 965 0 965 932 0 932 965 0 965 933 0 933 933 0 933 965 0 965 966 0 966 933 0 933 966 0 966 934 0 934 934 0 934 966 0 966 967 0 967 934 0 934 967 0 967 935 0 935 935 0 935 967 0 967 968 0 968 935 0 935 968 0 968 936 0 936 936 0 936 968 0 968 969 0 969 936 0 936 969 0 969 937 0 937 937 0 937 969 0 969 970 0 970 937 0 937 970 0 970 938 0 938 938 0 938 970 0 970 971 0 971 938 0 938 971 0 971 939 0 939 939 0 939 971 0 971 972 0 972 939 0 939 972 0 972 940 0 940 940 0 940 972 0 972 973 0 973 940 0 940 973 0 973 941 0 941 941 0 941 973 0 973 974 0 974 941 0 941 974 0 974 942 0 942 942 0 942 974 0 974 975 0 975 942 0 942 975 0 975 943 0 943 943 0 943 975 0 975 976 0 976 943 0 943 976 0 976 944 0 944 944 0 944 976 0 976 977 0 977 944 0 944 977 0 977 945 0 945 945 0 945 977 0 977 978 0 978 945 0 945 978 0 978 946 0 946 946 0 946 978 0 978 979 0 979 946 0 946 979 0 979 947 0 947 947 0 947 979 0 979 980 0 980 947 0 947 980 0 980 948 0 948 948 0 948 980 0 980 981 0 981 948 0 948 981 0 981 949 0 949 949 0 949 981 0 981 982 0 982 949 0 949 982 0 982 950 0 950 950 0 950 982 0 982 983 0 983 950 0 950 983 0 983 951 0 951 951 0 951 983 0 983 984 0 984 951 0 951 984 0 984 952 0 952 952 0 952 984 0 984 985 0 985 952 0 952 985 0 985 953 0 953 953 0 953 985 0 985 986 0 986 953 0 953 986 0 986 954 0 954 954 0 954 986 0 986 987 0 987 954 0 954 987 0 987 955 0 955 955 0 955 987 0 987 988 0 988 955 0 955 988 0 988 956 0 956 956 0 956 988 0 988 989 0 989 957 0 957 990 0 990 958 0 958 958 0 958 990 0 990 991 0 991 958 0 958 991 0 991 959 0 959 959 0 959 991 0 991 992 0 992 959 0 959 992 0 992 960 0 960 960 0 960 992 0 992 993 0 993 960 0 960 993 0 993 961 0 961 961 0 961 993 0 993 994 0 994 961 0 961 994 0 994 962 0 962 962 0 962 994 0 994 995 0 995 962 0 962 995 0 995 963 0 963 963 0 963 995 0 995 996 0 996 963 0 963 996 0 996 964 0 964 964 0 964 996 0 996 997 0 997 964 0 964 997 0 997 965 0 965 965 0 965 997 0 997 998 0 998 965 0 965 998 0 998 966 0 966 966 0 966 998 0 998 999 0 999 966 0 966 999 0 999 967 0 967 967 0 967 999 0 999 1000 0 1000 967 0 967 1000 0 1000 968 0 968 968 0 968 1000 0 1000 1001 0 1001 968 0 968 1001 0 1001 969 0 969 969 0 969 1001 0 1001 1002 0 1002 969 0 969 1002 0 1002 970 0 970 970 0 970 1002 0 1002 1003 0 1003 970 0 970 1003 0 1003 971 0 971 971 0 971 1003 0 1003 1004 0 1004 971 0 971 1004 0 1004 972 0 972 972 0 972 1004 0 1004 1005 0 1005 972 0 972 1005 0 1005 973 0 973 973 0 973 1005 0 1005 1006 0 1006 973 0 973 1006 0 1006 974 0 974 974 0 974 1006 0 1006 1007 0 1007 974 0 974 1007 0 1007 975 0 975 975 0 975 1007 0 1007 1008 0 1008 975 0 975 1008 0 1008 976 0 976 976 0 976 1008 0 1008 1009 0 1009 976 0 976 1009 0 1009 977 0 977 977 0 977 1009 0 1009 1010 0 1010 977 0 977 1010 0 1010 978 0 978 978 0 978 1010 0 1010 1011 0 1011 978 0 978 1011 0 1011 979 0 979 979 0 979 1011 0 1011 1012 0 1012 979 0 979 1012 0 1012 980 0 980 980 0 980 1012 0 1012 1013 0 1013 980 0 980 1013 0 1013 981 0 981 981 0 981 1013 0 1013 1014 0 1014 981 0 981 1014 0 1014 982 0 982 982 0 982 1014 0 1014 1015 0 1015 982 0 982 1015 0 1015 983 0 983 983 0 983 1015 0 1015 1016 0 1016 983 0 983 1016 0 1016 984 0 984 984 0 984 1016 0 1016 1017 0 1017 984 0 984 1017 0 1017 985 0 985 985 0 985 1017 0 1017 1018 0 1018 985 0 985 1018 0 1018 986 0 986 986 0 986 1018 0 1018 1019 0 1019 986 0 986 1019 0 1019 987 0 987 987 0 987 1019 0 1019 1020 0 1020 987 0 987 1020 0 1020 988 0 988 988 0 988 1020 0 1020 1021 0 1021 988 0 988 1021 0 1021 989 0 989 989 0 989 1021 0 1021 1022 0 1022 990 0 990 1023 0 1023 991 0 991 991 0 991 1023 0 1023 1024 0 1024 991 0 991 1024 0 1024 992 0 992 992 0 992 1024 0 1024 1025 0 1025 992 0 992 1025 0 1025 993 0 993 993 0 993 1025 0 1025 1026 0 1026 993 0 993 1026 0 1026 994 0 994 994 0 994 1026 0 1026 1027 0 1027 994 0 994 1027 0 1027 995 0 995 995 0 995 1027 0 1027 1028 0 1028 995 0 995 1028 0 1028 996 0 996 996 0 996 1028 0 1028 1029 0 1029 996 0 996 1029 0 1029 997 0 997 997 0 997 1029 0 1029 1030 0 1030 997 0 997 1030 0 1030 998 0 998 998 0 998 1030 0 1030 1031 0 1031 998 0 998 1031 0 1031 999 0 999 999 0 999 1031 0 1031 1032 0 1032 999 0 999 1032 0 1032 1000 0 1000 1000 0 1000 1032 0 1032 1033 0 1033 1000 0 1000 1033 0 1033 1001 0 1001 1001 0 1001 1033 0 1033 1034 0 1034 1001 0 1001 1034 0 1034 1002 0 1002 1002 0 1002 1034 0 1034 1035 0 1035 1002 0 1002 1035 0 1035 1003 0 1003 1003 0 1003 1035 0 1035 1036 0 1036 1003 0 1003 1036 0 1036 1004 0 1004 1004 0 1004 1036 0 1036 1037 0 1037 1004 0 1004 1037 0 1037 1005 0 1005 1005 0 1005 1037 0 1037 1038 0 1038 1005 0 1005 1038 0 1038 1006 0 1006 1006 0 1006 1038 0 1038 1039 0 1039 1006 0 1006 1039 0 1039 1007 0 1007 1007 0 1007 1039 0 1039 1040 0 1040 1007 0 1007 1040 0 1040 1008 0 1008 1008 0 1008 1040 0 1040 1041 0 1041 1008 0 1008 1041 0 1041 1009 0 1009 1009 0 1009 1041 0 1041 1042 0 1042 1009 0 1009 1042 0 1042 1010 0 1010 1010 0 1010 1042 0 1042 1043 0 1043 1010 0 1010 1043 0 1043 1011 0 1011 1011 0 1011 1043 0 1043 1044 0 1044 1011 0 1011 1044 0 1044 1012 0 1012 1012 0 1012 1044 0 1044 1045 0 1045 1012 0 1012 1045 0 1045 1013 0 1013 1013 0 1013 1045 0 1045 1046 0 1046 1013 0 1013 1046 0 1046 1014 0 1014 1014 0 1014 1046 0 1046 1047 0 1047 1014 0 1014 1047 0 1047 1015 0 1015 1015 0 1015 1047 0 1047 1048 0 1048 1015 0 1015 1048 0 1048 1016 0 1016 1016 0 1016 1048 0 1048 1049 0 1049 1016 0 1016 1049 0 1049 1017 0 1017 1017 0 1017 1049 0 1049 1050 0 1050 1017 0 1017 1050 0 1050 1018 0 1018 1018 0 1018 1050 0 1050 1051 0 1051 1018 0 1018 1051 0 1051 1019 0 1019 1019 0 1019 1051 0 1051 1052 0 1052 1019 0 1019 1052 0 1052 1020 0 1020 1020 0 1020 1052 0 1052 1053 0 1053 1020 0 1020 1053 0 1053 1021 0 1021 1021 0 1021 1053 0 1053 1054 0 1054 1021 0 1021 1054 0 1054 1022 0 1022 1022 0 1022 1054 0 1054 1055 0 1055 1023 0 1023 1056 0 1056 1024 0 1024 1024 0 1024 1056 0 1056 1057 0 1057 1024 0 1024 1057 0 1057 1025 0 1025 1025 0 1025 1057 0 1057 1058 0 1058 1025 0 1025 1058 0 1058 1026 0 1026 1026 0 1026 1058 0 1058 1059 0 1059 1026 0 1026 1059 0 1059 1027 0 1027 1027 0 1027 1059 0 1059 1060 0 1060 1027 0 1027 1060 0 1060 1028 0 1028 1028 0 1028 1060 0 1060 1061 0 1061 1028 0 1028 1061 0 1061 1029 0 1029 1029 0 1029 1061 0 1061 1062 0 1062 1029 0 1029 1062 0 1062 1030 0 1030 1030 0 1030 1062 0 1062 1063 0 1063 1030 0 1030 1063 0 1063 1031 0 1031 1031 0 1031 1063 0 1063 1064 0 1064 1031 0 1031 1064 0 1064 1032 0 1032 1032 0 1032 1064 0 1064 1065 0 1065 1032 0 1032 1065 0 1065 1033 0 1033 1033 0 1033 1065 0 1065 1066 0 1066 1033 0 1033 1066 0 1066 1034 0 1034 1034 0 1034 1066 0 1066 1067 0 1067 1034 0 1034 1067 0 1067 1035 0 1035 1035 0 1035 1067 0 1067 1068 0 1068 1035 0 1035 1068 0 1068 1036 0 1036 1036 0 1036 1068 0 1068 1069 0 1069 1036 0 1036 1069 0 1069 1037 0 1037 1037 0 1037 1069 0 1069 1070 0 1070 1037 0 1037 1070 0 1070 1038 0 1038 1038 0 1038 1070 0 1070 1071 0 1071 1038 0 1038 1071 0 1071 1039 0 1039 1039 0 1039 1071 0 1071 1072 0 1072 1039 0 1039 1072 0 1072 1040 0 1040 1040 0 1040 1072 0 1072 1073 0 1073 1040 0 1040 1073 0 1073 1041 0 1041 1041 0 1041 1073 0 1073 1074 0 1074 1041 0 1041 1074 0 1074 1042 0 1042 1042 0 1042 1074 0 1074 1075 0 1075 1042 0 1042 1075 0 1075 1043 0 1043 1043 0 1043 1075 0 1075 1076 0 1076 1043 0 1043 1076 0 1076 1044 0 1044 1044 0 1044 1076 0 1076 1077 0 1077 1044 0 1044 1077 0 1077 1045 0 1045 1045 0 1045 1077 0 1077 1078 0 1078 1045 0 1045 1078 0 1078 1046 0 1046 1046 0 1046 1078 0 1078 1079 0 1079 1046 0 1046 1079 0 1079 1047 0 1047 1047 0 1047 1079 0 1079 1080 0 1080 1047 0 1047 1080 0 1080 1048 0 1048 1048 0 1048 1080 0 1080 1081 0 1081 1048 0 1048 1081 0 1081 1049 0 1049 1049 0 1049 1081 0 1081 1082 0 1082 1049 0 1049 1082 0 1082 1050 0 1050 1050 0 1050 1082 0 1082 1083 0 1083 1050 0 1050 1083 0 1083 1051 0 1051 1051 0 1051 1083 0 1083 1084 0 1084 1051 0 1051 1084 0 1084 1052 0 1052 1052 0 1052 1084 0 1084 1085 0 1085 1052 0 1052 1085 0 1085 1053 0 1053 1053 0 1053 1085 0 1085 1086 0 1086 1053 0 1053 1086 0 1086 1054 0 1054 1054 0 1054 1086 0 1086 1087 0 1087 1054 0 1054 1087 0 1087 1055 0 1055 1055 0 1055 1087 0 1087 1088 0 1088</p>
        </triangles>
      </mesh>
    </geometry>
  </library_geometries>
  <library_visual_scenes>
    <visual_scene id="Scene" name="Scene">
      <node id="mesh_L60m_N32" name="mesh_L60m_N32">
        <instance_geometry url="#mesh_L60m_N32-mesh"/>
      </node>
    </visual_scene>
  </library_visual_scenes>
  <scene>
    <instance_visual_scene url="#Scene"/>
  </scene>
</COLLADA>
